account_id,industry,plan_tier,start_date,end_date,mrr_amount,feedback_text,churn_flag,tenure_months,ticket_count,avg_usage,signup_month
A-2e4581,EdTech,Basic,2024-11-13,,1938,,0,18.0,2,11.0,2024-11
A-2e4581,EdTech,Basic,2024-11-13,,1938,switched to competitor,0,18.0,2,11.0,2024-11
A-2e4581,EdTech,Enterprise,2024-11-29,,1791,,0,17.5,2,10.3,2024-11
A-2e4581,EdTech,Enterprise,2024-11-29,,1791,switched to competitor,0,17.5,2,10.3,2024-11
A-2e4581,EdTech,Basic,2024-12-22,,836,,0,16.8,2,10.3,2024-12
A-2e4581,EdTech,Basic,2024-12-22,,836,switched to competitor,0,16.8,2,10.3,2024-12
A-2e4581,EdTech,Pro,2024-10-20,,441,,0,18.8,2,11.0,2024-10
A-2e4581,EdTech,Pro,2024-10-20,,441,switched to competitor,0,18.8,2,11.0,2024-10
A-2e4581,EdTech,Pro,2024-11-12,,980,,0,18.1,2,9.2,2024-11
A-2e4581,EdTech,Pro,2024-11-12,,980,switched to competitor,0,18.1,2,9.2,2024-11
A-2e4581,EdTech,Pro,2024-10-25,,637,,0,18.7,2,8.6,2024-10
A-2e4581,EdTech,Pro,2024-10-25,,637,switched to competitor,0,18.7,2,8.6,2024-10
A-2e4581,EdTech,Pro,2024-11-17,,0,,0,17.9,2,9.8,2024-11
A-2e4581,EdTech,Pro,2024-11-17,,0,switched to competitor,0,17.9,2,9.8,2024-11
A-2e4581,EdTech,Enterprise,2024-12-19,,5771,,0,16.9,2,9.0,2024-12
A-2e4581,EdTech,Enterprise,2024-12-19,,5771,switched to competitor,0,16.9,2,9.0,2024-12
A-2e4581,EdTech,Pro,2024-10-30,,0,,0,18.5,2,9.7,2024-10
A-2e4581,EdTech,Pro,2024-10-30,,0,switched to competitor,0,18.5,2,9.7,2024-10
A-2e4581,EdTech,Basic,2024-12-09,,209,,0,17.2,2,8.4,2024-12
A-2e4581,EdTech,Basic,2024-12-09,,209,switched to competitor,0,17.2,2,8.4,2024-12
A-43a9e3,FinTech,Basic,2023-09-20,,418,,0,31.8,3,13.5,2023-09
A-43a9e3,FinTech,Pro,2024-02-22,,882,,0,26.7,3,7.5,2024-02
A-43a9e3,FinTech,Basic,2024-03-09,,513,,0,26.2,3,8.6,2024-03
A-43a9e3,FinTech,Basic,2024-03-26,,513,,0,25.7,3,12.3,2024-03
A-43a9e3,FinTech,Basic,2023-11-29,,342,,0,29.5,3,7.0,2023-11
A-43a9e3,FinTech,Enterprise,2023-11-06,,5572,,0,30.3,3,11.8,2023-11
A-43a9e3,FinTech,Pro,2024-02-07,,882,,0,27.2,3,15.0,2024-02
A-43a9e3,FinTech,Pro,2024-07-08,,882,,0,22.2,3,13.3,2024-07
A-0a282f,DevTools,Basic,2024-10-27,,228,switched to competitor,0,18.6,3,9.3,2024-10
A-0a282f,DevTools,Basic,2024-10-27,,228,too expensive,0,18.6,3,9.3,2024-10
A-0a282f,DevTools,Basic,2024-12-20,,1140,switched to competitor,0,16.8,3,8.0,2024-12
A-0a282f,DevTools,Basic,2024-12-20,,1140,too expensive,0,16.8,3,8.0,2024-12
A-0a282f,DevTools,Enterprise,2024-10-10,,5771,switched to competitor,0,19.2,3,10.3,2024-10
A-0a282f,DevTools,Enterprise,2024-10-10,,5771,too expensive,0,19.2,3,10.3,2024-10
A-0a282f,DevTools,Pro,2024-10-08,,196,switched to competitor,0,19.2,3,8.8,2024-10
A-0a282f,DevTools,Pro,2024-10-08,,196,too expensive,0,19.2,3,8.8,2024-10
A-0a282f,DevTools,Pro,2024-11-10,,49,switched to competitor,0,18.1,3,11.0,2024-11
A-0a282f,DevTools,Pro,2024-11-10,,49,too expensive,0,18.1,3,11.0,2024-11
A-0a282f,DevTools,Pro,2024-12-20,,2695,switched to competitor,0,16.8,3,12.0,2024-12
A-0a282f,DevTools,Pro,2024-12-20,,2695,too expensive,0,16.8,3,12.0,2024-12
A-0a282f,DevTools,Enterprise,2024-09-28,2024-12-16,1194,switched to competitor,1,2.6,3,9.4,2024-09
A-0a282f,DevTools,Enterprise,2024-09-28,2024-12-16,1194,too expensive,1,2.6,3,9.4,2024-09
A-0a282f,DevTools,Pro,2024-12-27,,98,switched to competitor,0,16.6,3,11.0,2024-12
A-0a282f,DevTools,Pro,2024-12-27,,98,too expensive,0,16.6,3,11.0,2024-12
A-0a282f,DevTools,Enterprise,2024-08-31,2024-09-25,3781,switched to competitor,1,0.8,3,9.8,2024-08
A-0a282f,DevTools,Enterprise,2024-08-31,2024-09-25,3781,too expensive,1,0.8,3,9.8,2024-08
A-0a282f,DevTools,Pro,2024-10-07,,980,switched to competitor,0,19.3,3,10.3,2024-10
A-0a282f,DevTools,Pro,2024-10-07,,980,too expensive,0,19.3,3,10.3,2024-10
A-0a282f,DevTools,Pro,2024-12-25,2024-12-28,0,switched to competitor,1,0.1,3,10.0,2024-12
A-0a282f,DevTools,Pro,2024-12-25,2024-12-28,0,too expensive,1,0.1,3,10.0,2024-12
A-0a282f,DevTools,Basic,2024-10-16,,114,switched to competitor,0,19.0,3,11.3,2024-10
A-0a282f,DevTools,Basic,2024-10-16,,114,too expensive,0,19.0,3,11.3,2024-10
A-0a282f,DevTools,Basic,2024-10-06,,760,switched to competitor,0,19.3,3,10.2,2024-10
A-0a282f,DevTools,Basic,2024-10-06,,760,too expensive,0,19.3,3,10.2,2024-10
A-0a282f,DevTools,Pro,2024-10-23,,882,switched to competitor,0,18.7,3,10.0,2024-10
A-0a282f,DevTools,Pro,2024-10-23,,882,too expensive,0,18.7,3,10.0,2024-10
A-0a282f,DevTools,Enterprise,2024-10-11,,398,switched to competitor,0,19.1,3,9.2,2024-10
A-0a282f,DevTools,Enterprise,2024-10-11,,398,too expensive,0,19.1,3,9.2,2024-10
A-1f0ac7,HealthTech,Basic,2024-11-14,,608,missing features,0,18.0,2,5.3,2024-11
A-1f0ac7,HealthTech,Basic,2024-05-03,,893,missing features,0,24.4,2,10.3,2024-05
A-1f0ac7,HealthTech,Basic,2024-04-29,,646,missing features,0,24.5,2,10.0,2024-04
A-1f0ac7,HealthTech,Pro,2024-07-11,,0,missing features,0,22.1,2,8.7,2024-07
A-1f0ac7,HealthTech,Pro,2023-12-04,,1176,missing features,0,29.4,2,11.0,2023-12
A-1f0ac7,HealthTech,Enterprise,2024-02-15,,4776,missing features,0,27.0,2,8.8,2024-02
A-1f0ac7,HealthTech,Pro,2024-12-20,,1176,missing features,0,16.8,2,9.9,2024-12
A-ce550d,HealthTech,Pro,2024-11-16,,2499,too expensive,0,17.9,7,10.3,2024-11
A-ce550d,HealthTech,Pro,2024-12-04,,1715,too expensive,0,17.3,7,9.7,2024-12
A-ce550d,HealthTech,Pro,2024-12-21,2024-12-30,1715,too expensive,1,0.3,7,8.8,2024-12
A-ce550d,HealthTech,Enterprise,2024-11-13,,0,too expensive,0,18.0,7,11.2,2024-11
A-ce550d,HealthTech,Enterprise,2024-12-31,2024-12-31,21691,too expensive,1,0.0,7,13.0,2024-12
A-ce550d,HealthTech,Pro,2024-11-24,,1715,too expensive,0,17.7,7,8.3,2024-11
A-ce550d,HealthTech,Enterprise,2024-11-01,,10746,too expensive,0,18.4,7,9.7,2024-11
A-ce550d,HealthTech,Pro,2024-12-16,,1715,too expensive,0,17.0,7,9.8,2024-12
A-ce550d,HealthTech,Enterprise,2024-10-28,,6965,too expensive,0,18.6,7,6.0,2024-10
A-1b9609,EdTech,Basic,2023-12-02,,342,,0,29.4,4,10.0,2023-12
A-1b9609,EdTech,Basic,2023-12-02,,342,switched to competitor,0,29.4,4,10.0,2023-12
A-1b9609,EdTech,Basic,2023-12-02,,342,too expensive,0,29.4,4,10.0,2023-12
A-1b9609,EdTech,Basic,2024-02-17,,931,,0,26.9,4,11.2,2024-02
A-1b9609,EdTech,Basic,2024-02-17,,931,switched to competitor,0,26.9,4,11.2,2024-02
A-1b9609,EdTech,Basic,2024-02-17,,931,too expensive,0,26.9,4,11.2,2024-02
A-1b9609,EdTech,Basic,2024-01-14,,304,,0,28.0,4,8.3,2024-01
A-1b9609,EdTech,Basic,2024-01-14,,304,switched to competitor,0,28.0,4,8.3,2024-01
A-1b9609,EdTech,Basic,2024-01-14,,304,too expensive,0,28.0,4,8.3,2024-01
A-1b9609,EdTech,Pro,2024-08-04,2024-08-12,196,,1,0.3,4,13.0,2024-08
A-1b9609,EdTech,Pro,2024-08-04,2024-08-12,196,switched to competitor,1,0.3,4,13.0,2024-08
A-1b9609,EdTech,Pro,2024-08-04,2024-08-12,196,too expensive,1,0.3,4,13.0,2024-08
A-1b9609,EdTech,Enterprise,2024-08-28,,5970,,0,20.6,4,8.6,2024-08
A-1b9609,EdTech,Enterprise,2024-08-28,,5970,switched to competitor,0,20.6,4,8.6,2024-08
A-1b9609,EdTech,Enterprise,2024-08-28,,5970,too expensive,0,20.6,4,8.6,2024-08
A-1b9609,EdTech,Enterprise,2024-06-16,,6965,,0,23.0,4,7.7,2024-06
A-1b9609,EdTech,Enterprise,2024-06-16,,6965,switched to competitor,0,23.0,4,7.7,2024-06
A-1b9609,EdTech,Enterprise,2024-06-16,,6965,too expensive,0,23.0,4,7.7,2024-06
A-1b9609,EdTech,Enterprise,2024-01-11,,995,,0,28.1,4,3.5,2024-01
A-1b9609,EdTech,Enterprise,2024-01-11,,995,switched to competitor,0,28.1,4,3.5,2024-01
A-1b9609,EdTech,Enterprise,2024-01-11,,995,too expensive,0,28.1,4,3.5,2024-01
A-1b9609,EdTech,Pro,2023-12-01,,588,,0,29.5,4,10.2,2023-12
A-1b9609,EdTech,Pro,2023-12-01,,588,switched to competitor,0,29.5,4,10.2,2023-12
A-1b9609,EdTech,Pro,2023-12-01,,588,too expensive,0,29.5,4,10.2,2023-12
A-1b9609,EdTech,Enterprise,2024-10-03,,0,,0,19.4,4,9.0,2024-10
A-1b9609,EdTech,Enterprise,2024-10-03,,0,switched to competitor,0,19.4,4,9.0,2024-10
A-1b9609,EdTech,Enterprise,2024-10-03,,0,too expensive,0,19.4,4,9.0,2024-10
A-1b9609,EdTech,Pro,2024-05-01,,196,,0,24.5,4,15.3,2024-05
A-1b9609,EdTech,Pro,2024-05-01,,196,switched to competitor,0,24.5,4,15.3,2024-05
A-1b9609,EdTech,Pro,2024-05-01,,196,too expensive,0,24.5,4,15.3,2024-05
A-1b9609,EdTech,Basic,2024-09-03,,323,,0,20.4,4,11.1,2024-09
A-1b9609,EdTech,Basic,2024-09-03,,323,switched to competitor,0,20.4,4,11.1,2024-09
A-1b9609,EdTech,Basic,2024-09-03,,323,too expensive,0,20.4,4,11.1,2024-09
A-a0ca4e,Cybersecurity,Pro,2024-09-25,,2401,,0,19.6,6,0.0,2024-09
A-a0ca4e,Cybersecurity,Enterprise,2024-11-19,,0,,0,17.8,6,8.0,2024-11
A-a0ca4e,Cybersecurity,Basic,2024-05-06,,209,,0,24.3,6,10.0,2024-05
A-a0ca4e,Cybersecurity,Pro,2024-10-28,,539,,0,18.6,6,11.0,2024-10
A-a0ca4e,Cybersecurity,Enterprise,2024-08-12,,5174,,0,21.1,6,9.8,2024-08
A-a0ca4e,Cybersecurity,Pro,2024-08-02,,539,,0,21.4,6,10.4,2024-08
A-a0ca4e,Cybersecurity,Enterprise,2024-12-01,,5174,,0,17.4,6,8.8,2024-12
A-a0ca4e,Cybersecurity,Enterprise,2024-03-16,,2388,,0,26.0,6,7.5,2024-03
A-a0ca4e,Cybersecurity,Basic,2024-05-15,,209,,0,24.0,6,11.0,2024-05
A-e5d6ab,EdTech,Enterprise,2023-10-08,,4179,,0,31.2,3,8.2,2023-10
A-e5d6ab,EdTech,Enterprise,2023-10-08,,4179,switched to competitor,0,31.2,3,8.2,2023-10
A-e5d6ab,EdTech,Basic,2023-08-08,,57,,0,33.2,3,9.4,2023-08
A-e5d6ab,EdTech,Basic,2023-08-08,,57,switched to competitor,0,33.2,3,9.4,2023-08
A-e5d6ab,EdTech,Basic,2023-10-02,2024-05-03,665,,1,7.0,3,5.0,2023-10
A-e5d6ab,EdTech,Basic,2023-10-02,2024-05-03,665,switched to competitor,1,7.0,3,5.0,2023-10
A-e5d6ab,EdTech,Basic,2024-07-22,,741,,0,21.8,3,9.0,2024-07
A-e5d6ab,EdTech,Basic,2024-07-22,,741,switched to competitor,0,21.8,3,9.0,2024-07
A-e5d6ab,EdTech,Enterprise,2024-07-02,,2587,,0,22.4,3,11.0,2024-07
A-e5d6ab,EdTech,Enterprise,2024-07-02,,2587,switched to competitor,0,22.4,3,11.0,2024-07
A-e5d6ab,EdTech,Pro,2024-11-10,,1568,,0,18.1,3,9.5,2024-11
A-e5d6ab,EdTech,Pro,2024-11-10,,1568,switched to competitor,0,18.1,3,9.5,2024-11
A-e5d6ab,EdTech,Basic,2024-06-27,,171,,0,22.6,3,9.6,2024-06
A-e5d6ab,EdTech,Basic,2024-06-27,,171,switched to competitor,0,22.6,3,9.6,2024-06
A-e5d6ab,EdTech,Enterprise,2024-03-23,,2985,,0,25.8,3,10.7,2024-03
A-e5d6ab,EdTech,Enterprise,2024-03-23,,2985,switched to competitor,0,25.8,3,10.7,2024-03
A-e5d6ab,EdTech,Basic,2023-05-11,,95,,0,36.2,3,9.0,2023-05
A-e5d6ab,EdTech,Basic,2023-05-11,,95,switched to competitor,0,36.2,3,9.0,2023-05
A-e5d6ab,EdTech,Pro,2023-09-16,,0,,0,32.0,3,9.5,2023-09
A-e5d6ab,EdTech,Pro,2023-09-16,,0,switched to competitor,0,32.0,3,9.5,2023-09
A-7dacce,Cybersecurity,Enterprise,2024-09-18,,2587,,0,19.9,4,9.0,2024-09
A-7dacce,Cybersecurity,Enterprise,2024-09-18,,2587,missing features,0,19.9,4,9.0,2024-09
A-7dacce,Cybersecurity,Enterprise,2024-09-18,,2587,switched to competitor,0,19.9,4,9.0,2024-09
A-7dacce,Cybersecurity,Pro,2024-12-04,,0,,0,17.3,4,7.8,2024-12
A-7dacce,Cybersecurity,Pro,2024-12-04,,0,missing features,0,17.3,4,7.8,2024-12
A-7dacce,Cybersecurity,Pro,2024-12-04,,0,switched to competitor,0,17.3,4,7.8,2024-12
A-7dacce,Cybersecurity,Enterprise,2024-11-13,,2985,,0,18.0,4,10.7,2024-11
A-7dacce,Cybersecurity,Enterprise,2024-11-13,,2985,missing features,0,18.0,4,10.7,2024-11
A-7dacce,Cybersecurity,Enterprise,2024-11-13,,2985,switched to competitor,0,18.0,4,10.7,2024-11
A-7dacce,Cybersecurity,Basic,2024-11-02,,0,,0,18.4,4,10.0,2024-11
A-7dacce,Cybersecurity,Basic,2024-11-02,,0,missing features,0,18.4,4,10.0,2024-11
A-7dacce,Cybersecurity,Basic,2024-11-02,,0,switched to competitor,0,18.4,4,10.0,2024-11
A-7dacce,Cybersecurity,Pro,2024-09-10,,0,,0,20.1,4,11.0,2024-09
A-7dacce,Cybersecurity,Pro,2024-09-10,,0,missing features,0,20.1,4,11.0,2024-09
A-7dacce,Cybersecurity,Pro,2024-09-10,,0,switched to competitor,0,20.1,4,11.0,2024-09
A-7dacce,Cybersecurity,Pro,2024-11-21,,588,,0,17.8,4,9.5,2024-11
A-7dacce,Cybersecurity,Pro,2024-11-21,,588,missing features,0,17.8,4,9.5,2024-11
A-7dacce,Cybersecurity,Pro,2024-11-21,,588,switched to competitor,0,17.8,4,9.5,2024-11
A-7dacce,Cybersecurity,Pro,2024-11-27,,588,,0,17.6,4,10.9,2024-11
A-7dacce,Cybersecurity,Pro,2024-11-27,,588,missing features,0,17.6,4,10.9,2024-11
A-7dacce,Cybersecurity,Pro,2024-11-27,,588,switched to competitor,0,17.6,4,10.9,2024-11
A-7dacce,Cybersecurity,Enterprise,2024-09-10,,2388,,0,20.1,4,9.3,2024-09
A-7dacce,Cybersecurity,Enterprise,2024-09-10,,2388,missing features,0,20.1,4,9.3,2024-09
A-7dacce,Cybersecurity,Enterprise,2024-09-10,,2388,switched to competitor,0,20.1,4,9.3,2024-09
A-7dacce,Cybersecurity,Enterprise,2024-11-28,,13333,,0,17.5,4,11.4,2024-11
A-7dacce,Cybersecurity,Enterprise,2024-11-28,,13333,missing features,0,17.5,4,11.4,2024-11
A-7dacce,Cybersecurity,Enterprise,2024-11-28,,13333,switched to competitor,0,17.5,4,11.4,2024-11
A-7dacce,Cybersecurity,Pro,2024-11-27,,588,,0,17.6,4,8.3,2024-11
A-7dacce,Cybersecurity,Pro,2024-11-27,,588,missing features,0,17.6,4,8.3,2024-11
A-7dacce,Cybersecurity,Pro,2024-11-27,,588,switched to competitor,0,17.6,4,8.3,2024-11
A-10b8da,DevTools,Enterprise,2024-07-05,,2786,,0,22.3,3,7.0,2024-07
A-10b8da,DevTools,Pro,2024-09-14,,1666,,0,20.0,3,10.2,2024-09
A-10b8da,DevTools,Enterprise,2024-04-27,,0,,0,24.6,3,9.6,2024-04
A-10b8da,DevTools,Enterprise,2023-05-12,2024-01-21,3383,,1,8.3,3,9.3,2023-05
A-10b8da,DevTools,Basic,2023-06-09,,266,,0,35.2,3,10.7,2023-06
A-10b8da,DevTools,Pro,2024-05-09,,686,,0,24.2,3,6.5,2024-05
A-592832,Cybersecurity,Pro,2024-12-31,,882,switched to competitor,0,16.5,3,10.0,2024-12
A-592832,Cybersecurity,Enterprise,2024-09-26,,8358,switched to competitor,0,19.6,3,9.8,2024-09
A-592832,Cybersecurity,Basic,2024-09-30,,665,switched to competitor,0,19.5,3,9.1,2024-09
A-592832,Cybersecurity,Pro,2024-12-01,,0,switched to competitor,0,17.4,3,11.1,2024-12
A-592832,Cybersecurity,Basic,2024-10-21,,665,switched to competitor,0,18.8,3,13.3,2024-10
A-592832,Cybersecurity,Enterprise,2024-09-27,2024-12-18,3582,switched to competitor,1,2.7,3,7.8,2024-09
A-592832,Cybersecurity,Pro,2024-11-28,2024-12-10,0,switched to competitor,1,0.4,3,10.2,2024-11
A-592832,Cybersecurity,Basic,2024-09-26,,0,switched to competitor,0,19.6,3,9.8,2024-09
A-592832,Cybersecurity,Pro,2024-11-07,,1764,switched to competitor,0,18.2,3,10.2,2024-11
A-592832,Cybersecurity,Basic,2024-10-09,,1140,switched to competitor,0,19.2,3,10.7,2024-10
A-592832,Cybersecurity,Basic,2024-11-03,,342,switched to competitor,0,18.4,3,0.0,2024-11
A-592832,Cybersecurity,Basic,2024-12-22,,342,switched to competitor,0,16.8,3,10.8,2024-12
A-592832,Cybersecurity,Pro,2024-10-15,,882,switched to competitor,0,19.0,3,11.3,2024-10
A-592832,Cybersecurity,Enterprise,2024-10-03,,5174,switched to competitor,0,19.4,3,12.7,2024-10
A-592832,Cybersecurity,Pro,2024-12-17,,882,switched to competitor,0,16.9,3,10.3,2024-12
A-592832,Cybersecurity,Basic,2024-12-11,,342,switched to competitor,0,17.1,3,10.4,2024-12
A-592832,Cybersecurity,Pro,2024-12-22,,1813,switched to competitor,0,16.8,3,11.6,2024-12
A-592832,Cybersecurity,Enterprise,2024-12-24,,3582,switched to competitor,0,16.7,3,10.0,2024-12
A-592832,Cybersecurity,Pro,2024-12-02,2024-12-03,2156,switched to competitor,1,0.0,3,10.3,2024-12
A-d40bf7,FinTech,Enterprise,2024-11-17,,11741,,0,17.9,2,8.6,2024-11
A-d40bf7,FinTech,Pro,2024-12-09,,2891,,0,17.2,2,8.7,2024-12
A-d40bf7,FinTech,Enterprise,2024-12-27,,11741,,0,16.6,2,12.8,2024-12
A-d40bf7,FinTech,Basic,2024-11-23,,1121,,0,17.7,2,9.0,2024-11
A-d40bf7,FinTech,Enterprise,2024-11-09,,11741,,0,18.2,2,9.8,2024-11
A-d40bf7,FinTech,Pro,2024-12-13,,0,,0,17.1,2,11.3,2024-12
A-d40bf7,FinTech,Basic,2024-12-29,,1121,,0,16.5,2,11.7,2024-12
A-d40bf7,FinTech,Basic,2024-12-27,,0,,0,16.6,2,10.8,2024-12
A-d40bf7,FinTech,Enterprise,2024-12-15,,0,,0,17.0,2,8.2,2024-12
A-d40bf7,FinTech,Pro,2024-12-14,,2891,,0,17.0,2,11.8,2024-12
A-6c093d,DevTools,Basic,2023-04-30,,285,,0,36.5,3,9.3,2023-04
A-6c093d,DevTools,Basic,2024-05-08,,285,,0,24.2,3,12.0,2024-05
A-6c093d,DevTools,Basic,2024-01-17,,133,,0,27.9,3,9.0,2024-01
A-6c093d,DevTools,Basic,2024-07-08,,513,,0,22.2,3,10.3,2024-07
A-6c093d,DevTools,Enterprise,2024-12-12,,0,,0,17.1,3,11.7,2024-12
A-6c093d,DevTools,Enterprise,2024-03-13,,1393,,0,26.1,3,10.8,2024-03
A-6c093d,DevTools,Pro,2024-09-12,2024-11-01,343,,1,1.6,3,10.7,2024-09
A-6c093d,DevTools,Pro,2024-03-08,2024-09-19,343,,1,6.4,3,9.0,2024-03
A-6c093d,DevTools,Basic,2023-09-26,2024-07-14,0,,1,9.6,3,10.6,2023-09
A-6c093d,DevTools,Basic,2024-10-10,,171,,0,19.2,3,9.0,2024-10
A-6c093d,DevTools,Enterprise,2024-07-27,,12139,,0,21.6,3,15.0,2024-07
A-6c093d,DevTools,Pro,2023-08-25,,637,,0,32.7,3,11.0,2023-08
A-462d45,Cybersecurity,Pro,2024-02-29,,0,missing features,0,26.5,4,7.7,2024-02
A-462d45,Cybersecurity,Pro,2024-11-25,2024-12-12,2989,missing features,1,0.6,4,8.0,2024-11
A-462d45,Cybersecurity,Basic,2024-04-19,,1159,missing features,0,24.9,4,7.4,2024-04
A-462d45,Cybersecurity,Enterprise,2024-08-05,,2786,missing features,0,21.3,4,8.7,2024-08
A-462d45,Cybersecurity,Pro,2024-02-13,,637,missing features,0,27.0,4,8.7,2024-02
A-462d45,Cybersecurity,Pro,2024-05-03,,539,missing features,0,24.4,4,9.0,2024-05
A-462d45,Cybersecurity,Pro,2024-12-10,,1470,missing features,0,17.2,4,8.8,2024-12
A-462d45,Cybersecurity,Basic,2024-01-16,2024-05-29,1691,missing features,1,4.4,4,12.3,2024-01
A-462d45,Cybersecurity,Basic,2024-09-24,,0,missing features,0,19.7,4,10.3,2024-09
A-462d45,Cybersecurity,Pro,2024-05-07,,931,missing features,0,24.3,4,9.8,2024-05
A-462d45,Cybersecurity,Pro,2024-03-25,,882,missing features,0,25.7,4,10.6,2024-03
A-462d45,Cybersecurity,Enterprise,2024-02-21,,10348,missing features,0,26.8,4,11.0,2024-02
A-956988,EdTech,Pro,2024-12-15,,98,missing features,0,17.0,2,8.0,2024-12
A-956988,EdTech,Pro,2024-12-15,,98,too expensive,0,17.0,2,8.0,2024-12
A-956988,EdTech,Pro,2024-12-18,,2058,missing features,0,16.9,2,8.8,2024-12
A-956988,EdTech,Pro,2024-12-18,,2058,too expensive,0,16.9,2,8.8,2024-12
A-956988,EdTech,Pro,2024-12-01,,0,missing features,0,17.4,2,8.8,2024-12
A-956988,EdTech,Pro,2024-12-01,,0,too expensive,0,17.4,2,8.8,2024-12
A-956988,EdTech,Enterprise,2024-12-02,,1791,missing features,0,17.4,2,9.8,2024-12
A-956988,EdTech,Enterprise,2024-12-02,,1791,too expensive,0,17.4,2,9.8,2024-12
A-956988,EdTech,Pro,2024-12-18,,1127,missing features,0,16.9,2,8.7,2024-12
A-956988,EdTech,Pro,2024-12-18,,1127,too expensive,0,16.9,2,8.7,2024-12
A-956988,EdTech,Enterprise,2024-12-13,2024-12-22,0,missing features,1,0.3,2,13.2,2024-12
A-956988,EdTech,Enterprise,2024-12-13,2024-12-22,0,too expensive,1,0.3,2,13.2,2024-12
A-956988,EdTech,Enterprise,2024-12-05,,10945,missing features,0,17.3,2,9.7,2024-12
A-956988,EdTech,Enterprise,2024-12-05,,10945,too expensive,0,17.3,2,9.7,2024-12
A-956988,EdTech,Pro,2024-12-15,,2009,missing features,0,17.0,2,9.8,2024-12
A-956988,EdTech,Pro,2024-12-15,,2009,too expensive,0,17.0,2,9.8,2024-12
A-956988,EdTech,Basic,2024-12-14,,19,missing features,0,17.0,2,10.0,2024-12
A-956988,EdTech,Basic,2024-12-14,,19,too expensive,0,17.0,2,10.0,2024-12
A-956988,EdTech,Pro,2024-12-07,,1274,missing features,0,17.2,2,8.0,2024-12
A-956988,EdTech,Pro,2024-12-07,,1274,too expensive,0,17.2,2,8.0,2024-12
A-956988,EdTech,Enterprise,2024-12-26,,2388,missing features,0,16.6,2,9.9,2024-12
A-956988,EdTech,Enterprise,2024-12-26,,2388,too expensive,0,16.6,2,9.9,2024-12
A-956988,EdTech,Enterprise,2024-12-30,,6368,missing features,0,16.5,2,9.0,2024-12
A-956988,EdTech,Enterprise,2024-12-30,,6368,too expensive,0,16.5,2,9.0,2024-12
A-956988,EdTech,Basic,2024-12-05,,1330,missing features,0,17.3,2,6.7,2024-12
A-956988,EdTech,Basic,2024-12-05,,1330,too expensive,0,17.3,2,6.7,2024-12
A-ac14bb,FinTech,Basic,2024-07-03,,532,switched to competitor,0,22.4,2,12.0,2024-07
A-ac14bb,FinTech,Basic,2024-07-03,,532,too expensive,0,22.4,2,12.0,2024-07
A-ac14bb,FinTech,Enterprise,2023-10-28,,4179,switched to competitor,0,30.6,2,9.0,2023-10
A-ac14bb,FinTech,Enterprise,2023-10-28,,4179,too expensive,0,30.6,2,9.0,2023-10
A-ac14bb,FinTech,Enterprise,2024-03-15,2024-10-20,6965,switched to competitor,1,7.2,2,8.7,2024-03
A-ac14bb,FinTech,Enterprise,2024-03-15,2024-10-20,6965,too expensive,1,7.2,2,8.7,2024-03
A-ac14bb,FinTech,Basic,2024-03-26,,513,switched to competitor,0,25.7,2,11.0,2024-03
A-ac14bb,FinTech,Basic,2024-03-26,,513,too expensive,0,25.7,2,11.0,2024-03
A-ac14bb,FinTech,Pro,2024-02-29,,0,switched to competitor,0,26.5,2,9.8,2024-02
A-ac14bb,FinTech,Pro,2024-02-29,,0,too expensive,0,26.5,2,9.8,2024-02
A-ac14bb,FinTech,Pro,2023-09-27,,1029,switched to competitor,0,31.6,2,10.1,2023-09
A-ac14bb,FinTech,Pro,2023-09-27,,1029,too expensive,0,31.6,2,10.1,2023-09
A-ac14bb,FinTech,Enterprise,2024-01-16,,14129,switched to competitor,0,28.0,2,9.6,2024-01
A-ac14bb,FinTech,Enterprise,2024-01-16,,14129,too expensive,0,28.0,2,9.6,2024-01
A-ac14bb,FinTech,Basic,2024-02-22,2024-06-13,399,switched to competitor,1,3.7,2,8.3,2024-02
A-ac14bb,FinTech,Basic,2024-02-22,2024-06-13,399,too expensive,1,3.7,2,8.3,2024-02
A-463db0,HealthTech,Basic,2024-12-28,,285,,0,16.6,6,9.0,2024-12
A-463db0,HealthTech,Enterprise,2024-12-26,,8358,,0,16.6,6,9.5,2024-12
A-463db0,HealthTech,Pro,2024-12-31,,735,,0,16.5,6,8.0,2024-12
A-463db0,HealthTech,Basic,2024-12-12,,703,,0,17.1,6,11.1,2024-12
A-463db0,HealthTech,Pro,2024-12-20,,735,,0,16.8,6,10.2,2024-12
A-463db0,HealthTech,Pro,2024-12-09,,1715,,0,17.2,6,9.4,2024-12
A-463db0,HealthTech,Pro,2024-12-15,,735,,0,17.0,6,11.6,2024-12
A-ce66f8,EdTech,Basic,2023-08-24,,551,,0,32.7,6,11.3,2023-08
A-ce66f8,EdTech,Basic,2024-05-21,,551,,0,23.8,6,8.5,2024-05
A-ce66f8,EdTech,Pro,2024-07-27,,1421,,0,21.6,6,12.0,2024-07
A-ce66f8,EdTech,Enterprise,2024-07-02,,7363,,0,22.4,6,10.5,2024-07
A-ce66f8,EdTech,Pro,2024-07-19,,1421,,0,21.9,6,11.9,2024-07
A-ce66f8,EdTech,Basic,2024-05-16,,551,,0,24.0,6,10.4,2024-05
A-c4ea60,FinTech,Enterprise,2024-07-29,,3582,,0,21.6,5,10.8,2024-07
A-c4ea60,FinTech,Pro,2024-09-09,,882,,0,20.2,5,10.3,2024-09
A-c4ea60,FinTech,Enterprise,2024-11-09,,3582,,0,18.2,5,9.3,2024-11
A-c4ea60,FinTech,Pro,2024-07-20,,882,,0,21.8,5,8.5,2024-07
A-c4ea60,FinTech,Basic,2023-04-11,,912,,0,37.2,5,10.5,2023-04
A-c4ea60,FinTech,Basic,2024-02-19,,0,,0,26.8,5,12.5,2024-02
A-c4ea60,FinTech,Enterprise,2024-12-17,,3582,,0,16.9,5,9.5,2024-12
A-c4ea60,FinTech,Pro,2024-10-28,,882,,0,18.6,5,8.7,2024-10
A-c4ea60,FinTech,Basic,2023-05-29,,342,,0,35.6,5,8.5,2023-05
A-832ec2,FinTech,Basic,2024-04-07,,228,switched to competitor,0,25.3,3,10.1,2024-04
A-832ec2,FinTech,Basic,2024-04-07,,228,too expensive,0,25.3,3,10.1,2024-04
A-832ec2,FinTech,Enterprise,2024-02-02,,3781,switched to competitor,0,27.4,3,11.8,2024-02
A-832ec2,FinTech,Enterprise,2024-02-02,,3781,too expensive,0,27.4,3,11.8,2024-02
A-832ec2,FinTech,Enterprise,2024-11-27,,4378,switched to competitor,0,17.6,3,10.8,2024-11
A-832ec2,FinTech,Enterprise,2024-11-27,,4378,too expensive,0,17.6,3,10.8,2024-11
A-832ec2,FinTech,Basic,2024-03-04,,95,switched to competitor,0,26.4,3,10.8,2024-03
A-832ec2,FinTech,Basic,2024-03-04,,95,too expensive,0,26.4,3,10.8,2024-03
A-832ec2,FinTech,Pro,2024-09-04,,0,switched to competitor,0,20.3,3,11.3,2024-09
A-832ec2,FinTech,Pro,2024-09-04,,0,too expensive,0,20.3,3,11.3,2024-09
A-832ec2,FinTech,Basic,2024-05-26,,228,switched to competitor,0,23.7,3,9.6,2024-05
A-832ec2,FinTech,Basic,2024-05-26,,228,too expensive,0,23.7,3,9.6,2024-05
A-832ec2,FinTech,Basic,2024-07-25,,589,switched to competitor,0,21.7,3,10.0,2024-07
A-832ec2,FinTech,Basic,2024-07-25,,589,too expensive,0,21.7,3,10.0,2024-07
A-832ec2,FinTech,Basic,2024-01-02,,0,switched to competitor,0,28.4,3,9.7,2024-01
A-832ec2,FinTech,Basic,2024-01-02,,0,too expensive,0,28.4,3,9.7,2024-01
A-684255,FinTech,Pro,2024-05-23,,1127,missing features,0,23.8,4,10.2,2024-05
A-684255,FinTech,Pro,2024-05-23,,1127,too expensive,0,23.8,4,10.2,2024-05
A-684255,FinTech,Basic,2024-10-29,,532,missing features,0,18.5,4,9.7,2024-10
A-684255,FinTech,Basic,2024-10-29,,532,too expensive,0,18.5,4,9.7,2024-10
A-684255,FinTech,Pro,2024-07-07,,539,missing features,0,22.3,4,9.2,2024-07
A-684255,FinTech,Pro,2024-07-07,,539,too expensive,0,22.3,4,9.2,2024-07
A-684255,FinTech,Pro,2024-06-28,2024-08-01,980,missing features,1,1.1,4,6.5,2024-06
A-684255,FinTech,Pro,2024-06-28,2024-08-01,980,too expensive,1,1.1,4,6.5,2024-06
A-684255,FinTech,Enterprise,2024-08-31,,2786,missing features,0,20.5,4,9.9,2024-08
A-684255,FinTech,Enterprise,2024-08-31,,2786,too expensive,0,20.5,4,9.9,2024-08
A-684255,FinTech,Basic,2024-12-15,2024-12-26,0,missing features,1,0.4,4,10.2,2024-12
A-684255,FinTech,Basic,2024-12-15,2024-12-26,0,too expensive,1,0.4,4,10.2,2024-12
A-684255,FinTech,Enterprise,2024-08-18,,1791,missing features,0,20.9,4,10.0,2024-08
A-684255,FinTech,Enterprise,2024-08-18,,1791,too expensive,0,20.9,4,10.0,2024-08
A-684255,FinTech,Pro,2024-10-17,,588,missing features,0,18.9,4,8.0,2024-10
A-684255,FinTech,Pro,2024-10-17,,588,too expensive,0,18.9,4,8.0,2024-10
A-684255,FinTech,Pro,2024-08-05,,490,missing features,0,21.3,4,10.0,2024-08
A-684255,FinTech,Pro,2024-08-05,,490,too expensive,0,21.3,4,10.0,2024-08
A-684255,FinTech,Enterprise,2024-06-18,2024-08-09,0,missing features,1,1.7,4,10.7,2024-06
A-684255,FinTech,Enterprise,2024-06-18,2024-08-09,0,too expensive,1,1.7,4,10.7,2024-06
A-684255,FinTech,Basic,2024-04-14,,608,missing features,0,25.0,4,10.1,2024-04
A-684255,FinTech,Basic,2024-04-14,,608,too expensive,0,25.0,4,10.1,2024-04
A-684255,FinTech,Basic,2024-07-01,,171,missing features,0,22.5,4,10.3,2024-07
A-684255,FinTech,Basic,2024-07-01,,171,too expensive,0,22.5,4,10.3,2024-07
A-684255,FinTech,Enterprise,2024-09-09,,1791,missing features,0,20.2,4,8.3,2024-09
A-684255,FinTech,Enterprise,2024-09-09,,1791,too expensive,0,20.2,4,8.3,2024-09
A-684255,FinTech,Pro,2024-07-01,,441,missing features,0,22.5,4,13.0,2024-07
A-684255,FinTech,Pro,2024-07-01,,441,too expensive,0,22.5,4,13.0,2024-07
A-c42f1f,HealthTech,Pro,2024-07-28,,539,,0,21.6,9,7.3,2024-07
A-c42f1f,HealthTech,Basic,2024-10-26,,285,,0,18.6,9,14.3,2024-10
A-c42f1f,HealthTech,Basic,2024-11-13,,532,,0,18.0,9,9.0,2024-11
A-c42f1f,HealthTech,Basic,2024-11-19,,152,,0,17.8,9,13.6,2024-11
A-c42f1f,HealthTech,Pro,2024-11-22,,588,,0,17.7,9,9.0,2024-11
A-c42f1f,HealthTech,Basic,2024-12-29,,152,,0,16.5,9,8.0,2024-12
A-c42f1f,HealthTech,Enterprise,2024-10-13,,2388,,0,19.1,9,9.0,2024-10
A-c42f1f,HealthTech,Pro,2024-10-26,2024-12-24,539,,1,1.9,9,8.2,2024-10
A-4e44e8,DevTools,Enterprise,2024-11-03,,14925,switched to competitor,0,18.4,3,10.4,2024-11
A-4e44e8,DevTools,Enterprise,2024-11-03,,14925,too expensive,0,18.4,3,10.4,2024-11
A-4e44e8,DevTools,Basic,2024-11-18,,551,switched to competitor,0,17.9,3,10.8,2024-11
A-4e44e8,DevTools,Basic,2024-11-18,,551,too expensive,0,17.9,3,10.8,2024-11
A-4e44e8,DevTools,Pro,2024-09-21,2024-10-26,392,switched to competitor,1,1.1,3,8.8,2024-09
A-4e44e8,DevTools,Pro,2024-09-21,2024-10-26,392,too expensive,1,1.1,3,8.8,2024-09
A-4e44e8,DevTools,Basic,2024-09-28,,0,switched to competitor,0,19.5,3,12.2,2024-09
A-4e44e8,DevTools,Basic,2024-09-28,,0,too expensive,0,19.5,3,12.2,2024-09
A-4e44e8,DevTools,Basic,2024-09-06,,57,switched to competitor,0,20.3,3,8.4,2024-09
A-4e44e8,DevTools,Basic,2024-09-06,,57,too expensive,0,20.3,3,8.4,2024-09
A-4e44e8,DevTools,Enterprise,2024-12-19,,3383,switched to competitor,0,16.9,3,13.2,2024-12
A-4e44e8,DevTools,Enterprise,2024-12-19,,3383,too expensive,0,16.9,3,13.2,2024-12
A-4e44e8,DevTools,Pro,2024-11-08,,0,switched to competitor,0,18.2,3,10.6,2024-11
A-4e44e8,DevTools,Pro,2024-11-08,,0,too expensive,0,18.2,3,10.6,2024-11
A-4e44e8,DevTools,Basic,2024-09-04,,114,switched to competitor,0,20.3,3,8.9,2024-09
A-4e44e8,DevTools,Basic,2024-09-04,,114,too expensive,0,20.3,3,8.9,2024-09
A-4e44e8,DevTools,Basic,2024-08-23,,722,switched to competitor,0,20.7,3,8.2,2024-08
A-4e44e8,DevTools,Basic,2024-08-23,,722,too expensive,0,20.7,3,8.2,2024-08
A-4e44e8,DevTools,Basic,2024-08-23,,380,switched to competitor,0,20.7,3,9.8,2024-08
A-4e44e8,DevTools,Basic,2024-08-23,,380,too expensive,0,20.7,3,9.8,2024-08
A-4e44e8,DevTools,Basic,2024-09-01,,209,switched to competitor,0,20.4,3,9.5,2024-09
A-4e44e8,DevTools,Basic,2024-09-01,,209,too expensive,0,20.4,3,9.5,2024-09
A-4e44e8,DevTools,Pro,2024-10-26,,0,switched to competitor,0,18.6,3,8.3,2024-10
A-4e44e8,DevTools,Pro,2024-10-26,,0,too expensive,0,18.6,3,8.3,2024-10
A-4e44e8,DevTools,Enterprise,2024-09-15,2024-09-21,15522,switched to competitor,1,0.2,3,13.5,2024-09
A-4e44e8,DevTools,Enterprise,2024-09-15,2024-09-21,15522,too expensive,1,0.2,3,13.5,2024-09
A-4e44e8,DevTools,Basic,2024-10-16,,190,switched to competitor,0,19.0,3,9.4,2024-10
A-4e44e8,DevTools,Basic,2024-10-16,,190,too expensive,0,19.0,3,9.4,2024-10
A-30b4ca,EdTech,Basic,2024-08-25,,1634,,0,20.7,3,9.5,2024-08
A-30b4ca,EdTech,Pro,2024-07-01,,4214,,0,22.5,3,10.2,2024-07
A-30b4ca,EdTech,Enterprise,2024-05-27,,17114,,0,23.6,3,8.2,2024-05
A-30b4ca,EdTech,Pro,2024-08-13,,0,,0,21.1,3,9.0,2024-08
A-30b4ca,EdTech,Enterprise,2024-05-24,,17114,,0,23.7,3,10.0,2024-05
A-30b4ca,EdTech,Enterprise,2024-05-27,,17114,,0,23.6,3,10.3,2024-05
A-30b4ca,EdTech,Enterprise,2024-06-30,,17114,,0,22.5,3,9.3,2024-06
A-30b4ca,EdTech,Basic,2024-10-03,,1634,,0,19.4,3,9.1,2024-10
A-9f2731,FinTech,Pro,2024-11-11,,637,,0,18.1,0,10.0,2024-11
A-9f2731,FinTech,Pro,2024-11-11,,637,missing features,0,18.1,0,10.0,2024-11
A-9f2731,FinTech,Pro,2024-11-08,,637,,0,18.2,0,10.5,2024-11
A-9f2731,FinTech,Pro,2024-11-08,,637,missing features,0,18.2,0,10.5,2024-11
A-9f2731,FinTech,Pro,2024-10-22,,0,,0,18.8,0,11.6,2024-10
A-9f2731,FinTech,Pro,2024-10-22,,0,missing features,0,18.8,0,11.6,2024-10
A-9f2731,FinTech,Basic,2024-11-02,,722,,0,18.4,0,8.5,2024-11
A-9f2731,FinTech,Basic,2024-11-02,,722,missing features,0,18.4,0,8.5,2024-11
A-9f2731,FinTech,Pro,2024-11-22,,0,,0,17.7,0,10.9,2024-11
A-9f2731,FinTech,Pro,2024-11-22,,0,missing features,0,17.7,0,10.9,2024-11
A-9f2731,FinTech,Pro,2024-11-10,,1617,,0,18.1,0,8.0,2024-11
A-9f2731,FinTech,Pro,2024-11-10,,1617,missing features,0,18.1,0,8.0,2024-11
A-9f2731,FinTech,Pro,2024-10-12,,0,,0,19.1,0,8.3,2024-10
A-9f2731,FinTech,Pro,2024-10-12,,0,missing features,0,19.1,0,8.3,2024-10
A-32fb14,DevTools,Basic,2023-11-19,,494,switched to competitor,0,29.9,5,8.7,2023-11
A-32fb14,DevTools,Basic,2023-11-19,,494,too expensive,0,29.9,5,8.7,2023-11
A-32fb14,DevTools,Basic,2023-11-19,,494,too expensive,0,29.9,5,8.7,2023-11
A-32fb14,DevTools,Enterprise,2024-11-09,,5174,switched to competitor,0,18.2,5,11.6,2024-11
A-32fb14,DevTools,Enterprise,2024-11-09,,5174,too expensive,0,18.2,5,11.6,2024-11
A-32fb14,DevTools,Enterprise,2024-11-09,,5174,too expensive,0,18.2,5,11.6,2024-11
A-32fb14,DevTools,Basic,2023-11-20,2024-06-28,494,switched to competitor,1,7.3,5,9.3,2023-11
A-32fb14,DevTools,Basic,2023-11-20,2024-06-28,494,too expensive,1,7.3,5,9.3,2023-11
A-32fb14,DevTools,Basic,2023-11-20,2024-06-28,494,too expensive,1,7.3,5,9.3,2023-11
A-32fb14,DevTools,Basic,2024-03-18,,551,switched to competitor,0,25.9,5,12.5,2024-03
A-32fb14,DevTools,Basic,2024-03-18,,551,too expensive,0,25.9,5,12.5,2024-03
A-32fb14,DevTools,Basic,2024-03-18,,551,too expensive,0,25.9,5,12.5,2024-03
A-32fb14,DevTools,Basic,2024-09-04,,494,switched to competitor,0,20.3,5,11.6,2024-09
A-32fb14,DevTools,Basic,2024-09-04,,494,too expensive,0,20.3,5,11.6,2024-09
A-32fb14,DevTools,Basic,2024-09-04,,494,too expensive,0,20.3,5,11.6,2024-09
A-32fb14,DevTools,Basic,2024-03-16,2024-04-21,893,switched to competitor,1,1.2,5,10.8,2024-03
A-32fb14,DevTools,Basic,2024-03-16,2024-04-21,893,too expensive,1,1.2,5,10.8,2024-03
A-32fb14,DevTools,Basic,2024-03-16,2024-04-21,893,too expensive,1,1.2,5,10.8,2024-03
A-32fb14,DevTools,Basic,2023-09-12,,494,switched to competitor,0,32.1,5,11.4,2023-09
A-32fb14,DevTools,Basic,2023-09-12,,494,too expensive,0,32.1,5,11.4,2023-09
A-32fb14,DevTools,Basic,2023-09-12,,494,too expensive,0,32.1,5,11.4,2023-09
A-32fb14,DevTools,Pro,2024-07-05,,1568,switched to competitor,0,22.3,5,8.3,2024-07
A-32fb14,DevTools,Pro,2024-07-05,,1568,too expensive,0,22.3,5,8.3,2024-07
A-32fb14,DevTools,Pro,2024-07-05,,1568,too expensive,0,22.3,5,8.3,2024-07
A-32fb14,DevTools,Basic,2023-07-18,,0,switched to competitor,0,33.9,5,7.3,2023-07
A-32fb14,DevTools,Basic,2023-07-18,,0,too expensive,0,33.9,5,7.3,2023-07
A-32fb14,DevTools,Basic,2023-07-18,,0,too expensive,0,33.9,5,7.3,2023-07
A-00cac8,HealthTech,Enterprise,2024-08-09,,7761,,0,21.2,2,10.0,2024-08
A-00cac8,HealthTech,Basic,2023-12-26,,361,,0,28.6,2,12.7,2023-12
A-00cac8,HealthTech,Pro,2023-09-16,,392,,0,32.0,2,9.9,2023-09
A-00cac8,HealthTech,Enterprise,2024-04-04,,0,,0,25.4,2,9.3,2024-04
A-00cac8,HealthTech,Pro,2024-09-05,,392,,0,20.3,2,13.0,2024-09
A-00cac8,HealthTech,Pro,2024-12-02,,931,,0,17.4,2,11.2,2024-12
A-00cac8,HealthTech,Basic,2024-03-03,,152,,0,26.4,2,9.6,2024-03
A-00cac8,HealthTech,Enterprise,2024-10-29,,3980,,0,18.5,2,7.0,2024-10
A-00cac8,HealthTech,Basic,2024-08-04,,152,,0,21.4,2,10.4,2024-08
A-35083d,HealthTech,Enterprise,2023-08-23,,3781,,0,32.8,4,9.0,2023-08
A-35083d,HealthTech,Enterprise,2024-12-15,,9751,,0,17.0,4,12.7,2024-12
A-35083d,HealthTech,Basic,2024-07-17,,361,,0,21.9,4,12.0,2024-07
A-35083d,HealthTech,Pro,2024-10-17,,931,,0,18.9,4,10.9,2024-10
A-35083d,HealthTech,Basic,2023-11-07,,475,,0,30.3,4,9.3,2023-11
A-35083d,HealthTech,Pro,2024-05-04,2024-06-26,931,,1,1.7,4,8.7,2024-05
A-35083d,HealthTech,Enterprise,2023-06-03,,0,,0,35.4,4,12.7,2023-06
A-35083d,HealthTech,Basic,2023-11-30,,0,,0,29.5,4,10.7,2023-11
A-35083d,HealthTech,Pro,2024-04-16,,931,,0,25.0,4,11.4,2024-04
A-35083d,HealthTech,Enterprise,2024-08-13,,3781,,0,21.1,4,11.0,2024-08
A-35083d,HealthTech,Enterprise,2023-08-10,,3781,,0,33.2,4,13.5,2023-08
A-35083d,HealthTech,Basic,2024-01-23,,646,,0,27.7,4,8.0,2024-01
A-35083d,HealthTech,Enterprise,2024-05-11,,3781,,0,24.1,4,10.8,2024-05
A-35083d,HealthTech,Pro,2024-07-22,,2058,,0,21.8,4,12.3,2024-07
A-35083d,HealthTech,Pro,2024-09-09,,1225,,0,20.2,4,11.3,2024-09
A-35083d,HealthTech,Pro,2024-08-04,,0,,0,21.4,4,12.5,2024-08
A-eb7fac,DevTools,Enterprise,2024-09-03,,3184,switched to competitor,0,20.4,4,10.3,2024-09
A-eb7fac,DevTools,Enterprise,2024-09-22,,1393,switched to competitor,0,19.7,4,13.3,2024-09
A-eb7fac,DevTools,Pro,2024-05-24,,4508,switched to competitor,0,23.7,4,8.9,2024-05
A-eb7fac,DevTools,Enterprise,2024-07-09,,2786,switched to competitor,0,22.2,4,10.2,2024-07
A-eb7fac,DevTools,Enterprise,2024-02-24,,27064,switched to competitor,0,26.7,4,9.8,2024-02
A-eb7fac,DevTools,Pro,2024-09-19,,343,switched to competitor,0,19.8,4,9.8,2024-09
A-eb7fac,DevTools,Basic,2024-10-22,,494,switched to competitor,0,18.8,4,9.2,2024-10
A-eb7fac,DevTools,Pro,2023-12-26,,588,switched to competitor,0,28.6,4,9.7,2023-12
A-eb7fac,DevTools,Pro,2024-01-21,2024-04-22,343,switched to competitor,1,3.0,4,11.4,2024-01
A-eb7fac,DevTools,Enterprise,2024-03-30,,1393,switched to competitor,0,25.5,4,0.0,2024-03
A-b20d99,HealthTech,Basic,2024-01-30,,380,missing features,0,27.5,2,13.5,2024-01
A-b20d99,HealthTech,Pro,2024-09-26,,1323,missing features,0,19.6,2,7.2,2024-09
A-b20d99,HealthTech,Basic,2024-08-05,,380,missing features,0,21.3,2,9.3,2024-08
A-b20d99,HealthTech,Enterprise,2024-01-26,,3980,missing features,0,27.6,2,12.0,2024-01
A-b20d99,HealthTech,Basic,2024-07-19,,380,missing features,0,21.9,2,9.8,2024-07
A-b20d99,HealthTech,Basic,2024-03-27,,646,missing features,0,25.6,2,12.0,2024-03
A-b20d99,HealthTech,Enterprise,2024-11-03,,3980,missing features,0,18.4,2,10.1,2024-11
A-396e5f,Cybersecurity,Enterprise,2024-10-02,,1393,too expensive,0,19.4,5,8.6,2024-10
A-396e5f,Cybersecurity,Pro,2024-12-19,,1666,too expensive,0,16.9,5,9.1,2024-12
A-396e5f,Cybersecurity,Enterprise,2024-12-02,,398,too expensive,0,17.4,5,10.4,2024-12
A-396e5f,Cybersecurity,Pro,2024-11-15,,343,too expensive,0,18.0,5,11.2,2024-11
A-396e5f,Cybersecurity,Pro,2024-10-19,,2597,too expensive,0,18.9,5,8.3,2024-10
A-396e5f,Cybersecurity,Basic,2024-10-25,,342,too expensive,0,18.7,5,9.9,2024-10
A-396e5f,Cybersecurity,Pro,2024-10-18,,490,too expensive,0,18.9,5,10.0,2024-10
A-396e5f,Cybersecurity,Enterprise,2024-10-23,,0,too expensive,0,18.7,5,10.9,2024-10
A-396e5f,Cybersecurity,Enterprise,2024-10-05,,1194,too expensive,0,19.3,5,10.7,2024-10
A-396e5f,Cybersecurity,Pro,2024-10-29,,1813,too expensive,0,18.5,5,5.0,2024-10
A-45ce7a,FinTech,Enterprise,2024-11-13,,3184,,0,18.0,5,12.4,2024-11
A-45ce7a,FinTech,Pro,2023-08-18,2024-05-20,784,,1,9.1,5,13.5,2023-08
A-45ce7a,FinTech,Basic,2024-09-30,,304,,0,19.5,5,12.0,2024-09
A-45ce7a,FinTech,Basic,2024-02-20,,342,,0,26.8,5,10.3,2024-02
A-45ce7a,FinTech,Pro,2024-04-13,,0,,0,25.1,5,10.5,2024-04
A-45ce7a,FinTech,Basic,2024-04-04,,418,,0,25.4,5,11.0,2024-04
A-45ce7a,FinTech,Enterprise,2024-03-19,,3184,,0,25.9,5,8.4,2024-03
A-08e34e,EdTech,Pro,2024-12-05,,2842,missing features,0,17.3,3,10.0,2024-12
A-08e34e,EdTech,Pro,2024-12-05,,2842,switched to competitor,0,17.3,3,10.0,2024-12
A-08e34e,EdTech,Enterprise,2024-12-26,,0,missing features,0,16.6,3,10.5,2024-12
A-08e34e,EdTech,Enterprise,2024-12-26,,0,switched to competitor,0,16.6,3,10.5,2024-12
A-08e34e,EdTech,Basic,2024-08-07,,1463,missing features,0,21.3,3,10.7,2024-08
A-08e34e,EdTech,Basic,2024-08-07,,1463,switched to competitor,0,21.3,3,10.7,2024-08
A-08e34e,EdTech,Pro,2024-08-08,,686,missing features,0,21.2,3,9.7,2024-08
A-08e34e,EdTech,Pro,2024-08-08,,686,switched to competitor,0,21.2,3,9.7,2024-08
A-08e34e,EdTech,Enterprise,2024-12-31,,2786,missing features,0,16.5,3,12.0,2024-12
A-08e34e,EdTech,Enterprise,2024-12-31,,2786,switched to competitor,0,16.5,3,12.0,2024-12
A-08e34e,EdTech,Basic,2024-09-02,,931,missing features,0,20.4,3,9.3,2024-09
A-08e34e,EdTech,Basic,2024-09-02,,931,switched to competitor,0,20.4,3,9.3,2024-09
A-08e34e,EdTech,Enterprise,2024-09-01,,5970,missing features,0,20.4,3,11.8,2024-09
A-08e34e,EdTech,Enterprise,2024-09-01,,5970,switched to competitor,0,20.4,3,11.8,2024-09
A-08e34e,EdTech,Pro,2024-09-28,,686,missing features,0,19.5,3,10.2,2024-09
A-08e34e,EdTech,Pro,2024-09-28,,686,switched to competitor,0,19.5,3,10.2,2024-09
A-08e34e,EdTech,Enterprise,2024-11-06,,5771,missing features,0,18.3,3,11.3,2024-11
A-08e34e,EdTech,Enterprise,2024-11-06,,5771,switched to competitor,0,18.3,3,11.3,2024-11
A-08e34e,EdTech,Pro,2024-07-01,,686,missing features,0,22.5,3,9.0,2024-07
A-08e34e,EdTech,Pro,2024-07-01,,686,switched to competitor,0,22.5,3,9.0,2024-07
A-08e34e,EdTech,Basic,2024-07-02,,0,missing features,0,22.4,3,9.9,2024-07
A-08e34e,EdTech,Basic,2024-07-02,,0,switched to competitor,0,22.4,3,9.9,2024-07
A-8145a0,Cybersecurity,Enterprise,2023-09-29,,4776,missing features,0,31.5,6,10.5,2023-09
A-8145a0,Cybersecurity,Enterprise,2024-02-01,2024-06-09,4975,missing features,1,4.2,6,10.7,2024-02
A-8145a0,Cybersecurity,Basic,2024-01-26,,190,missing features,0,27.6,6,10.0,2024-01
A-8145a0,Cybersecurity,Enterprise,2024-03-08,,597,missing features,0,26.3,6,7.0,2024-03
A-8145a0,Cybersecurity,Basic,2024-05-01,,0,missing features,0,24.5,6,9.7,2024-05
A-8145a0,Cybersecurity,Enterprise,2023-08-07,,796,missing features,0,33.3,6,12.3,2023-08
A-8145a0,Cybersecurity,Enterprise,2024-03-27,,398,missing features,0,25.6,6,12.1,2024-03
A-8145a0,Cybersecurity,Basic,2024-09-09,,228,missing features,0,20.2,6,7.0,2024-09
A-8145a0,Cybersecurity,Basic,2023-10-17,,836,missing features,0,30.9,6,11.0,2023-10
A-8145a0,Cybersecurity,Basic,2024-12-17,,285,missing features,0,16.9,6,9.6,2024-12
A-8145a0,Cybersecurity,Enterprise,2024-08-10,,2388,missing features,0,21.2,6,11.8,2024-08
A-8145a0,Cybersecurity,Enterprise,2023-11-13,,1791,missing features,0,30.1,6,12.4,2023-11
A-bad8c1,FinTech,Pro,2023-06-12,,2646,too expensive,0,35.1,1,8.8,2023-06
A-bad8c1,FinTech,Pro,2023-11-15,,0,too expensive,0,30.0,1,10.7,2023-11
A-bad8c1,FinTech,Pro,2024-06-03,,1813,too expensive,0,23.4,1,9.5,2024-06
A-bad8c1,FinTech,Enterprise,2024-02-22,,2388,too expensive,0,26.7,1,11.0,2024-02
A-bad8c1,FinTech,Basic,2024-03-21,,152,too expensive,0,25.8,1,13.0,2024-03
A-bad8c1,FinTech,Basic,2023-09-16,,798,too expensive,0,32.0,1,11.3,2023-09
A-bad8c1,FinTech,Enterprise,2023-12-12,,0,too expensive,0,29.1,1,10.3,2023-12
A-44dc83,EdTech,Basic,2024-06-17,,456,missing features,0,22.9,7,9.9,2024-06
A-44dc83,EdTech,Basic,2024-09-24,,0,missing features,0,19.7,7,11.2,2024-09
A-44dc83,EdTech,Enterprise,2024-11-26,,0,missing features,0,17.6,7,10.2,2024-11
A-44dc83,EdTech,Enterprise,2024-09-24,,0,missing features,0,19.7,7,10.4,2024-09
A-f446b6,DevTools,Enterprise,2024-02-11,,1393,,0,27.1,8,8.5,2024-02
A-f446b6,DevTools,Basic,2023-05-28,,570,,0,35.6,8,10.5,2023-05
A-f446b6,DevTools,Enterprise,2024-01-07,,3582,,0,28.3,8,8.5,2024-01
A-f446b6,DevTools,Pro,2024-07-21,,245,,0,21.8,8,10.3,2024-07
A-f446b6,DevTools,Basic,2024-09-08,,95,,0,20.2,8,8.7,2024-09
A-f446b6,DevTools,Basic,2024-04-17,,95,,0,24.9,8,10.7,2024-04
A-f446b6,DevTools,Pro,2024-04-25,,2597,,0,24.7,8,9.5,2024-04
A-f446b6,DevTools,Basic,2023-09-06,,228,,0,32.3,8,8.6,2023-09
A-f446b6,DevTools,Enterprise,2024-07-25,2024-10-13,2587,,1,2.6,8,10.8,2024-07
A-a45270,HealthTech,Pro,2024-08-24,,3871,missing features,0,20.7,4,7.7,2024-08
A-a45270,HealthTech,Pro,2024-08-02,,637,missing features,0,21.4,4,11.0,2024-08
A-a45270,HealthTech,Enterprise,2024-07-27,,4577,missing features,0,21.6,4,11.0,2024-07
A-a45270,HealthTech,Pro,2024-12-22,2024-12-30,147,missing features,1,0.3,4,10.2,2024-12
A-a45270,HealthTech,Enterprise,2024-10-01,,597,missing features,0,19.5,4,11.8,2024-10
A-a45270,HealthTech,Enterprise,2024-09-14,,0,missing features,0,20.0,4,13.0,2024-09
A-a45270,HealthTech,Basic,2024-12-23,,0,missing features,0,16.7,4,11.7,2024-12
A-a45270,HealthTech,Enterprise,2024-07-18,,4975,missing features,0,21.9,4,10.9,2024-07
A-a45270,HealthTech,Enterprise,2024-10-31,,2189,missing features,0,18.5,4,8.2,2024-10
A-a45270,HealthTech,Enterprise,2024-11-15,,597,missing features,0,18.0,4,11.9,2024-11
A-a45270,HealthTech,Basic,2024-09-23,,551,missing features,0,19.7,4,8.5,2024-09
A-a45270,HealthTech,Enterprise,2024-07-12,,1990,missing features,0,22.1,4,8.5,2024-07
A-854864,FinTech,Pro,2024-12-24,,980,switched to competitor,0,16.7,5,12.0,2024-12
A-854864,FinTech,Pro,2024-12-31,,980,switched to competitor,0,16.5,5,10.5,2024-12
A-854864,FinTech,Pro,2024-12-15,,4459,switched to competitor,0,17.0,5,12.0,2024-12
A-854864,FinTech,Enterprise,2024-12-09,,3980,switched to competitor,0,17.2,5,8.3,2024-12
A-854864,FinTech,Enterprise,2024-12-25,,3980,switched to competitor,0,16.7,5,9.7,2024-12
A-854864,FinTech,Basic,2024-12-27,2024-12-30,380,switched to competitor,1,0.1,5,10.5,2024-12
A-1b7577,Cybersecurity,Enterprise,2024-12-12,,1194,,0,17.1,5,9.6,2024-12
A-1b7577,Cybersecurity,Enterprise,2024-10-28,,1791,,0,18.6,5,10.8,2024-10
A-1b7577,Cybersecurity,Basic,2024-11-15,,1539,,0,18.0,5,11.0,2024-11
A-1b7577,Cybersecurity,Enterprise,2024-11-28,,796,,0,17.5,5,9.4,2024-11
A-1b7577,Cybersecurity,Pro,2024-11-14,,441,,0,18.0,5,11.0,2024-11
A-1b7577,Cybersecurity,Pro,2024-12-03,,196,,0,17.4,5,11.1,2024-12
A-1b7577,Cybersecurity,Pro,2024-12-30,,2009,,0,16.5,5,10.1,2024-12
A-1b7577,Cybersecurity,Pro,2024-12-29,,539,,0,16.5,5,9.6,2024-12
A-1b7577,Cybersecurity,Basic,2024-11-15,2024-11-15,190,,1,0.0,5,10.0,2024-11
A-1b7577,Cybersecurity,Basic,2024-11-26,2024-12-06,76,,1,0.3,5,12.0,2024-11
A-1b7577,Cybersecurity,Basic,2024-11-02,,0,,0,18.4,5,10.3,2024-11
A-05f0e5,FinTech,Basic,2023-10-31,,608,,0,30.5,4,12.3,2023-10
A-05f0e5,FinTech,Basic,2023-10-31,,608,missing features,0,30.5,4,12.3,2023-10
A-05f0e5,FinTech,Pro,2024-10-22,,3185,,0,18.8,4,12.5,2024-10
A-05f0e5,FinTech,Pro,2024-10-22,,3185,missing features,0,18.8,4,12.5,2024-10
A-05f0e5,FinTech,Basic,2024-02-28,,1064,,0,26.5,4,11.3,2024-02
A-05f0e5,FinTech,Basic,2024-02-28,,1064,missing features,0,26.5,4,11.3,2024-02
A-05f0e5,FinTech,Enterprise,2023-06-11,,6368,,0,35.2,4,11.6,2023-06
A-05f0e5,FinTech,Enterprise,2023-06-11,,6368,missing features,0,35.2,4,11.6,2023-06
A-05f0e5,FinTech,Basic,2023-10-18,,608,,0,30.9,4,9.1,2023-10
A-05f0e5,FinTech,Basic,2023-10-18,,608,missing features,0,30.9,4,9.1,2023-10
A-05f0e5,FinTech,Pro,2024-05-15,,1568,,0,24.0,4,11.6,2024-05
A-05f0e5,FinTech,Pro,2024-05-15,,1568,missing features,0,24.0,4,11.6,2024-05
A-05f0e5,FinTech,Enterprise,2024-04-29,,6368,,0,24.5,4,10.0,2024-04
A-05f0e5,FinTech,Enterprise,2024-04-29,,6368,missing features,0,24.5,4,10.0,2024-04
A-05f0e5,FinTech,Enterprise,2024-07-09,,6368,,0,22.2,4,11.1,2024-07
A-05f0e5,FinTech,Enterprise,2024-07-09,,6368,missing features,0,22.2,4,11.1,2024-07
A-05f0e5,FinTech,Pro,2023-06-30,,2254,,0,34.5,4,10.4,2023-06
A-05f0e5,FinTech,Pro,2023-06-30,,2254,missing features,0,34.5,4,10.4,2023-06
A-05f0e5,FinTech,Pro,2024-08-16,,1568,,0,21.0,4,11.4,2024-08
A-05f0e5,FinTech,Pro,2024-08-16,,1568,missing features,0,21.0,4,11.4,2024-08
A-05f0e5,FinTech,Enterprise,2024-06-11,,18308,,0,23.1,4,9.1,2024-06
A-05f0e5,FinTech,Enterprise,2024-06-11,,18308,missing features,0,23.1,4,9.1,2024-06
A-05f0e5,FinTech,Pro,2024-11-23,,2842,,0,17.7,4,8.2,2024-11
A-05f0e5,FinTech,Pro,2024-11-23,,2842,missing features,0,17.7,4,8.2,2024-11
A-9077b0,HealthTech,Enterprise,2024-12-20,,398,,0,16.8,3,11.7,2024-12
A-9077b0,HealthTech,Basic,2024-12-10,,0,,0,17.2,3,10.5,2024-12
A-9077b0,HealthTech,Pro,2024-12-08,,343,,0,17.2,3,11.0,2024-12
A-9077b0,HealthTech,Pro,2024-12-20,2024-12-30,0,,1,0.3,3,11.0,2024-12
A-9077b0,HealthTech,Basic,2024-08-26,,38,,0,20.6,3,10.8,2024-08
A-9077b0,HealthTech,Enterprise,2024-11-09,2024-12-07,2786,,1,0.9,3,11.5,2024-11
A-9077b0,HealthTech,Basic,2024-11-18,,0,,0,17.9,3,8.0,2024-11
A-7f8241,EdTech,Pro,2023-08-05,,1666,,0,33.3,1,10.0,2023-08
A-7f8241,EdTech,Enterprise,2023-11-29,,0,,0,29.5,1,9.2,2023-11
A-7f8241,EdTech,Pro,2023-07-16,,1666,,0,34.0,1,9.8,2023-07
A-7f8241,EdTech,Basic,2024-01-25,,1140,,0,27.7,1,9.0,2024-01
A-7f8241,EdTech,Enterprise,2023-06-06,,6766,,0,35.3,1,13.0,2023-06
A-7f8241,EdTech,Basic,2024-10-12,,646,,0,19.1,1,11.1,2024-10
A-7f8241,EdTech,Pro,2023-09-24,,1666,,0,31.7,1,7.5,2023-09
A-7f8241,EdTech,Enterprise,2024-06-16,,7164,,0,23.0,1,9.8,2024-06
A-7f8241,EdTech,Enterprise,2023-10-12,,6766,,0,31.1,1,7.5,2023-10
A-7f8241,EdTech,Basic,2023-12-13,,646,,0,29.1,1,9.8,2023-12
A-7f8241,EdTech,Enterprise,2024-12-24,,6766,,0,16.7,1,10.7,2024-12
A-7f8241,EdTech,Pro,2023-09-06,,1666,,0,32.3,1,8.8,2023-09
A-7f8241,EdTech,Basic,2023-05-22,,646,,0,35.8,1,10.0,2023-05
A-7f8241,EdTech,Basic,2023-03-27,,646,,0,37.7,1,8.8,2023-03
A-7f8241,EdTech,Pro,2024-08-06,,1666,,0,21.3,1,9.9,2024-08
A-2bc93d,HealthTech,Basic,2024-09-11,2024-09-27,266,missing features,1,0.5,2,10.0,2024-09
A-2bc93d,HealthTech,Basic,2024-09-11,2024-09-27,266,switched to competitor,1,0.5,2,10.0,2024-09
A-2bc93d,HealthTech,Enterprise,2023-12-31,,7960,missing features,0,28.5,2,10.0,2023-12
A-2bc93d,HealthTech,Enterprise,2023-12-31,,7960,switched to competitor,0,28.5,2,10.0,2023-12
A-2bc93d,HealthTech,Pro,2024-12-20,,1715,missing features,0,16.8,2,7.6,2024-12
A-2bc93d,HealthTech,Pro,2024-12-20,,1715,switched to competitor,0,16.8,2,7.6,2024-12
A-2bc93d,HealthTech,Enterprise,2023-08-09,,7960,missing features,0,33.2,2,9.7,2023-08
A-2bc93d,HealthTech,Enterprise,2023-08-09,,7960,switched to competitor,0,33.2,2,9.7,2023-08
A-2bc93d,HealthTech,Basic,2024-09-22,,551,missing features,0,19.7,2,13.0,2024-09
A-2bc93d,HealthTech,Basic,2024-09-22,,551,switched to competitor,0,19.7,2,13.0,2024-09
A-2bc93d,HealthTech,Enterprise,2024-09-10,,2786,missing features,0,20.1,2,10.6,2024-09
A-2bc93d,HealthTech,Enterprise,2024-09-10,,2786,switched to competitor,0,20.1,2,10.6,2024-09
A-2bc93d,HealthTech,Enterprise,2023-07-19,,2786,missing features,0,33.9,2,9.0,2023-07
A-2bc93d,HealthTech,Enterprise,2023-07-19,,2786,switched to competitor,0,33.9,2,9.0,2023-07
A-2bc93d,HealthTech,Enterprise,2024-08-31,,0,missing features,0,20.5,2,8.8,2024-08
A-2bc93d,HealthTech,Enterprise,2024-08-31,,0,switched to competitor,0,20.5,2,8.8,2024-08
A-2bc93d,HealthTech,Pro,2024-04-16,,1519,missing features,0,25.0,2,15.0,2024-04
A-2bc93d,HealthTech,Pro,2024-04-16,,1519,switched to competitor,0,25.0,2,15.0,2024-04
A-2bc93d,HealthTech,Basic,2023-07-29,,380,missing features,0,33.6,2,11.5,2023-07
A-2bc93d,HealthTech,Basic,2023-07-29,,380,switched to competitor,0,33.6,2,11.5,2023-07
A-2bc93d,HealthTech,Enterprise,2023-11-24,,3980,missing features,0,29.7,2,10.0,2023-11
A-2bc93d,HealthTech,Enterprise,2023-11-24,,3980,switched to competitor,0,29.7,2,10.0,2023-11
A-2bc93d,HealthTech,Basic,2024-03-26,,1805,missing features,0,25.7,2,8.8,2024-03
A-2bc93d,HealthTech,Basic,2024-03-26,,1805,switched to competitor,0,25.7,2,8.8,2024-03
A-2bc93d,HealthTech,Pro,2024-02-23,,686,missing features,0,26.7,2,9.6,2024-02
A-2bc93d,HealthTech,Pro,2024-02-23,,686,switched to competitor,0,26.7,2,9.6,2024-02
A-f3ff05,FinTech,Basic,2024-12-02,,570,too expensive,0,17.4,3,7.5,2024-12
A-f3ff05,FinTech,Pro,2024-11-26,,196,too expensive,0,17.6,3,7.3,2024-11
A-f3ff05,FinTech,Basic,2024-11-10,,0,too expensive,0,18.1,3,10.3,2024-11
A-f3ff05,FinTech,Pro,2024-09-21,,1715,too expensive,0,19.8,3,11.0,2024-09
A-f3ff05,FinTech,Pro,2024-08-22,,196,too expensive,0,20.8,3,7.0,2024-08
A-f3ff05,FinTech,Enterprise,2024-10-19,,9552,too expensive,0,18.9,3,9.0,2024-10
A-f3ff05,FinTech,Enterprise,2024-09-11,,796,too expensive,0,20.1,3,12.1,2024-09
A-f3ff05,FinTech,Basic,2024-08-03,,361,too expensive,0,21.4,3,11.5,2024-08
A-f3ff05,FinTech,Basic,2024-10-07,,38,too expensive,0,19.3,3,11.7,2024-10
A-f3ff05,FinTech,Enterprise,2024-09-19,,5373,too expensive,0,19.8,3,9.6,2024-09
A-f3ff05,FinTech,Basic,2024-08-02,2024-09-01,38,too expensive,1,1.0,3,9.0,2024-08
A-f3ff05,FinTech,Pro,2024-11-24,,98,too expensive,0,17.7,3,11.7,2024-11
A-f3ff05,FinTech,Basic,2024-08-01,,532,too expensive,0,21.5,3,10.3,2024-08
A-2d4502,FinTech,Basic,2024-11-02,,266,,0,18.4,3,10.2,2024-11
A-2d4502,FinTech,Enterprise,2024-07-19,,8159,,0,21.9,3,10.9,2024-07
A-2d4502,FinTech,Pro,2024-04-30,,392,,0,24.5,3,9.2,2024-04
A-2d4502,FinTech,Basic,2024-09-25,,0,,0,19.6,3,7.4,2024-09
A-2d4502,FinTech,Basic,2024-07-14,,1159,,0,22.0,3,9.3,2024-07
A-2d4502,FinTech,Enterprise,2024-09-04,,4378,,0,20.3,3,10.7,2024-09
A-2d4502,FinTech,Enterprise,2024-12-12,,6766,,0,17.1,3,7.0,2024-12
A-2d4502,FinTech,Enterprise,2024-11-02,,5970,,0,18.4,3,9.2,2024-11
A-2d4502,FinTech,Pro,2024-12-04,,588,,0,17.3,3,12.3,2024-12
A-2d4502,FinTech,Enterprise,2024-08-31,,1393,,0,20.5,3,8.5,2024-08
A-6a4e2d,EdTech,Pro,2023-12-04,,784,,0,29.4,2,11.3,2023-12
A-6a4e2d,EdTech,Basic,2023-07-09,,1026,,0,34.2,2,9.6,2023-07
A-6a4e2d,EdTech,Enterprise,2023-07-12,,1791,,0,34.1,2,8.6,2023-07
A-6a4e2d,EdTech,Enterprise,2023-08-03,,4378,,0,33.4,2,8.7,2023-08
A-6a4e2d,EdTech,Pro,2024-10-15,2024-11-07,686,,1,0.8,2,9.3,2024-10
A-6a4e2d,EdTech,Basic,2024-09-13,,494,,0,20.0,2,9.8,2024-09
A-6a4e2d,EdTech,Pro,2023-05-29,2024-07-19,0,,1,13.7,2,10.8,2023-05
A-6a4e2d,EdTech,Basic,2024-04-06,,380,,0,25.3,2,8.5,2024-04
A-6a4e2d,EdTech,Basic,2024-01-23,2024-11-03,171,,1,9.4,2,10.9,2024-01
A-6a4e2d,EdTech,Basic,2023-11-15,,266,,0,30.0,2,12.0,2023-11
A-6a4e2d,EdTech,Basic,2024-03-12,,418,,0,26.1,2,11.5,2024-03
A-eb7c38,DevTools,Enterprise,2024-09-02,2024-12-15,2985,,1,3.4,5,10.0,2024-09
A-eb7c38,DevTools,Enterprise,2024-07-02,,6567,,0,22.4,5,9.5,2024-07
A-eb7c38,DevTools,Pro,2024-08-27,,0,,0,20.6,5,8.8,2024-08
A-eb7c38,DevTools,Basic,2024-10-21,,95,,0,18.8,5,9.6,2024-10
A-eb7c38,DevTools,Basic,2024-09-26,2024-10-10,0,,1,0.5,5,11.3,2024-09
A-eb7c38,DevTools,Pro,2024-11-01,,686,,0,18.4,5,10.4,2024-11
A-eb7c38,DevTools,Basic,2024-07-29,,95,,0,21.6,5,9.5,2024-07
A-eb7c38,DevTools,Enterprise,2024-05-24,2024-10-19,17910,,1,4.9,5,8.3,2024-05
A-eb7c38,DevTools,Enterprise,2024-04-11,,0,,0,25.1,5,8.7,2024-04
A-eb7c38,DevTools,Basic,2024-04-12,,1938,,0,25.1,5,8.3,2024-04
A-eb7c38,DevTools,Basic,2024-07-04,,171,,0,22.4,5,10.6,2024-07
A-eb7c38,DevTools,Basic,2024-04-23,2024-08-02,171,,1,3.3,5,11.6,2024-04
A-eb7c38,DevTools,Pro,2024-09-16,,0,,0,19.9,5,8.7,2024-09
A-eb7c38,DevTools,Basic,2024-12-04,,627,,0,17.3,5,12.2,2024-12
A-eb7c38,DevTools,Enterprise,2024-10-28,,6965,,0,18.6,5,9.7,2024-10
A-c37601,EdTech,Pro,2024-11-01,,588,switched to competitor,0,18.4,4,13.0,2024-11
A-c37601,EdTech,Pro,2024-12-30,,0,switched to competitor,0,16.5,4,11.5,2024-12
A-c37601,EdTech,Pro,2024-12-29,,0,switched to competitor,0,16.5,4,9.8,2024-12
A-c37601,EdTech,Basic,2024-11-29,,418,switched to competitor,0,17.5,4,11.7,2024-11
A-c37601,EdTech,Pro,2024-12-23,,1372,switched to competitor,0,16.7,4,9.8,2024-12
A-c37601,EdTech,Enterprise,2024-12-24,,2388,switched to competitor,0,16.7,4,7.3,2024-12
A-c37601,EdTech,Enterprise,2024-12-17,2024-12-29,2985,switched to competitor,1,0.4,4,0.0,2024-12
A-c37601,EdTech,Pro,2024-11-02,,490,switched to competitor,0,18.4,4,9.3,2024-11
A-c37601,EdTech,Pro,2024-11-04,2024-12-09,0,switched to competitor,1,1.1,4,15.0,2024-11
A-c37601,EdTech,Enterprise,2024-11-11,,1194,switched to competitor,0,18.1,4,11.0,2024-11
A-c37601,EdTech,Enterprise,2024-12-30,,10746,switched to competitor,0,16.5,4,8.5,2024-12
A-c37601,EdTech,Pro,2024-12-28,,294,switched to competitor,0,16.6,4,11.5,2024-12
A-3b5cd1,FinTech,Basic,2024-01-03,,304,missing features,0,28.4,5,9.5,2024-01
A-3b5cd1,FinTech,Basic,2024-01-03,,304,missing features,0,28.4,5,9.5,2024-01
A-3b5cd1,FinTech,Basic,2024-01-03,,304,too expensive,0,28.4,5,9.5,2024-01
A-3b5cd1,FinTech,Enterprise,2024-11-24,,2587,missing features,0,17.7,5,10.5,2024-11
A-3b5cd1,FinTech,Enterprise,2024-11-24,,2587,missing features,0,17.7,5,10.5,2024-11
A-3b5cd1,FinTech,Enterprise,2024-11-24,,2587,too expensive,0,17.7,5,10.5,2024-11
A-3b5cd1,FinTech,Enterprise,2024-02-27,,3582,missing features,0,26.6,5,11.8,2024-02
A-3b5cd1,FinTech,Enterprise,2024-02-27,,3582,missing features,0,26.6,5,11.8,2024-02
A-3b5cd1,FinTech,Enterprise,2024-02-27,,3582,too expensive,0,26.6,5,11.8,2024-02
A-3b5cd1,FinTech,Pro,2023-09-30,,0,missing features,0,31.5,5,0.0,2023-09
A-3b5cd1,FinTech,Pro,2023-09-30,,0,missing features,0,31.5,5,0.0,2023-09
A-3b5cd1,FinTech,Pro,2023-09-30,,0,too expensive,0,31.5,5,0.0,2023-09
A-3b5cd1,FinTech,Pro,2024-03-24,,637,missing features,0,25.7,5,9.8,2024-03
A-3b5cd1,FinTech,Pro,2024-03-24,,637,missing features,0,25.7,5,9.8,2024-03
A-3b5cd1,FinTech,Pro,2024-03-24,,637,too expensive,0,25.7,5,9.8,2024-03
A-3b5cd1,FinTech,Basic,2024-01-29,,247,missing features,0,27.5,5,9.0,2024-01
A-3b5cd1,FinTech,Basic,2024-01-29,,247,missing features,0,27.5,5,9.0,2024-01
A-3b5cd1,FinTech,Basic,2024-01-29,,247,too expensive,0,27.5,5,9.0,2024-01
A-3b5cd1,FinTech,Pro,2023-10-07,,1519,missing features,0,31.3,5,10.0,2023-10
A-3b5cd1,FinTech,Pro,2023-10-07,,1519,missing features,0,31.3,5,10.0,2023-10
A-3b5cd1,FinTech,Pro,2023-10-07,,1519,too expensive,0,31.3,5,10.0,2023-10
A-3b5cd1,FinTech,Pro,2023-11-18,,637,missing features,0,29.9,5,9.0,2023-11
A-3b5cd1,FinTech,Pro,2023-11-18,,637,missing features,0,29.9,5,9.0,2023-11
A-3b5cd1,FinTech,Pro,2023-11-18,,637,too expensive,0,29.9,5,9.0,2023-11
A-3b5cd1,FinTech,Enterprise,2024-12-24,,4179,missing features,0,16.7,5,10.8,2024-12
A-3b5cd1,FinTech,Enterprise,2024-12-24,,4179,missing features,0,16.7,5,10.8,2024-12
A-3b5cd1,FinTech,Enterprise,2024-12-24,,4179,too expensive,0,16.7,5,10.8,2024-12
A-3b5cd1,FinTech,Pro,2023-10-09,,1029,missing features,0,31.2,5,6.3,2023-10
A-3b5cd1,FinTech,Pro,2023-10-09,,1029,missing features,0,31.2,5,6.3,2023-10
A-3b5cd1,FinTech,Pro,2023-10-09,,1029,too expensive,0,31.2,5,6.3,2023-10
A-3b5cd1,FinTech,Enterprise,2024-06-11,,0,missing features,0,23.1,5,10.0,2024-06
A-3b5cd1,FinTech,Enterprise,2024-06-11,,0,missing features,0,23.1,5,10.0,2024-06
A-3b5cd1,FinTech,Enterprise,2024-06-11,,0,too expensive,0,23.1,5,10.0,2024-06
A-3b5cd1,FinTech,Enterprise,2024-12-24,,6368,missing features,0,16.7,5,11.3,2024-12
A-3b5cd1,FinTech,Enterprise,2024-12-24,,6368,missing features,0,16.7,5,11.3,2024-12
A-3b5cd1,FinTech,Enterprise,2024-12-24,,6368,too expensive,0,16.7,5,11.3,2024-12
A-3b5cd1,FinTech,Enterprise,2023-12-29,,2587,missing features,0,28.6,5,12.3,2023-12
A-3b5cd1,FinTech,Enterprise,2023-12-29,,2587,missing features,0,28.6,5,12.3,2023-12
A-3b5cd1,FinTech,Enterprise,2023-12-29,,2587,too expensive,0,28.6,5,12.3,2023-12
A-b2225d,FinTech,Basic,2024-08-18,,893,,0,20.9,2,10.0,2024-08
A-b2225d,FinTech,Basic,2024-08-18,,893,switched to competitor,0,20.9,2,10.0,2024-08
A-b2225d,FinTech,Basic,2024-08-18,,893,too expensive,0,20.9,2,10.0,2024-08
A-b2225d,FinTech,Pro,2024-08-04,,2303,,0,21.4,2,9.3,2024-08
A-b2225d,FinTech,Pro,2024-08-04,,2303,switched to competitor,0,21.4,2,9.3,2024-08
A-b2225d,FinTech,Pro,2024-08-04,,2303,too expensive,0,21.4,2,9.3,2024-08
A-b2225d,FinTech,Pro,2024-09-01,,2303,,0,20.4,2,10.0,2024-09
A-b2225d,FinTech,Pro,2024-09-01,,2303,switched to competitor,0,20.4,2,10.0,2024-09
A-b2225d,FinTech,Pro,2024-09-01,,2303,too expensive,0,20.4,2,10.0,2024-09
A-b2225d,FinTech,Enterprise,2024-04-02,,0,,0,25.4,2,12.8,2024-04
A-b2225d,FinTech,Enterprise,2024-04-02,,0,switched to competitor,0,25.4,2,12.8,2024-04
A-b2225d,FinTech,Enterprise,2024-04-02,,0,too expensive,0,25.4,2,12.8,2024-04
A-b2225d,FinTech,Basic,2024-12-10,,893,,0,17.2,2,9.4,2024-12
A-b2225d,FinTech,Basic,2024-12-10,,893,switched to competitor,0,17.2,2,9.4,2024-12
A-b2225d,FinTech,Basic,2024-12-10,,893,too expensive,0,17.2,2,9.4,2024-12
A-b2225d,FinTech,Basic,2024-10-29,,0,,0,18.5,2,7.6,2024-10
A-b2225d,FinTech,Basic,2024-10-29,,0,switched to competitor,0,18.5,2,7.6,2024-10
A-b2225d,FinTech,Basic,2024-10-29,,0,too expensive,0,18.5,2,7.6,2024-10
A-b2225d,FinTech,Basic,2024-09-17,,0,,0,19.9,2,10.8,2024-09
A-b2225d,FinTech,Basic,2024-09-17,,0,switched to competitor,0,19.9,2,10.8,2024-09
A-b2225d,FinTech,Basic,2024-09-17,,0,too expensive,0,19.9,2,10.8,2024-09
A-b2225d,FinTech,Basic,2024-10-17,,0,,0,18.9,2,8.8,2024-10
A-b2225d,FinTech,Basic,2024-10-17,,0,switched to competitor,0,18.9,2,8.8,2024-10
A-b2225d,FinTech,Basic,2024-10-17,,0,too expensive,0,18.9,2,8.8,2024-10
A-b2225d,FinTech,Pro,2024-11-03,,2450,,0,18.4,2,9.3,2024-11
A-b2225d,FinTech,Pro,2024-11-03,,2450,switched to competitor,0,18.4,2,9.3,2024-11
A-b2225d,FinTech,Pro,2024-11-03,,2450,too expensive,0,18.4,2,9.3,2024-11
A-b2225d,FinTech,Enterprise,2024-05-13,,9353,,0,24.1,2,10.3,2024-05
A-b2225d,FinTech,Enterprise,2024-05-13,,9353,switched to competitor,0,24.1,2,10.3,2024-05
A-b2225d,FinTech,Enterprise,2024-05-13,,9353,too expensive,0,24.1,2,10.3,2024-05
A-b2225d,FinTech,Enterprise,2024-05-22,,0,,0,23.8,2,7.8,2024-05
A-b2225d,FinTech,Enterprise,2024-05-22,,0,switched to competitor,0,23.8,2,7.8,2024-05
A-b2225d,FinTech,Enterprise,2024-05-22,,0,too expensive,0,23.8,2,7.8,2024-05
A-b2225d,FinTech,Basic,2024-05-21,,893,,0,23.8,2,9.0,2024-05
A-b2225d,FinTech,Basic,2024-05-21,,893,switched to competitor,0,23.8,2,9.0,2024-05
A-b2225d,FinTech,Basic,2024-05-21,,893,too expensive,0,23.8,2,9.0,2024-05
A-94f8c9,HealthTech,Pro,2024-04-05,,637,,0,25.3,3,9.2,2024-04
A-94f8c9,HealthTech,Enterprise,2024-12-31,,2587,,0,16.5,3,9.4,2024-12
A-94f8c9,HealthTech,Enterprise,2024-04-11,,2587,,0,25.1,3,9.8,2024-04
A-94f8c9,HealthTech,Enterprise,2024-04-17,2024-05-29,0,,1,1.4,3,10.9,2024-04
A-94f8c9,HealthTech,Enterprise,2024-12-17,,7164,,0,16.9,3,8.9,2024-12
A-94f8c9,HealthTech,Enterprise,2024-08-11,,2587,,0,21.1,3,10.6,2024-08
A-94f8c9,HealthTech,Basic,2024-10-21,,247,,0,18.8,3,9.0,2024-10
A-94f8c9,HealthTech,Enterprise,2024-07-16,,2587,,0,22.0,3,11.7,2024-07
A-94f8c9,HealthTech,Enterprise,2024-08-02,,2587,,0,21.4,3,8.6,2024-08
A-94f8c9,HealthTech,Basic,2024-12-23,,247,,0,16.7,3,11.4,2024-12
A-94f8c9,HealthTech,Basic,2024-06-26,,0,,0,22.6,3,8.0,2024-06
A-94f8c9,HealthTech,Enterprise,2024-10-19,,3383,,0,18.9,3,11.0,2024-10
A-94f8c9,HealthTech,Enterprise,2024-11-25,,2587,,0,17.6,3,5.7,2024-11
A-94f8c9,HealthTech,Enterprise,2024-11-29,,3383,,0,17.5,3,10.7,2024-11
A-94f8c9,HealthTech,Basic,2024-06-26,,1406,,0,22.6,3,9.0,2024-06
A-94f8c9,HealthTech,Enterprise,2024-07-25,,0,,0,21.7,3,10.0,2024-07
A-02fac6,FinTech,Pro,2024-05-23,,1078,missing features,0,23.8,6,9.4,2024-05
A-02fac6,FinTech,Enterprise,2024-09-20,,4378,missing features,0,19.8,6,9.2,2024-09
A-02fac6,FinTech,Enterprise,2023-11-20,,4378,missing features,0,29.8,6,9.3,2023-11
A-02fac6,FinTech,Enterprise,2024-05-02,,4577,missing features,0,24.4,6,11.0,2024-05
A-02fac6,FinTech,Enterprise,2024-10-06,,4378,missing features,0,19.3,6,9.5,2024-10
A-02fac6,FinTech,Pro,2024-01-19,,1078,missing features,0,27.9,6,11.5,2024-01
A-02fac6,FinTech,Pro,2024-10-18,,1078,missing features,0,18.9,6,11.3,2024-10
A-02fac6,FinTech,Pro,2023-10-21,,1078,missing features,0,30.8,6,9.0,2023-10
A-02fac6,FinTech,Basic,2024-09-22,,418,missing features,0,19.7,6,6.5,2024-09
A-02fac6,FinTech,Pro,2024-05-30,,2891,missing features,0,23.5,6,11.3,2024-05
A-02fac6,FinTech,Pro,2024-09-10,,1078,missing features,0,20.1,6,9.0,2024-09
A-c1dfe1,DevTools,Basic,2024-09-22,,494,missing features,0,19.7,3,10.0,2024-09
A-c1dfe1,DevTools,Basic,2024-09-22,,494,missing features,0,19.7,3,10.0,2024-09
A-c1dfe1,DevTools,Basic,2024-02-04,,494,missing features,0,27.3,3,10.0,2024-02
A-c1dfe1,DevTools,Basic,2024-02-04,,494,missing features,0,27.3,3,10.0,2024-02
A-c1dfe1,DevTools,Enterprise,2024-07-07,,5174,missing features,0,22.3,3,9.0,2024-07
A-c1dfe1,DevTools,Enterprise,2024-07-07,,5174,missing features,0,22.3,3,9.0,2024-07
A-c1dfe1,DevTools,Enterprise,2024-05-01,,5174,missing features,0,24.5,3,8.0,2024-05
A-c1dfe1,DevTools,Enterprise,2024-05-01,,5174,missing features,0,24.5,3,8.0,2024-05
A-c1dfe1,DevTools,Basic,2023-12-17,,627,missing features,0,28.9,3,8.0,2023-12
A-c1dfe1,DevTools,Basic,2023-12-17,,627,missing features,0,28.9,3,8.0,2023-12
A-c1dfe1,DevTools,Enterprise,2024-03-04,,5174,missing features,0,26.4,3,9.4,2024-03
A-c1dfe1,DevTools,Enterprise,2024-03-04,,5174,missing features,0,26.4,3,9.4,2024-03
A-c1dfe1,DevTools,Enterprise,2024-07-26,,8159,missing features,0,21.7,3,11.0,2024-07
A-c1dfe1,DevTools,Enterprise,2024-07-26,,8159,missing features,0,21.7,3,11.0,2024-07
A-c1dfe1,DevTools,Basic,2023-10-26,2024-03-17,494,missing features,1,4.7,3,10.5,2023-10
A-c1dfe1,DevTools,Basic,2023-10-26,2024-03-17,494,missing features,1,4.7,3,10.5,2023-10
A-32728c,DevTools,Basic,2024-05-05,,380,,0,24.3,2,11.5,2024-05
A-32728c,DevTools,Basic,2024-05-05,,380,missing features,0,24.3,2,11.5,2024-05
A-32728c,DevTools,Basic,2024-05-05,,380,switched to competitor,0,24.3,2,11.5,2024-05
A-32728c,DevTools,Pro,2023-06-20,,980,,0,34.9,2,8.8,2023-06
A-32728c,DevTools,Pro,2023-06-20,,980,missing features,0,34.9,2,8.8,2023-06
A-32728c,DevTools,Pro,2023-06-20,,980,switched to competitor,0,34.9,2,8.8,2023-06
A-32728c,DevTools,Pro,2023-04-04,,980,,0,37.4,2,9.9,2023-04
A-32728c,DevTools,Pro,2023-04-04,,980,missing features,0,37.4,2,9.9,2023-04
A-32728c,DevTools,Pro,2023-04-04,,980,switched to competitor,0,37.4,2,9.9,2023-04
A-32728c,DevTools,Basic,2024-09-17,,798,,0,19.9,2,10.0,2024-09
A-32728c,DevTools,Basic,2024-09-17,,798,missing features,0,19.9,2,10.0,2024-09
A-32728c,DevTools,Basic,2024-09-17,,798,switched to competitor,0,19.9,2,10.0,2024-09
A-32728c,DevTools,Basic,2023-07-01,2024-04-07,380,,1,9.2,2,9.6,2023-07
A-32728c,DevTools,Basic,2023-07-01,2024-04-07,380,missing features,1,9.2,2,9.6,2023-07
A-32728c,DevTools,Basic,2023-07-01,2024-04-07,380,switched to competitor,1,9.2,2,9.6,2023-07
A-32728c,DevTools,Enterprise,2024-04-18,,0,,0,24.9,2,10.3,2024-04
A-32728c,DevTools,Enterprise,2024-04-18,,0,missing features,0,24.9,2,10.3,2024-04
A-32728c,DevTools,Enterprise,2024-04-18,,0,switched to competitor,0,24.9,2,10.3,2024-04
A-32728c,DevTools,Pro,2023-05-21,,980,,0,35.8,2,11.5,2023-05
A-32728c,DevTools,Pro,2023-05-21,,980,missing features,0,35.8,2,11.5,2023-05
A-32728c,DevTools,Pro,2023-05-21,,980,switched to competitor,0,35.8,2,11.5,2023-05
A-32728c,DevTools,Enterprise,2024-03-23,,0,,0,25.8,2,11.0,2024-03
A-32728c,DevTools,Enterprise,2024-03-23,,0,missing features,0,25.8,2,11.0,2024-03
A-32728c,DevTools,Enterprise,2024-03-23,,0,switched to competitor,0,25.8,2,11.0,2024-03
A-4c38bc,HealthTech,Pro,2024-05-10,,1764,,0,24.2,3,9.8,2024-05
A-4c38bc,HealthTech,Enterprise,2024-08-24,,7164,,0,20.7,3,11.2,2024-08
A-4c38bc,HealthTech,Pro,2024-12-10,,1764,,0,17.2,3,9.1,2024-12
A-4c38bc,HealthTech,Pro,2024-05-09,,1764,,0,24.2,3,9.0,2024-05
A-4c38bc,HealthTech,Pro,2024-06-01,,1764,,0,23.5,3,12.5,2024-06
A-4c38bc,HealthTech,Enterprise,2024-07-14,,7164,,0,22.0,3,11.9,2024-07
A-4c38bc,HealthTech,Basic,2024-04-21,2024-10-25,684,,1,6.1,3,11.0,2024-04
A-4c38bc,HealthTech,Enterprise,2024-11-06,,7164,,0,18.3,3,9.0,2024-11
A-4c38bc,HealthTech,Basic,2024-04-21,,0,,0,24.8,3,12.4,2024-04
A-4c38bc,HealthTech,Enterprise,2024-10-19,,7164,,0,18.9,3,10.8,2024-10
A-4c38bc,HealthTech,Pro,2024-12-27,2024-12-28,1764,,1,0.0,3,11.7,2024-12
A-4c38bc,HealthTech,Basic,2024-04-30,,684,,0,24.5,3,7.0,2024-04
A-4c38bc,HealthTech,Enterprise,2024-04-03,,7164,,0,25.4,3,7.9,2024-04
A-4c38bc,HealthTech,Basic,2024-10-07,,684,,0,19.3,3,7.5,2024-10
A-4c38bc,HealthTech,Basic,2024-03-17,,684,,0,26.0,3,9.0,2024-03
A-4c38bc,HealthTech,Basic,2024-07-06,,684,,0,22.3,3,11.4,2024-07
A-1b707d,Cybersecurity,Enterprise,2023-11-18,,3184,missing features,0,29.9,3,10.3,2023-11
A-1b707d,Cybersecurity,Basic,2024-05-03,2024-07-14,152,missing features,1,2.4,3,9.7,2024-05
A-1b707d,Cybersecurity,Basic,2024-12-27,,0,missing features,0,16.6,3,10.5,2024-12
A-1b707d,Cybersecurity,Enterprise,2024-04-13,,3781,missing features,0,25.1,3,10.4,2024-04
A-1b707d,Cybersecurity,Basic,2024-11-08,,456,missing features,0,18.2,3,10.1,2024-11
A-1b707d,Cybersecurity,Pro,2024-01-24,,637,missing features,0,27.7,3,7.5,2024-01
A-1b707d,Cybersecurity,Basic,2024-10-27,,779,missing features,0,18.6,3,11.6,2024-10
A-1b707d,Cybersecurity,Pro,2023-11-14,,343,missing features,0,30.0,3,13.5,2023-11
A-6f8ad2,EdTech,Basic,2024-09-27,,551,,0,19.6,4,8.9,2024-09
A-6f8ad2,EdTech,Basic,2024-08-13,,152,,0,21.1,4,14.3,2024-08
A-6f8ad2,EdTech,Pro,2024-10-07,2024-10-12,0,,1,0.2,4,9.7,2024-10
A-6f8ad2,EdTech,Enterprise,2024-08-11,,6965,,0,21.1,4,10.6,2024-08
A-6f8ad2,EdTech,Enterprise,2024-08-26,,5373,,0,20.6,4,11.0,2024-08
A-6f8ad2,EdTech,Enterprise,2024-10-03,,995,,0,19.4,4,11.2,2024-10
A-6f8ad2,EdTech,Enterprise,2024-09-16,,1393,,0,19.9,4,8.5,2024-09
A-6f8ad2,EdTech,Pro,2024-12-27,,343,,0,16.6,4,10.6,2024-12
A-6f8ad2,EdTech,Pro,2024-08-23,,1274,,0,20.7,4,11.8,2024-08
A-6f8ad2,EdTech,Enterprise,2024-08-16,,3980,,0,21.0,4,9.0,2024-08
A-6f8ad2,EdTech,Pro,2024-09-08,,49,,0,20.2,4,8.3,2024-09
A-6f8ad2,EdTech,Basic,2024-12-31,,779,,0,16.5,4,12.5,2024-12
A-6f8ad2,EdTech,Pro,2024-12-04,,2009,,0,17.3,4,10.8,2024-12
A-6f8ad2,EdTech,Pro,2024-09-03,2024-10-03,882,,1,1.0,4,11.5,2024-09
A-6f8ad2,EdTech,Basic,2024-10-23,,399,,0,18.7,4,8.3,2024-10
A-6f8ad2,EdTech,Pro,2024-10-22,,784,,0,18.8,4,11.5,2024-10
A-6f8ad2,EdTech,Basic,2024-07-22,,0,,0,21.8,4,8.4,2024-07
A-4d1e75,DevTools,Pro,2024-10-10,,980,missing features,0,19.2,2,10.6,2024-10
A-4d1e75,DevTools,Pro,2024-09-17,,980,missing features,0,19.9,2,6.0,2024-09
A-4d1e75,DevTools,Basic,2024-09-07,,380,missing features,0,20.2,2,8.5,2024-09
A-4d1e75,DevTools,Basic,2024-10-18,,0,missing features,0,18.9,2,9.3,2024-10
A-4d1e75,DevTools,Pro,2024-11-14,,1911,missing features,0,18.0,2,10.2,2024-11
A-4d1e75,DevTools,Enterprise,2024-10-27,,3980,missing features,0,18.6,2,9.5,2024-10
A-4d1e75,DevTools,Basic,2024-12-17,,380,missing features,0,16.9,2,11.0,2024-12
A-4d1e75,DevTools,Enterprise,2024-09-14,,12338,missing features,0,20.0,2,7.5,2024-09
A-4d1e75,DevTools,Pro,2024-11-17,,1519,missing features,0,17.9,2,9.8,2024-11
A-4d1e75,DevTools,Basic,2024-10-10,,380,missing features,0,19.2,2,11.5,2024-10
A-4d1e75,DevTools,Pro,2024-12-17,,0,missing features,0,16.9,2,7.4,2024-12
A-4d1e75,DevTools,Enterprise,2024-10-11,,7562,missing features,0,19.1,2,8.5,2024-10
A-4d1e75,DevTools,Pro,2024-10-31,,980,missing features,0,18.5,2,9.3,2024-10
A-9ee962,HealthTech,Basic,2024-05-25,2024-09-23,171,,1,4.0,3,10.4,2024-05
A-9ee962,HealthTech,Basic,2024-07-18,,171,,0,21.9,3,8.0,2024-07
A-9ee962,HealthTech,Basic,2023-09-28,2023-11-27,0,,1,2.0,3,13.0,2023-09
A-9ee962,HealthTech,Pro,2023-07-09,,1225,,0,34.2,3,11.8,2023-07
A-9ee962,HealthTech,Basic,2023-11-22,,0,,0,29.8,3,9.6,2023-11
A-9ee962,HealthTech,Enterprise,2024-06-06,,5771,,0,23.3,3,0.0,2024-06
A-9ee962,HealthTech,Pro,2023-08-27,,1470,,0,32.6,3,10.3,2023-08
A-9ee962,HealthTech,Basic,2024-05-21,,171,,0,23.8,3,13.2,2024-05
A-9ee962,HealthTech,Pro,2023-06-23,,441,,0,34.8,3,12.8,2023-06
A-378b99,EdTech,Pro,2024-10-07,,588,switched to competitor,0,19.3,6,8.4,2024-10
A-378b99,EdTech,Pro,2024-10-24,,392,switched to competitor,0,18.7,6,9.0,2024-10
A-378b99,EdTech,Basic,2024-11-03,,1121,switched to competitor,0,18.4,6,10.2,2024-11
A-378b99,EdTech,Enterprise,2024-11-05,,3184,switched to competitor,0,18.3,6,9.8,2024-11
A-378b99,EdTech,Basic,2024-09-19,,1292,switched to competitor,0,19.8,6,11.5,2024-09
A-378b99,EdTech,Pro,2024-12-05,,784,switched to competitor,0,17.3,6,10.0,2024-12
A-378b99,EdTech,Pro,2024-10-14,,0,switched to competitor,0,19.0,6,10.2,2024-10
A-378b99,EdTech,Enterprise,2024-12-02,,0,switched to competitor,0,17.4,6,9.0,2024-12
A-378b99,EdTech,Pro,2024-09-10,,931,switched to competitor,0,20.1,6,9.0,2024-09
A-378b99,EdTech,Pro,2024-10-14,,441,switched to competitor,0,19.0,6,10.0,2024-10
A-378b99,EdTech,Enterprise,2024-12-02,2024-12-30,1592,switched to competitor,1,0.9,6,10.8,2024-12
A-378b99,EdTech,Enterprise,2024-11-08,,1791,switched to competitor,0,18.2,6,10.3,2024-11
A-94d3da,HealthTech,Basic,2024-08-04,,0,switched to competitor,0,21.4,6,6.5,2024-08
A-94d3da,HealthTech,Pro,2024-03-03,,0,switched to competitor,0,26.4,6,8.2,2024-03
A-94d3da,HealthTech,Basic,2024-10-28,,779,switched to competitor,0,18.6,6,9.0,2024-10
A-94d3da,HealthTech,Pro,2023-06-04,2023-10-21,2009,switched to competitor,1,4.6,6,11.5,2023-06
A-94d3da,HealthTech,Pro,2023-09-09,,0,switched to competitor,0,32.2,6,9.4,2023-09
A-94d3da,HealthTech,Pro,2023-06-03,,2009,switched to competitor,0,35.4,6,9.0,2023-06
A-94d3da,HealthTech,Enterprise,2023-06-05,,8159,switched to competitor,0,35.4,6,11.3,2023-06
A-94d3da,HealthTech,Pro,2023-09-26,,0,switched to competitor,0,31.6,6,12.7,2023-09
A-94d3da,HealthTech,Basic,2023-12-26,,779,switched to competitor,0,28.6,6,10.3,2023-12
A-94d3da,HealthTech,Basic,2023-12-01,,779,switched to competitor,0,29.5,6,9.7,2023-12
A-94d3da,HealthTech,Basic,2024-02-07,,0,switched to competitor,0,27.2,6,9.0,2024-02
A-94d3da,HealthTech,Enterprise,2024-09-28,,8159,switched to competitor,0,19.5,6,9.0,2024-09
A-e351e1,EdTech,Basic,2024-12-26,2024-12-29,627,,1,0.1,4,11.0,2024-12
A-e351e1,EdTech,Basic,2024-12-26,2024-12-29,627,missing features,1,0.1,4,11.0,2024-12
A-e351e1,EdTech,Basic,2024-12-26,2024-12-29,627,switched to competitor,1,0.1,4,11.0,2024-12
A-e351e1,EdTech,Basic,2024-10-01,,627,,0,19.5,4,8.8,2024-10
A-e351e1,EdTech,Basic,2024-10-01,,627,missing features,0,19.5,4,8.8,2024-10
A-e351e1,EdTech,Basic,2024-10-01,,627,switched to competitor,0,19.5,4,8.8,2024-10
A-e351e1,EdTech,Pro,2024-10-01,,1617,,0,19.5,4,10.8,2024-10
A-e351e1,EdTech,Pro,2024-10-01,,1617,missing features,0,19.5,4,10.8,2024-10
A-e351e1,EdTech,Pro,2024-10-01,,1617,switched to competitor,0,19.5,4,10.8,2024-10
A-e351e1,EdTech,Basic,2024-11-11,,0,,0,18.1,4,10.2,2024-11
A-e351e1,EdTech,Basic,2024-11-11,,0,missing features,0,18.1,4,10.2,2024-11
A-e351e1,EdTech,Basic,2024-11-11,,0,switched to competitor,0,18.1,4,10.2,2024-11
A-e351e1,EdTech,Basic,2024-09-27,,627,,0,19.6,4,9.6,2024-09
A-e351e1,EdTech,Basic,2024-09-27,,627,missing features,0,19.6,4,9.6,2024-09
A-e351e1,EdTech,Basic,2024-09-27,,627,switched to competitor,0,19.6,4,9.6,2024-09
A-9badbd,Cybersecurity,Pro,2024-10-15,,3773,,0,19.0,5,9.7,2024-10
A-9badbd,Cybersecurity,Basic,2024-11-02,,779,,0,18.4,5,12.3,2024-11
A-9badbd,Cybersecurity,Enterprise,2024-07-01,,5970,,0,22.5,5,12.3,2024-07
A-9badbd,Cybersecurity,Basic,2024-08-22,,1957,,0,20.8,5,7.3,2024-08
A-9badbd,Cybersecurity,Basic,2024-10-21,,0,,0,18.8,5,12.7,2024-10
A-9badbd,Cybersecurity,Enterprise,2024-09-05,,4577,,0,20.3,5,9.6,2024-09
A-9badbd,Cybersecurity,Enterprise,2024-12-07,,1393,,0,17.2,5,9.0,2024-12
A-9badbd,Cybersecurity,Enterprise,2024-12-03,,995,,0,17.4,5,11.0,2024-12
A-9badbd,Cybersecurity,Enterprise,2024-09-20,,0,,0,19.8,5,10.6,2024-09
A-9badbd,Cybersecurity,Basic,2024-08-28,,323,,0,20.6,5,7.0,2024-08
A-9badbd,Cybersecurity,Enterprise,2024-12-21,2024-12-30,11741,,1,0.3,5,11.8,2024-12
A-9badbd,Cybersecurity,Basic,2024-06-29,,532,,0,22.5,5,8.2,2024-06
A-9badbd,Cybersecurity,Basic,2024-09-16,2024-10-12,437,,1,0.9,5,12.2,2024-09
A-7e0a10,FinTech,Enterprise,2024-03-09,,9154,missing features,0,26.2,5,11.8,2024-03
A-7e0a10,FinTech,Basic,2024-06-29,,874,missing features,0,22.5,5,9.8,2024-06
A-7e0a10,FinTech,Basic,2023-12-21,,874,missing features,0,28.8,5,8.0,2023-12
A-7e0a10,FinTech,Pro,2023-12-07,,2254,missing features,0,29.3,5,10.0,2023-12
A-7e0a10,FinTech,Basic,2024-07-24,,874,missing features,0,21.7,5,11.0,2024-07
A-7e0a10,FinTech,Basic,2023-11-29,,874,missing features,0,29.5,5,8.7,2023-11
A-7e0a10,FinTech,Enterprise,2024-02-28,,9154,missing features,0,26.5,5,9.7,2024-02
A-7e0a10,FinTech,Basic,2024-01-03,,874,missing features,0,28.4,5,13.6,2024-01
A-7e0a10,FinTech,Pro,2024-02-05,,2254,missing features,0,27.3,5,9.3,2024-02
A-7e0a10,FinTech,Enterprise,2024-12-30,,13930,missing features,0,16.5,5,9.7,2024-12
A-118d55,Cybersecurity,Enterprise,2024-11-24,,3184,missing features,0,17.7,5,11.5,2024-11
A-118d55,Cybersecurity,Enterprise,2024-11-24,,3184,too expensive,0,17.7,5,11.5,2024-11
A-118d55,Cybersecurity,Basic,2024-12-24,,285,missing features,0,16.7,5,9.1,2024-12
A-118d55,Cybersecurity,Basic,2024-12-24,,285,too expensive,0,16.7,5,9.1,2024-12
A-118d55,Cybersecurity,Basic,2024-12-27,,152,missing features,0,16.6,5,11.0,2024-12
A-118d55,Cybersecurity,Basic,2024-12-27,,152,too expensive,0,16.6,5,11.0,2024-12
A-118d55,Cybersecurity,Basic,2024-11-21,,285,missing features,0,17.8,5,12.0,2024-11
A-118d55,Cybersecurity,Basic,2024-11-21,,285,too expensive,0,17.8,5,12.0,2024-11
A-118d55,Cybersecurity,Pro,2024-12-25,,588,missing features,0,16.7,5,9.5,2024-12
A-118d55,Cybersecurity,Pro,2024-12-25,,588,too expensive,0,16.7,5,9.5,2024-12
A-118d55,Cybersecurity,Enterprise,2024-12-30,2024-12-31,5771,missing features,1,0.0,5,9.2,2024-12
A-118d55,Cybersecurity,Enterprise,2024-12-30,2024-12-31,5771,too expensive,1,0.0,5,9.2,2024-12
A-118d55,Cybersecurity,Pro,2024-12-07,,833,missing features,0,17.2,5,10.3,2024-12
A-118d55,Cybersecurity,Pro,2024-12-07,,833,too expensive,0,17.2,5,10.3,2024-12
A-118d55,Cybersecurity,Enterprise,2024-10-26,,1592,missing features,0,18.6,5,12.0,2024-10
A-118d55,Cybersecurity,Enterprise,2024-10-26,,1592,too expensive,0,18.6,5,12.0,2024-10
A-118d55,Cybersecurity,Enterprise,2024-11-13,,7164,missing features,0,18.0,5,10.4,2024-11
A-118d55,Cybersecurity,Enterprise,2024-11-13,,7164,too expensive,0,18.0,5,10.4,2024-11
A-118d55,Cybersecurity,Pro,2024-12-27,,539,missing features,0,16.6,5,9.7,2024-12
A-118d55,Cybersecurity,Pro,2024-12-27,,539,too expensive,0,16.6,5,9.7,2024-12
A-118d55,Cybersecurity,Basic,2024-12-24,,342,missing features,0,16.7,5,9.5,2024-12
A-118d55,Cybersecurity,Basic,2024-12-24,,342,too expensive,0,16.7,5,9.5,2024-12
A-118d55,Cybersecurity,Enterprise,2024-12-02,,3184,missing features,0,17.4,5,9.5,2024-12
A-118d55,Cybersecurity,Enterprise,2024-12-02,,3184,too expensive,0,17.4,5,9.5,2024-12
A-526d93,HealthTech,Basic,2024-06-29,,855,,0,22.5,5,9.2,2024-06
A-526d93,HealthTech,Basic,2024-06-29,,855,missing features,0,22.5,5,9.2,2024-06
A-526d93,HealthTech,Basic,2024-06-29,,855,switched to competitor,0,22.5,5,9.2,2024-06
A-526d93,HealthTech,Enterprise,2024-09-26,,8557,,0,19.6,5,9.8,2024-09
A-526d93,HealthTech,Enterprise,2024-09-26,,8557,missing features,0,19.6,5,9.8,2024-09
A-526d93,HealthTech,Enterprise,2024-09-26,,8557,switched to competitor,0,19.6,5,9.8,2024-09
A-526d93,HealthTech,Pro,2024-07-24,,0,,0,21.7,5,9.5,2024-07
A-526d93,HealthTech,Pro,2024-07-24,,0,missing features,0,21.7,5,9.5,2024-07
A-526d93,HealthTech,Pro,2024-07-24,,0,switched to competitor,0,21.7,5,9.5,2024-07
A-526d93,HealthTech,Enterprise,2024-04-24,,9751,,0,24.7,5,9.5,2024-04
A-526d93,HealthTech,Enterprise,2024-04-24,,9751,missing features,0,24.7,5,9.5,2024-04
A-526d93,HealthTech,Enterprise,2024-04-24,,9751,switched to competitor,0,24.7,5,9.5,2024-04
A-526d93,HealthTech,Pro,2024-07-28,,2107,,0,21.6,5,10.3,2024-07
A-526d93,HealthTech,Pro,2024-07-28,,2107,missing features,0,21.6,5,10.3,2024-07
A-526d93,HealthTech,Pro,2024-07-28,,2107,switched to competitor,0,21.6,5,10.3,2024-07
A-526d93,HealthTech,Enterprise,2024-11-08,2024-11-10,8557,,1,0.1,5,11.0,2024-11
A-526d93,HealthTech,Enterprise,2024-11-08,2024-11-10,8557,missing features,1,0.1,5,11.0,2024-11
A-526d93,HealthTech,Enterprise,2024-11-08,2024-11-10,8557,switched to competitor,1,0.1,5,11.0,2024-11
A-526d93,HealthTech,Basic,2024-10-01,,817,,0,19.5,5,9.5,2024-10
A-526d93,HealthTech,Basic,2024-10-01,,817,missing features,0,19.5,5,9.5,2024-10
A-526d93,HealthTech,Basic,2024-10-01,,817,switched to competitor,0,19.5,5,9.5,2024-10
A-526d93,HealthTech,Enterprise,2024-04-19,,8557,,0,24.9,5,10.5,2024-04
A-526d93,HealthTech,Enterprise,2024-04-19,,8557,missing features,0,24.9,5,10.5,2024-04
A-526d93,HealthTech,Enterprise,2024-04-19,,8557,switched to competitor,0,24.9,5,10.5,2024-04
A-526d93,HealthTech,Enterprise,2024-07-05,,0,,0,22.3,5,11.0,2024-07
A-526d93,HealthTech,Enterprise,2024-07-05,,0,missing features,0,22.3,5,11.0,2024-07
A-526d93,HealthTech,Enterprise,2024-07-05,,0,switched to competitor,0,22.3,5,11.0,2024-07
A-f92792,FinTech,Basic,2024-08-01,,285,,0,21.5,2,9.2,2024-08
A-f92792,FinTech,Basic,2024-11-15,,0,,0,18.0,2,11.8,2024-11
A-f92792,FinTech,Pro,2024-10-31,,735,,0,18.5,2,4.0,2024-10
A-f92792,FinTech,Pro,2024-07-07,,1274,,0,22.3,2,10.5,2024-07
A-f92792,FinTech,Pro,2024-12-08,,392,,0,17.2,2,11.0,2024-12
A-f92792,FinTech,Basic,2024-11-24,,57,,0,17.7,2,9.8,2024-11
A-f92792,FinTech,Enterprise,2024-09-17,,3582,,0,19.9,2,10.5,2024-09
A-f92792,FinTech,Enterprise,2024-08-25,,6965,,0,20.7,2,4.0,2024-08
A-f92792,FinTech,Basic,2024-09-17,,342,,0,19.9,2,10.0,2024-09
A-f92792,FinTech,Basic,2024-09-11,,0,,0,20.1,2,10.8,2024-09
A-f92792,FinTech,Basic,2024-12-15,,361,,0,17.0,2,9.0,2024-12
A-f92792,FinTech,Basic,2024-12-02,,0,,0,17.4,2,12.0,2024-12
A-f92792,FinTech,Basic,2024-09-05,,38,,0,20.3,2,10.0,2024-09
A-f92792,FinTech,Enterprise,2024-09-30,,4776,,0,19.5,2,9.2,2024-09
A-84ebe4,FinTech,Pro,2024-04-19,,882,missing features,0,24.9,4,8.5,2024-04
A-84ebe4,FinTech,Pro,2024-04-19,,882,switched to competitor,0,24.9,4,8.5,2024-04
A-84ebe4,FinTech,Basic,2023-05-10,,342,missing features,0,36.2,4,7.8,2023-05
A-84ebe4,FinTech,Basic,2023-05-10,,342,switched to competitor,0,36.2,4,7.8,2023-05
A-84ebe4,FinTech,Basic,2024-04-15,2024-10-22,342,missing features,1,6.2,4,11.0,2024-04
A-84ebe4,FinTech,Basic,2024-04-15,2024-10-22,342,switched to competitor,1,6.2,4,11.0,2024-04
A-84ebe4,FinTech,Enterprise,2024-01-25,,0,missing features,0,27.7,4,8.3,2024-01
A-84ebe4,FinTech,Enterprise,2024-01-25,,0,switched to competitor,0,27.7,4,8.3,2024-01
A-84ebe4,FinTech,Enterprise,2023-08-12,,4179,missing features,0,33.1,4,10.0,2023-08
A-84ebe4,FinTech,Enterprise,2023-08-12,,4179,switched to competitor,0,33.1,4,10.0,2023-08
A-84ebe4,FinTech,Enterprise,2024-11-18,,7164,missing features,0,17.9,4,10.4,2024-11
A-84ebe4,FinTech,Enterprise,2024-11-18,,7164,switched to competitor,0,17.9,4,10.4,2024-11
A-84ebe4,FinTech,Enterprise,2023-06-22,,3582,missing features,0,34.8,4,10.3,2023-06
A-84ebe4,FinTech,Enterprise,2023-06-22,,3582,switched to competitor,0,34.8,4,10.3,2023-06
A-84ebe4,FinTech,Pro,2024-03-19,,1666,missing features,0,25.9,4,9.0,2024-03
A-84ebe4,FinTech,Pro,2024-03-19,,1666,switched to competitor,0,25.9,4,9.0,2024-03
A-84ebe4,FinTech,Enterprise,2024-08-07,,8955,missing features,0,21.3,4,10.5,2024-08
A-84ebe4,FinTech,Enterprise,2024-08-07,,8955,switched to competitor,0,21.3,4,10.5,2024-08
A-84ebe4,FinTech,Enterprise,2024-06-29,2024-11-06,0,missing features,1,4.3,4,9.8,2024-06
A-84ebe4,FinTech,Enterprise,2024-06-29,2024-11-06,0,switched to competitor,1,4.3,4,9.8,2024-06
A-84ebe4,FinTech,Pro,2024-02-14,,882,missing features,0,27.0,4,6.0,2024-02
A-84ebe4,FinTech,Pro,2024-02-14,,882,switched to competitor,0,27.0,4,6.0,2024-02
A-5b4ebb,Cybersecurity,Enterprise,2024-11-21,,12537,,0,17.8,5,9.3,2024-11
A-5b4ebb,Cybersecurity,Enterprise,2024-10-21,,4179,,0,18.8,5,8.0,2024-10
A-5b4ebb,Cybersecurity,Pro,2024-12-16,,1470,,0,17.0,5,11.6,2024-12
A-5b4ebb,Cybersecurity,Pro,2024-10-15,,1274,,0,19.0,5,11.3,2024-10
A-5b4ebb,Cybersecurity,Pro,2024-10-22,,1029,,0,18.8,5,10.5,2024-10
A-5b4ebb,Cybersecurity,Basic,2024-07-11,,399,,0,22.1,5,9.3,2024-07
A-5b4ebb,Cybersecurity,Basic,2024-10-23,2024-11-27,399,,1,1.1,5,11.3,2024-10
A-5b4ebb,Cybersecurity,Enterprise,2024-10-18,,4179,,0,18.9,5,9.7,2024-10
A-5b4ebb,Cybersecurity,Basic,2024-08-21,,988,,0,20.8,5,9.2,2024-08
A-5b4ebb,Cybersecurity,Basic,2024-07-13,,551,,0,22.1,5,10.7,2024-07
A-5b4ebb,Cybersecurity,Basic,2024-10-15,,399,,0,19.0,5,9.9,2024-10
A-5b4ebb,Cybersecurity,Basic,2024-09-22,,399,,0,19.7,5,10.5,2024-09
A-5b4ebb,Cybersecurity,Basic,2024-12-06,,0,,0,17.3,5,8.0,2024-12
A-2922b6,HealthTech,Pro,2024-12-11,,735,missing features,0,17.1,2,9.4,2024-12
A-2922b6,HealthTech,Pro,2024-12-17,2024-12-28,735,missing features,1,0.4,2,11.0,2024-12
A-2922b6,HealthTech,Basic,2024-12-05,,969,missing features,0,17.3,2,10.9,2024-12
A-2922b6,HealthTech,Pro,2024-12-25,,980,missing features,0,16.7,2,10.8,2024-12
A-2922b6,HealthTech,Basic,2024-12-15,,285,missing features,0,17.0,2,12.3,2024-12
A-2922b6,HealthTech,Enterprise,2024-12-23,,6965,missing features,0,16.7,2,9.3,2024-12
A-9b9fe9,EdTech,Pro,2024-08-17,,245,switched to competitor,0,20.9,4,0.0,2024-08
A-9b9fe9,EdTech,Pro,2024-08-17,,245,too expensive,0,20.9,4,0.0,2024-08
A-9b9fe9,EdTech,Pro,2024-06-11,,833,switched to competitor,0,23.1,4,9.0,2024-06
A-9b9fe9,EdTech,Pro,2024-06-11,,833,too expensive,0,23.1,4,9.0,2024-06
A-9b9fe9,EdTech,Pro,2023-12-10,2024-03-01,245,switched to competitor,1,2.7,4,9.3,2023-12
A-9b9fe9,EdTech,Pro,2023-12-10,2024-03-01,245,too expensive,1,2.7,4,9.3,2023-12
A-9b9fe9,EdTech,Pro,2024-05-26,,0,switched to competitor,0,23.7,4,11.0,2024-05
A-9b9fe9,EdTech,Pro,2024-05-26,,0,too expensive,0,23.7,4,11.0,2024-05
A-9b9fe9,EdTech,Basic,2024-10-27,,1881,switched to competitor,0,18.6,4,11.0,2024-10
A-9b9fe9,EdTech,Basic,2024-10-27,,1881,too expensive,0,18.6,4,11.0,2024-10
A-9b9fe9,EdTech,Basic,2023-10-16,,0,switched to competitor,0,31.0,4,8.3,2023-10
A-9b9fe9,EdTech,Basic,2023-10-16,,0,too expensive,0,31.0,4,8.3,2023-10
A-9b9fe9,EdTech,Enterprise,2023-11-28,,995,switched to competitor,0,29.6,4,9.0,2023-11
A-9b9fe9,EdTech,Enterprise,2023-11-28,,995,too expensive,0,29.6,4,9.0,2023-11
A-9b9fe9,EdTech,Enterprise,2024-11-28,,9950,switched to competitor,0,17.5,4,9.8,2024-11
A-9b9fe9,EdTech,Enterprise,2024-11-28,,9950,too expensive,0,17.5,4,9.8,2024-11
A-9b9fe9,EdTech,Pro,2023-11-20,,441,switched to competitor,0,29.8,4,10.3,2023-11
A-9b9fe9,EdTech,Pro,2023-11-20,,441,too expensive,0,29.8,4,10.3,2023-11
A-9b9fe9,EdTech,Basic,2024-10-17,,627,switched to competitor,0,18.9,4,10.0,2024-10
A-9b9fe9,EdTech,Basic,2024-10-17,,627,too expensive,0,18.9,4,10.0,2024-10
A-9b9fe9,EdTech,Pro,2024-11-19,,3332,switched to competitor,0,17.8,4,15.0,2024-11
A-9b9fe9,EdTech,Pro,2024-11-19,,3332,too expensive,0,17.8,4,15.0,2024-11
A-9b9fe9,EdTech,Pro,2024-01-01,,1176,switched to competitor,0,28.5,4,9.7,2024-01
A-9b9fe9,EdTech,Pro,2024-01-01,,1176,too expensive,0,28.5,4,9.7,2024-01
A-a8b49c,Cybersecurity,Basic,2023-11-24,,0,missing features,0,29.7,1,9.5,2023-11
A-a8b49c,Cybersecurity,Pro,2023-12-26,,0,missing features,0,28.6,1,12.0,2023-12
A-a8b49c,Cybersecurity,Pro,2024-03-02,,441,missing features,0,26.4,1,11.6,2024-03
A-a8b49c,Cybersecurity,Pro,2024-02-17,,1274,missing features,0,26.9,1,7.5,2024-02
A-a8b49c,Cybersecurity,Enterprise,2024-10-13,,4378,missing features,0,19.1,1,10.3,2024-10
A-a8b49c,Cybersecurity,Enterprise,2024-03-23,,1393,missing features,0,25.8,1,9.5,2024-03
A-a8b49c,Cybersecurity,Enterprise,2024-09-25,,2388,missing features,0,19.6,1,10.3,2024-09
A-a8b49c,Cybersecurity,Basic,2024-06-02,,570,missing features,0,23.4,1,9.0,2024-06
A-a8b49c,Cybersecurity,Basic,2023-10-14,,133,missing features,0,31.0,1,8.7,2023-10
A-a8b49c,Cybersecurity,Pro,2023-11-10,,343,missing features,0,30.2,1,13.0,2023-11
A-a8b49c,Cybersecurity,Basic,2024-02-16,,304,missing features,0,26.9,1,9.1,2024-02
A-a8b49c,Cybersecurity,Pro,2024-10-17,,343,missing features,0,18.9,1,12.0,2024-10
A-9174e0,Cybersecurity,Enterprise,2024-12-16,,7363,,0,17.0,2,10.0,2024-12
A-9174e0,Cybersecurity,Enterprise,2024-12-07,2024-12-14,7363,,1,0.2,2,8.7,2024-12
A-9174e0,Cybersecurity,Enterprise,2024-12-24,,7363,,0,16.7,2,9.7,2024-12
A-9174e0,Cybersecurity,Pro,2024-12-21,,1813,,0,16.8,2,10.6,2024-12
A-9174e0,Cybersecurity,Pro,2024-12-10,,1813,,0,17.2,2,12.7,2024-12
A-9174e0,Cybersecurity,Basic,2024-12-27,,703,,0,16.6,2,11.0,2024-12
A-9174e0,Cybersecurity,Enterprise,2024-12-28,,7363,,0,16.6,2,11.1,2024-12
A-9174e0,Cybersecurity,Basic,2024-12-24,,703,,0,16.7,2,10.0,2024-12
A-9174e0,Cybersecurity,Pro,2024-12-09,,1813,,0,17.2,2,9.2,2024-12
A-9174e0,Cybersecurity,Enterprise,2024-12-06,,0,,0,17.3,2,8.8,2024-12
A-9174e0,Cybersecurity,Enterprise,2024-12-21,,0,,0,16.8,2,8.0,2024-12
A-9174e0,Cybersecurity,Basic,2024-12-08,,1140,,0,17.2,2,10.2,2024-12
A-9174e0,Cybersecurity,Enterprise,2024-12-14,,7363,,0,17.0,2,10.0,2024-12
A-9174e0,Cybersecurity,Pro,2024-12-21,,1813,,0,16.8,2,8.4,2024-12
A-9174e0,Cybersecurity,Enterprise,2024-12-19,,7363,,0,16.9,2,10.0,2024-12
A-a1bbb6,DevTools,Pro,2024-10-04,,0,,0,19.4,3,10.0,2024-10
A-a1bbb6,DevTools,Pro,2023-07-06,2023-11-13,245,,1,4.3,3,13.0,2023-07
A-a1bbb6,DevTools,Pro,2023-04-17,,1029,,0,37.0,3,11.0,2023-04
A-a1bbb6,DevTools,Pro,2024-02-26,,392,,0,26.6,3,10.0,2024-02
A-a1bbb6,DevTools,Enterprise,2023-06-07,,3184,,0,35.3,3,8.6,2023-06
A-a1bbb6,DevTools,Enterprise,2023-05-10,,5572,,0,36.2,3,8.7,2023-05
A-a1bbb6,DevTools,Enterprise,2023-08-13,,1791,,0,33.1,3,10.0,2023-08
A-a1bbb6,DevTools,Enterprise,2023-12-21,,2189,,0,28.8,3,10.3,2023-12
A-c45b23,FinTech,Pro,2024-11-16,,343,missing features,0,17.9,3,8.2,2024-11
A-c45b23,FinTech,Pro,2024-09-07,,0,missing features,0,20.2,3,10.3,2024-09
A-c45b23,FinTech,Basic,2024-07-05,,0,missing features,0,22.3,3,9.3,2024-07
A-c45b23,FinTech,Basic,2024-04-09,,228,missing features,0,25.2,3,8.3,2024-04
A-c45b23,FinTech,Enterprise,2024-12-12,2024-12-15,5174,missing features,1,0.1,3,10.5,2024-12
A-c45b23,FinTech,Basic,2024-07-31,,95,missing features,0,21.5,3,12.0,2024-07
A-c45b23,FinTech,Pro,2024-02-13,,343,missing features,0,27.0,3,10.8,2024-02
A-c45b23,FinTech,Basic,2023-12-29,,152,missing features,0,28.6,3,9.8,2023-12
A-c45b23,FinTech,Pro,2024-02-01,,245,missing features,0,27.4,3,8.3,2024-02
A-c45b23,FinTech,Pro,2024-08-04,,0,missing features,0,21.4,3,10.7,2024-08
A-c45b23,FinTech,Basic,2024-10-06,,133,missing features,0,19.3,3,8.5,2024-10
A-c45b23,FinTech,Enterprise,2024-05-26,,1791,missing features,0,23.7,3,12.3,2024-05
A-02cd81,HealthTech,Pro,2024-08-13,,2156,,0,21.1,3,9.2,2024-08
A-02cd81,HealthTech,Pro,2024-05-04,,2156,,0,24.4,3,9.5,2024-05
A-02cd81,HealthTech,Pro,2024-04-07,,0,,0,25.3,3,8.5,2024-04
A-02cd81,HealthTech,Basic,2024-03-28,,836,,0,25.6,3,8.2,2024-03
A-02cd81,HealthTech,Pro,2024-12-29,,2156,,0,16.5,3,11.8,2024-12
A-02cd81,HealthTech,Enterprise,2024-06-01,,8756,,0,23.5,3,9.1,2024-06
A-02cd81,HealthTech,Basic,2024-03-31,,836,,0,25.5,3,8.1,2024-03
A-02cd81,HealthTech,Pro,2024-05-12,,2156,,0,24.1,3,10.8,2024-05
A-02cd81,HealthTech,Pro,2024-07-16,,2156,,0,22.0,3,12.0,2024-07
A-02cd81,HealthTech,Enterprise,2024-05-13,,8756,,0,24.1,3,9.5,2024-05
A-02cd81,HealthTech,Basic,2024-08-25,,836,,0,20.7,3,9.3,2024-08
A-02cd81,HealthTech,Basic,2024-04-24,,0,,0,24.7,3,9.0,2024-04
A-02cd81,HealthTech,Basic,2024-09-10,,0,,0,20.1,3,9.7,2024-09
A-02cd81,HealthTech,Pro,2024-06-29,2024-08-03,2156,,1,1.1,3,11.0,2024-06
A-ee42db,EdTech,Pro,2024-06-19,,5635,,0,22.9,4,10.8,2024-06
A-ee42db,EdTech,Pro,2024-06-19,,5635,missing features,0,22.9,4,10.8,2024-06
A-ee42db,EdTech,Pro,2024-06-19,,5635,missing features,0,22.9,4,10.8,2024-06
A-ee42db,EdTech,Pro,2024-06-19,,5635,too expensive,0,22.9,4,10.8,2024-06
A-ee42db,EdTech,Basic,2023-08-02,,418,,0,33.4,4,7.6,2023-08
A-ee42db,EdTech,Basic,2023-08-02,,418,missing features,0,33.4,4,7.6,2023-08
A-ee42db,EdTech,Basic,2023-08-02,,418,missing features,0,33.4,4,7.6,2023-08
A-ee42db,EdTech,Basic,2023-08-02,,418,too expensive,0,33.4,4,7.6,2023-08
A-ee42db,EdTech,Enterprise,2024-08-10,,2587,,0,21.2,4,10.3,2024-08
A-ee42db,EdTech,Enterprise,2024-08-10,,2587,missing features,0,21.2,4,10.3,2024-08
A-ee42db,EdTech,Enterprise,2024-08-10,,2587,missing features,0,21.2,4,10.3,2024-08
A-ee42db,EdTech,Enterprise,2024-08-10,,2587,too expensive,0,21.2,4,10.3,2024-08
A-ee42db,EdTech,Basic,2024-01-15,,0,,0,28.0,4,10.0,2024-01
A-ee42db,EdTech,Basic,2024-01-15,,0,missing features,0,28.0,4,10.0,2024-01
A-ee42db,EdTech,Basic,2024-01-15,,0,missing features,0,28.0,4,10.0,2024-01
A-ee42db,EdTech,Basic,2024-01-15,,0,too expensive,0,28.0,4,10.0,2024-01
A-ee42db,EdTech,Basic,2024-12-22,,570,,0,16.8,4,11.3,2024-12
A-ee42db,EdTech,Basic,2024-12-22,,570,missing features,0,16.8,4,11.3,2024-12
A-ee42db,EdTech,Basic,2024-12-22,,570,missing features,0,16.8,4,11.3,2024-12
A-ee42db,EdTech,Basic,2024-12-22,,570,too expensive,0,16.8,4,11.3,2024-12
A-ee42db,EdTech,Basic,2024-02-20,,456,,0,26.8,4,8.6,2024-02
A-ee42db,EdTech,Basic,2024-02-20,,456,missing features,0,26.8,4,8.6,2024-02
A-ee42db,EdTech,Basic,2024-02-20,,456,missing features,0,26.8,4,8.6,2024-02
A-ee42db,EdTech,Basic,2024-02-20,,456,too expensive,0,26.8,4,8.6,2024-02
A-ee42db,EdTech,Pro,2023-05-01,,637,,0,36.5,4,9.8,2023-05
A-ee42db,EdTech,Pro,2023-05-01,,637,missing features,0,36.5,4,9.8,2023-05
A-ee42db,EdTech,Pro,2023-05-01,,637,missing features,0,36.5,4,9.8,2023-05
A-ee42db,EdTech,Pro,2023-05-01,,637,too expensive,0,36.5,4,9.8,2023-05
A-ee42db,EdTech,Basic,2023-11-03,,627,,0,30.4,4,10.0,2023-11
A-ee42db,EdTech,Basic,2023-11-03,,627,missing features,0,30.4,4,10.0,2023-11
A-ee42db,EdTech,Basic,2023-11-03,,627,missing features,0,30.4,4,10.0,2023-11
A-ee42db,EdTech,Basic,2023-11-03,,627,too expensive,0,30.4,4,10.0,2023-11
A-ee42db,EdTech,Pro,2024-02-10,,0,,0,27.1,4,11.5,2024-02
A-ee42db,EdTech,Pro,2024-02-10,,0,missing features,0,27.1,4,11.5,2024-02
A-ee42db,EdTech,Pro,2024-02-10,,0,missing features,0,27.1,4,11.5,2024-02
A-ee42db,EdTech,Pro,2024-02-10,,0,too expensive,0,27.1,4,11.5,2024-02
A-ee42db,EdTech,Pro,2023-10-21,,637,,0,30.8,4,9.5,2023-10
A-ee42db,EdTech,Pro,2023-10-21,,637,missing features,0,30.8,4,9.5,2023-10
A-ee42db,EdTech,Pro,2023-10-21,,637,missing features,0,30.8,4,9.5,2023-10
A-ee42db,EdTech,Pro,2023-10-21,,637,too expensive,0,30.8,4,9.5,2023-10
A-ee42db,EdTech,Basic,2024-10-25,,0,,0,18.7,4,9.0,2024-10
A-ee42db,EdTech,Basic,2024-10-25,,0,missing features,0,18.7,4,9.0,2024-10
A-ee42db,EdTech,Basic,2024-10-25,,0,missing features,0,18.7,4,9.0,2024-10
A-ee42db,EdTech,Basic,2024-10-25,,0,too expensive,0,18.7,4,9.0,2024-10
A-ee42db,EdTech,Pro,2023-06-30,,0,,0,34.5,4,9.0,2023-06
A-ee42db,EdTech,Pro,2023-06-30,,0,missing features,0,34.5,4,9.0,2023-06
A-ee42db,EdTech,Pro,2023-06-30,,0,missing features,0,34.5,4,9.0,2023-06
A-ee42db,EdTech,Pro,2023-06-30,,0,too expensive,0,34.5,4,9.0,2023-06
A-432483,Cybersecurity,Enterprise,2024-01-10,,8159,,0,28.2,1,8.9,2024-01
A-432483,Cybersecurity,Pro,2023-12-17,,931,,0,28.9,1,10.0,2023-12
A-432483,Cybersecurity,Pro,2023-04-02,2023-04-05,245,,1,0.1,1,10.5,2023-04
A-432483,Cybersecurity,Pro,2024-05-02,,392,,0,24.4,1,11.0,2024-05
A-432483,Cybersecurity,Enterprise,2023-12-13,,11940,,0,29.1,1,8.6,2023-12
A-432483,Cybersecurity,Basic,2023-04-11,,0,,0,37.2,1,8.0,2023-04
A-432483,Cybersecurity,Pro,2024-09-02,2024-09-15,637,,1,0.4,1,10.6,2024-09
A-432483,Cybersecurity,Pro,2024-11-29,,1519,,0,17.5,1,11.7,2024-11
A-432483,Cybersecurity,Enterprise,2023-09-09,2024-12-30,1990,,1,15.7,1,11.6,2023-09
A-9208f0,EdTech,Pro,2023-09-29,2024-04-03,98,switched to competitor,1,6.1,8,10.4,2023-09
A-9208f0,EdTech,Pro,2023-09-29,2024-04-03,98,too expensive,1,6.1,8,10.4,2023-09
A-9208f0,EdTech,Pro,2023-09-29,2024-04-03,98,too expensive,1,6.1,8,10.4,2023-09
A-9208f0,EdTech,Pro,2023-09-29,2024-04-03,98,too expensive,1,6.1,8,10.4,2023-09
A-9208f0,EdTech,Pro,2024-03-20,,0,switched to competitor,0,25.9,8,10.6,2024-03
A-9208f0,EdTech,Pro,2024-03-20,,0,too expensive,0,25.9,8,10.6,2024-03
A-9208f0,EdTech,Pro,2024-03-20,,0,too expensive,0,25.9,8,10.6,2024-03
A-9208f0,EdTech,Pro,2024-03-20,,0,too expensive,0,25.9,8,10.6,2024-03
A-9208f0,EdTech,Basic,2023-09-19,,76,switched to competitor,0,31.9,8,11.1,2023-09
A-9208f0,EdTech,Basic,2023-09-19,,76,too expensive,0,31.9,8,11.1,2023-09
A-9208f0,EdTech,Basic,2023-09-19,,76,too expensive,0,31.9,8,11.1,2023-09
A-9208f0,EdTech,Basic,2023-09-19,,76,too expensive,0,31.9,8,11.1,2023-09
A-9208f0,EdTech,Basic,2023-09-23,,475,switched to competitor,0,31.7,8,10.4,2023-09
A-9208f0,EdTech,Basic,2023-09-23,,475,too expensive,0,31.7,8,10.4,2023-09
A-9208f0,EdTech,Basic,2023-09-23,,475,too expensive,0,31.7,8,10.4,2023-09
A-9208f0,EdTech,Basic,2023-09-23,,475,too expensive,0,31.7,8,10.4,2023-09
A-9208f0,EdTech,Basic,2023-08-28,,76,switched to competitor,0,32.6,8,9.0,2023-08
A-9208f0,EdTech,Basic,2023-08-28,,76,too expensive,0,32.6,8,9.0,2023-08
A-9208f0,EdTech,Basic,2023-08-28,,76,too expensive,0,32.6,8,9.0,2023-08
A-9208f0,EdTech,Basic,2023-08-28,,76,too expensive,0,32.6,8,9.0,2023-08
A-9208f0,EdTech,Enterprise,2023-07-11,,0,switched to competitor,0,34.2,8,10.0,2023-07
A-9208f0,EdTech,Enterprise,2023-07-11,,0,too expensive,0,34.2,8,10.0,2023-07
A-9208f0,EdTech,Enterprise,2023-07-11,,0,too expensive,0,34.2,8,10.0,2023-07
A-9208f0,EdTech,Enterprise,2023-07-11,,0,too expensive,0,34.2,8,10.0,2023-07
A-9208f0,EdTech,Basic,2024-08-09,,0,switched to competitor,0,21.2,8,8.3,2024-08
A-9208f0,EdTech,Basic,2024-08-09,,0,too expensive,0,21.2,8,8.3,2024-08
A-9208f0,EdTech,Basic,2024-08-09,,0,too expensive,0,21.2,8,8.3,2024-08
A-9208f0,EdTech,Basic,2024-08-09,,0,too expensive,0,21.2,8,8.3,2024-08
A-9208f0,EdTech,Enterprise,2023-05-15,,2786,switched to competitor,0,36.0,8,9.7,2023-05
A-9208f0,EdTech,Enterprise,2023-05-15,,2786,too expensive,0,36.0,8,9.7,2023-05
A-9208f0,EdTech,Enterprise,2023-05-15,,2786,too expensive,0,36.0,8,9.7,2023-05
A-9208f0,EdTech,Enterprise,2023-05-15,,2786,too expensive,0,36.0,8,9.7,2023-05
A-98a59a,FinTech,Basic,2023-09-27,,1064,switched to competitor,0,31.6,3,10.0,2023-09
A-98a59a,FinTech,Pro,2023-11-10,,2744,switched to competitor,0,30.2,3,8.5,2023-11
A-98a59a,FinTech,Pro,2023-09-02,,2744,switched to competitor,0,32.4,3,9.5,2023-09
A-98a59a,FinTech,Enterprise,2024-09-12,,11144,switched to competitor,0,20.1,3,9.0,2024-09
A-98a59a,FinTech,Pro,2024-02-16,,2744,switched to competitor,0,26.9,3,9.6,2024-02
A-98a59a,FinTech,Pro,2024-08-01,,0,switched to competitor,0,21.5,3,13.0,2024-08
A-98a59a,FinTech,Basic,2023-11-25,,1064,switched to competitor,0,29.7,3,10.3,2023-11
A-98a59a,FinTech,Enterprise,2024-08-08,,11144,switched to competitor,0,21.2,3,10.9,2024-08
A-98a59a,FinTech,Basic,2024-05-10,,1064,switched to competitor,0,24.2,3,11.5,2024-05
A-98a59a,FinTech,Pro,2024-10-27,,2744,switched to competitor,0,18.6,3,10.8,2024-10
A-fe79a5,HealthTech,Enterprise,2024-09-06,,4577,,0,20.3,4,12.2,2024-09
A-fe79a5,HealthTech,Enterprise,2024-11-14,,1791,,0,18.0,4,7.0,2024-11
A-fe79a5,HealthTech,Enterprise,2024-04-12,,0,,0,25.1,4,9.0,2024-04
A-fe79a5,HealthTech,Enterprise,2024-05-22,,1791,,0,23.8,4,11.0,2024-05
A-fe79a5,HealthTech,Basic,2024-03-23,,0,,0,25.8,4,9.0,2024-03
A-fe79a5,HealthTech,Enterprise,2024-06-03,,1791,,0,23.4,4,12.0,2024-06
A-fe79a5,HealthTech,Enterprise,2024-12-04,2024-12-24,1791,,1,0.7,4,9.3,2024-12
A-fe79a5,HealthTech,Basic,2024-03-02,2024-10-02,0,,1,7.0,4,10.4,2024-03
A-fe79a5,HealthTech,Enterprise,2024-12-26,,1791,,0,16.6,4,9.0,2024-12
A-fe79a5,HealthTech,Pro,2024-12-08,,0,,0,17.2,4,9.0,2024-12
A-726cfa,DevTools,Pro,2023-07-15,,980,too expensive,0,34.0,3,9.6,2023-07
A-726cfa,DevTools,Pro,2023-08-26,,1470,too expensive,0,32.7,3,8.3,2023-08
A-726cfa,DevTools,Basic,2024-01-05,,323,too expensive,0,28.3,3,9.7,2024-01
A-726cfa,DevTools,Pro,2023-11-21,,539,too expensive,0,29.8,3,8.7,2023-11
A-726cfa,DevTools,Pro,2023-11-01,,539,too expensive,0,30.5,3,9.3,2023-11
A-726cfa,DevTools,Pro,2023-09-07,,1029,too expensive,0,32.3,3,7.5,2023-09
A-726cfa,DevTools,Enterprise,2024-03-25,,2189,too expensive,0,25.7,3,9.7,2024-03
A-726cfa,DevTools,Enterprise,2024-09-06,,0,too expensive,0,20.3,3,10.3,2024-09
A-726cfa,DevTools,Basic,2024-11-03,,266,too expensive,0,18.4,3,10.5,2024-11
A-726cfa,DevTools,Enterprise,2023-12-03,2024-07-27,0,too expensive,1,7.8,3,9.5,2023-12
A-726cfa,DevTools,Pro,2024-08-10,,2058,too expensive,0,21.2,3,12.4,2024-08
A-726cfa,DevTools,Pro,2024-05-30,2024-12-12,539,too expensive,1,6.4,3,11.7,2024-05
A-726cfa,DevTools,Enterprise,2024-11-24,,6169,too expensive,0,17.7,3,11.6,2024-11
A-726cfa,DevTools,Basic,2024-07-12,,627,too expensive,0,22.1,3,11.0,2024-07
A-726cfa,DevTools,Basic,2024-01-08,,285,too expensive,0,28.2,3,6.3,2024-01
A-726cfa,DevTools,Basic,2024-02-29,,456,too expensive,0,26.5,3,10.0,2024-02
A-726cfa,DevTools,Enterprise,2024-12-16,,7562,too expensive,0,17.0,3,8.7,2024-12
A-726cfa,DevTools,Enterprise,2023-08-10,,5970,too expensive,0,33.2,3,15.0,2023-08
A-726cfa,DevTools,Enterprise,2024-08-02,,3781,too expensive,0,21.4,3,9.8,2024-08
A-c43359,FinTech,Basic,2024-11-29,2024-12-30,722,missing features,1,1.0,3,10.9,2024-11
A-c43359,FinTech,Basic,2024-11-29,2024-12-30,722,too expensive,1,1.0,3,10.9,2024-11
A-c43359,FinTech,Basic,2024-11-25,2024-11-28,722,missing features,1,0.1,3,8.4,2024-11
A-c43359,FinTech,Basic,2024-11-25,2024-11-28,722,too expensive,1,0.1,3,8.4,2024-11
A-c43359,FinTech,Basic,2024-12-14,,722,missing features,0,17.0,3,11.3,2024-12
A-c43359,FinTech,Basic,2024-12-14,,722,too expensive,0,17.0,3,11.3,2024-12
A-c43359,FinTech,Enterprise,2024-12-11,,7562,missing features,0,17.1,3,8.4,2024-12
A-c43359,FinTech,Enterprise,2024-12-11,,7562,too expensive,0,17.1,3,8.4,2024-12
A-c43359,FinTech,Pro,2024-12-10,,0,missing features,0,17.2,3,9.8,2024-12
A-c43359,FinTech,Pro,2024-12-10,,0,too expensive,0,17.2,3,9.8,2024-12
A-c43359,FinTech,Pro,2024-12-17,,0,missing features,0,16.9,3,9.3,2024-12
A-c43359,FinTech,Pro,2024-12-17,,0,too expensive,0,16.9,3,9.3,2024-12
A-c43359,FinTech,Pro,2024-11-18,,1862,missing features,0,17.9,3,10.4,2024-11
A-c43359,FinTech,Pro,2024-11-18,,1862,too expensive,0,17.9,3,10.4,2024-11
A-c43359,FinTech,Basic,2024-12-22,,722,missing features,0,16.8,3,8.7,2024-12
A-c43359,FinTech,Basic,2024-12-22,,722,too expensive,0,16.8,3,8.7,2024-12
A-271f46,DevTools,Basic,2024-06-09,,722,,0,23.2,1,10.7,2024-06
A-271f46,DevTools,Basic,2024-06-09,,722,missing features,0,23.2,1,10.7,2024-06
A-271f46,DevTools,Enterprise,2024-11-22,,9154,,0,17.7,1,9.9,2024-11
A-271f46,DevTools,Enterprise,2024-11-22,,9154,missing features,0,17.7,1,9.9,2024-11
A-271f46,DevTools,Basic,2023-03-29,,722,,0,37.6,1,10.5,2023-03
A-271f46,DevTools,Basic,2023-03-29,,722,missing features,0,37.6,1,10.5,2023-03
A-271f46,DevTools,Basic,2023-07-01,,722,,0,34.5,1,9.0,2023-07
A-271f46,DevTools,Basic,2023-07-01,,722,missing features,0,34.5,1,9.0,2023-07
A-271f46,DevTools,Pro,2024-01-12,,0,,0,28.1,1,9.9,2024-01
A-271f46,DevTools,Pro,2024-01-12,,0,missing features,0,28.1,1,9.9,2024-01
A-271f46,DevTools,Enterprise,2024-05-02,,7562,,0,24.4,1,7.7,2024-05
A-271f46,DevTools,Enterprise,2024-05-02,,7562,missing features,0,24.4,1,7.7,2024-05
A-271f46,DevTools,Basic,2024-10-31,,722,,0,18.5,1,10.7,2024-10
A-271f46,DevTools,Basic,2024-10-31,,722,missing features,0,18.5,1,10.7,2024-10
A-271f46,DevTools,Enterprise,2024-04-25,,0,,0,24.7,1,10.3,2024-04
A-271f46,DevTools,Enterprise,2024-04-25,,0,missing features,0,24.7,1,10.3,2024-04
A-157070,FinTech,Basic,2023-12-12,,323,too expensive,0,29.1,3,8.0,2023-12
A-157070,FinTech,Basic,2023-12-12,,323,too expensive,0,29.1,3,8.0,2023-12
A-157070,FinTech,Enterprise,2024-10-05,,4577,too expensive,0,19.3,3,7.8,2024-10
A-157070,FinTech,Enterprise,2024-10-05,,4577,too expensive,0,19.3,3,7.8,2024-10
A-157070,FinTech,Enterprise,2024-08-26,,3184,too expensive,0,20.6,3,10.0,2024-08
A-157070,FinTech,Enterprise,2024-08-26,,3184,too expensive,0,20.6,3,10.0,2024-08
A-157070,FinTech,Pro,2024-09-18,,0,too expensive,0,19.9,3,9.3,2024-09
A-157070,FinTech,Pro,2024-09-18,,0,too expensive,0,19.9,3,9.3,2024-09
A-157070,FinTech,Pro,2024-07-23,,882,too expensive,0,21.7,3,10.3,2024-07
A-157070,FinTech,Pro,2024-07-23,,882,too expensive,0,21.7,3,10.3,2024-07
A-157070,FinTech,Basic,2024-12-18,2024-12-26,722,too expensive,1,0.3,3,9.0,2024-12
A-157070,FinTech,Basic,2024-12-18,2024-12-26,722,too expensive,1,0.3,3,9.0,2024-12
A-157070,FinTech,Enterprise,2024-03-31,,6965,too expensive,0,25.5,3,9.0,2024-03
A-157070,FinTech,Enterprise,2024-03-31,,6965,too expensive,0,25.5,3,9.0,2024-03
A-157070,FinTech,Basic,2024-05-17,,513,too expensive,0,24.0,3,11.4,2024-05
A-157070,FinTech,Basic,2024-05-17,,513,too expensive,0,24.0,3,11.4,2024-05
A-157070,FinTech,Basic,2024-09-26,,513,too expensive,0,19.6,3,10.3,2024-09
A-157070,FinTech,Basic,2024-09-26,,513,too expensive,0,19.6,3,10.3,2024-09
A-157070,FinTech,Pro,2024-09-10,,1470,too expensive,0,20.1,3,11.0,2024-09
A-157070,FinTech,Pro,2024-09-10,,1470,too expensive,0,20.1,3,11.0,2024-09
A-157070,FinTech,Pro,2024-02-12,2024-10-02,882,too expensive,1,7.7,3,10.7,2024-02
A-157070,FinTech,Pro,2024-02-12,2024-10-02,882,too expensive,1,7.7,3,10.7,2024-02
A-157070,FinTech,Enterprise,2024-01-26,,3184,too expensive,0,27.6,3,11.2,2024-01
A-157070,FinTech,Enterprise,2024-01-26,,3184,too expensive,0,27.6,3,11.2,2024-01
A-157070,FinTech,Pro,2024-07-03,,0,too expensive,0,22.4,3,11.5,2024-07
A-157070,FinTech,Pro,2024-07-03,,0,too expensive,0,22.4,3,11.5,2024-07
A-157070,FinTech,Enterprise,2024-12-08,2024-12-25,3184,too expensive,1,0.6,3,9.0,2024-12
A-157070,FinTech,Enterprise,2024-12-08,2024-12-25,3184,too expensive,1,0.6,3,9.0,2024-12
A-157070,FinTech,Pro,2024-07-07,,784,too expensive,0,22.3,3,9.0,2024-07
A-157070,FinTech,Pro,2024-07-07,,784,too expensive,0,22.3,3,9.0,2024-07
A-157070,FinTech,Basic,2024-02-11,2024-04-15,323,too expensive,1,2.1,3,5.5,2024-02
A-157070,FinTech,Basic,2024-02-11,2024-04-15,323,too expensive,1,2.1,3,5.5,2024-02
A-40a557,Cybersecurity,Enterprise,2024-12-14,,3184,switched to competitor,0,17.0,7,11.5,2024-12
A-40a557,Cybersecurity,Enterprise,2024-01-11,2024-01-16,3184,switched to competitor,1,0.2,7,9.9,2024-01
A-40a557,Cybersecurity,Pro,2024-09-21,,0,switched to competitor,0,19.8,7,12.0,2024-09
A-40a557,Cybersecurity,Enterprise,2024-02-12,,3184,switched to competitor,0,27.1,7,10.2,2024-02
A-40a557,Cybersecurity,Pro,2024-11-23,,784,switched to competitor,0,17.7,7,9.8,2024-11
A-40a557,Cybersecurity,Enterprise,2024-03-24,,10945,switched to competitor,0,25.7,7,8.5,2024-03
A-40a557,Cybersecurity,Pro,2024-11-03,,784,switched to competitor,0,18.4,7,6.3,2024-11
A-40a557,Cybersecurity,Basic,2024-06-26,,475,switched to competitor,0,22.6,7,10.8,2024-06
A-40a557,Cybersecurity,Pro,2024-06-06,,784,switched to competitor,0,23.3,7,12.0,2024-06
A-66224b,HealthTech,Enterprise,2024-12-22,2024-12-30,18308,,1,0.3,6,11.2,2024-12
A-66224b,HealthTech,Basic,2024-11-20,,0,,0,17.8,6,10.3,2024-11
A-66224b,HealthTech,Pro,2024-11-28,,0,,0,17.5,6,9.3,2024-11
A-66224b,HealthTech,Basic,2024-12-05,,1748,,0,17.3,6,10.0,2024-12
A-66224b,HealthTech,Enterprise,2024-10-20,,18308,,0,18.8,6,9.0,2024-10
A-66224b,HealthTech,Pro,2024-12-18,,4508,,0,16.9,6,10.1,2024-12
A-66224b,HealthTech,Enterprise,2024-12-30,,0,,0,16.5,6,10.8,2024-12
A-66224b,HealthTech,Enterprise,2024-11-27,,18308,,0,17.6,6,8.8,2024-11
A-66224b,HealthTech,Basic,2024-12-06,,1748,,0,17.3,6,9.8,2024-12
A-66224b,HealthTech,Pro,2024-11-13,,4508,,0,18.0,6,11.5,2024-11
A-66224b,HealthTech,Basic,2024-11-24,,1748,,0,17.7,6,11.8,2024-11
A-66224b,HealthTech,Basic,2024-12-27,,0,,0,16.6,6,11.3,2024-12
A-91e948,EdTech,Basic,2023-08-14,,779,,0,33.1,0,12.0,2023-08
A-91e948,EdTech,Enterprise,2024-11-09,,8159,,0,18.2,0,12.5,2024-11
A-91e948,EdTech,Pro,2023-11-10,,2009,,0,30.2,0,6.0,2023-11
A-91e948,EdTech,Enterprise,2024-07-11,,8159,,0,22.1,0,9.8,2024-07
A-91e948,EdTech,Basic,2024-01-26,,0,,0,27.6,0,9.8,2024-01
A-91e948,EdTech,Basic,2023-12-06,,779,,0,29.3,0,10.8,2023-12
A-91e948,EdTech,Pro,2023-11-07,,2009,,0,30.3,0,10.5,2023-11
A-104f1a,Cybersecurity,Basic,2024-12-20,,646,missing features,0,16.8,5,10.3,2024-12
A-104f1a,Cybersecurity,Basic,2024-12-20,,646,switched to competitor,0,16.8,5,10.3,2024-12
A-104f1a,Cybersecurity,Basic,2024-12-20,,646,too expensive,0,16.8,5,10.3,2024-12
A-104f1a,Cybersecurity,Pro,2024-12-18,,1176,missing features,0,16.9,5,9.4,2024-12
A-104f1a,Cybersecurity,Pro,2024-12-18,,1176,switched to competitor,0,16.9,5,9.4,2024-12
A-104f1a,Cybersecurity,Pro,2024-12-18,,1176,too expensive,0,16.9,5,9.4,2024-12
A-104f1a,Cybersecurity,Pro,2024-09-02,2024-11-28,6027,missing features,1,2.9,5,8.4,2024-09
A-104f1a,Cybersecurity,Pro,2024-09-02,2024-11-28,6027,switched to competitor,1,2.9,5,8.4,2024-09
A-104f1a,Cybersecurity,Pro,2024-09-02,2024-11-28,6027,too expensive,1,2.9,5,8.4,2024-09
A-104f1a,Cybersecurity,Pro,2024-09-05,,1960,missing features,0,20.3,5,11.3,2024-09
A-104f1a,Cybersecurity,Pro,2024-09-05,,1960,switched to competitor,0,20.3,5,11.3,2024-09
A-104f1a,Cybersecurity,Pro,2024-09-05,,1960,too expensive,0,20.3,5,11.3,2024-09
A-104f1a,Cybersecurity,Pro,2024-09-24,,0,missing features,0,19.7,5,11.0,2024-09
A-104f1a,Cybersecurity,Pro,2024-09-24,,0,switched to competitor,0,19.7,5,11.0,2024-09
A-104f1a,Cybersecurity,Pro,2024-09-24,,0,too expensive,0,19.7,5,11.0,2024-09
A-104f1a,Cybersecurity,Pro,2024-10-11,,1176,missing features,0,19.1,5,11.2,2024-10
A-104f1a,Cybersecurity,Pro,2024-10-11,,1176,switched to competitor,0,19.1,5,11.2,2024-10
A-104f1a,Cybersecurity,Pro,2024-10-11,,1176,too expensive,0,19.1,5,11.2,2024-10
A-104f1a,Cybersecurity,Basic,2024-11-16,,456,missing features,0,17.9,5,7.2,2024-11
A-104f1a,Cybersecurity,Basic,2024-11-16,,456,switched to competitor,0,17.9,5,7.2,2024-11
A-104f1a,Cybersecurity,Basic,2024-11-16,,456,too expensive,0,17.9,5,7.2,2024-11
A-104f1a,Cybersecurity,Pro,2024-12-10,,1176,missing features,0,17.2,5,11.7,2024-12
A-104f1a,Cybersecurity,Pro,2024-12-10,,1176,switched to competitor,0,17.2,5,11.7,2024-12
A-104f1a,Cybersecurity,Pro,2024-12-10,,1176,too expensive,0,17.2,5,11.7,2024-12
A-7988d1,Cybersecurity,Basic,2024-03-12,,0,missing features,0,26.1,3,6.6,2024-03
A-7988d1,Cybersecurity,Basic,2024-03-12,,0,too expensive,0,26.1,3,6.6,2024-03
A-7988d1,Cybersecurity,Basic,2024-03-12,,0,too expensive,0,26.1,3,6.6,2024-03
A-7988d1,Cybersecurity,Basic,2024-05-18,,627,missing features,0,23.9,3,9.9,2024-05
A-7988d1,Cybersecurity,Basic,2024-05-18,,627,too expensive,0,23.9,3,9.9,2024-05
A-7988d1,Cybersecurity,Basic,2024-05-18,,627,too expensive,0,23.9,3,9.9,2024-05
A-7988d1,Cybersecurity,Pro,2024-08-25,,1617,missing features,0,20.7,3,11.4,2024-08
A-7988d1,Cybersecurity,Pro,2024-08-25,,1617,too expensive,0,20.7,3,11.4,2024-08
A-7988d1,Cybersecurity,Pro,2024-08-25,,1617,too expensive,0,20.7,3,11.4,2024-08
A-7988d1,Cybersecurity,Enterprise,2024-08-19,,6567,missing features,0,20.9,3,11.5,2024-08
A-7988d1,Cybersecurity,Enterprise,2024-08-19,,6567,too expensive,0,20.9,3,11.5,2024-08
A-7988d1,Cybersecurity,Enterprise,2024-08-19,,6567,too expensive,0,20.9,3,11.5,2024-08
A-7988d1,Cybersecurity,Basic,2024-12-03,,0,missing features,0,17.4,3,10.5,2024-12
A-7988d1,Cybersecurity,Basic,2024-12-03,,0,too expensive,0,17.4,3,10.5,2024-12
A-7988d1,Cybersecurity,Basic,2024-12-03,,0,too expensive,0,17.4,3,10.5,2024-12
A-7988d1,Cybersecurity,Basic,2024-04-29,,627,missing features,0,24.5,3,11.8,2024-04
A-7988d1,Cybersecurity,Basic,2024-04-29,,627,too expensive,0,24.5,3,11.8,2024-04
A-7988d1,Cybersecurity,Basic,2024-04-29,,627,too expensive,0,24.5,3,11.8,2024-04
A-7988d1,Cybersecurity,Enterprise,2024-08-18,,0,missing features,0,20.9,3,8.5,2024-08
A-7988d1,Cybersecurity,Enterprise,2024-08-18,,0,too expensive,0,20.9,3,8.5,2024-08
A-7988d1,Cybersecurity,Enterprise,2024-08-18,,0,too expensive,0,20.9,3,8.5,2024-08
A-7988d1,Cybersecurity,Basic,2024-07-25,,627,missing features,0,21.7,3,10.0,2024-07
A-7988d1,Cybersecurity,Basic,2024-07-25,,627,too expensive,0,21.7,3,10.0,2024-07
A-7988d1,Cybersecurity,Basic,2024-07-25,,627,too expensive,0,21.7,3,10.0,2024-07
A-7988d1,Cybersecurity,Basic,2024-09-28,2024-11-16,627,missing features,1,1.6,3,10.0,2024-09
A-7988d1,Cybersecurity,Basic,2024-09-28,2024-11-16,627,too expensive,1,1.6,3,10.0,2024-09
A-7988d1,Cybersecurity,Basic,2024-09-28,2024-11-16,627,too expensive,1,1.6,3,10.0,2024-09
A-faa28c,HealthTech,Pro,2024-02-11,,2352,,0,27.1,4,8.7,2024-02
A-faa28c,HealthTech,Pro,2024-02-11,,2352,missing features,0,27.1,4,8.7,2024-02
A-faa28c,HealthTech,Enterprise,2024-02-05,2024-10-13,9552,,1,8.2,4,9.5,2024-02
A-faa28c,HealthTech,Enterprise,2024-02-05,2024-10-13,9552,missing features,1,8.2,4,9.5,2024-02
A-faa28c,HealthTech,Basic,2024-09-11,,931,,0,20.1,4,11.7,2024-09
A-faa28c,HealthTech,Basic,2024-09-11,,931,missing features,0,20.1,4,11.7,2024-09
A-faa28c,HealthTech,Pro,2024-02-23,,3185,,0,26.7,4,11.0,2024-02
A-faa28c,HealthTech,Pro,2024-02-23,,3185,missing features,0,26.7,4,11.0,2024-02
A-faa28c,HealthTech,Enterprise,2024-05-23,,0,,0,23.8,4,10.8,2024-05
A-faa28c,HealthTech,Enterprise,2024-05-23,,0,missing features,0,23.8,4,10.8,2024-05
A-faa28c,HealthTech,Basic,2024-02-15,,0,,0,27.0,4,6.0,2024-02
A-faa28c,HealthTech,Basic,2024-02-15,,0,missing features,0,27.0,4,6.0,2024-02
A-faa28c,HealthTech,Pro,2024-12-25,,2352,,0,16.7,4,8.4,2024-12
A-faa28c,HealthTech,Pro,2024-12-25,,2352,missing features,0,16.7,4,8.4,2024-12
A-faa28c,HealthTech,Enterprise,2024-09-18,,9552,,0,19.9,4,8.8,2024-09
A-faa28c,HealthTech,Enterprise,2024-09-18,,9552,missing features,0,19.9,4,8.8,2024-09
A-faa28c,HealthTech,Basic,2024-06-20,,912,,0,22.8,4,10.5,2024-06
A-faa28c,HealthTech,Basic,2024-06-20,,912,missing features,0,22.8,4,10.5,2024-06
A-faa28c,HealthTech,Enterprise,2024-08-06,2024-12-26,9552,,1,4.7,4,12.0,2024-08
A-faa28c,HealthTech,Enterprise,2024-08-06,2024-12-26,9552,missing features,1,4.7,4,12.0,2024-08
A-faa28c,HealthTech,Enterprise,2024-06-06,,9552,,0,23.3,4,8.7,2024-06
A-faa28c,HealthTech,Enterprise,2024-06-06,,9552,missing features,0,23.3,4,8.7,2024-06
A-faa28c,HealthTech,Enterprise,2024-11-30,,9552,,0,17.5,4,11.7,2024-11
A-faa28c,HealthTech,Enterprise,2024-11-30,,9552,missing features,0,17.5,4,11.7,2024-11
A-faa28c,HealthTech,Basic,2024-07-09,,912,,0,22.2,4,9.3,2024-07
A-faa28c,HealthTech,Basic,2024-07-09,,912,missing features,0,22.2,4,9.3,2024-07
A-faa28c,HealthTech,Enterprise,2024-02-17,,0,,0,26.9,4,9.3,2024-02
A-faa28c,HealthTech,Enterprise,2024-02-17,,0,missing features,0,26.9,4,9.3,2024-02
A-f25509,EdTech,Enterprise,2024-05-28,,6368,,0,23.6,6,9.0,2024-05
A-f25509,EdTech,Enterprise,2024-05-28,,6368,,0,23.6,6,9.0,2024-05
A-f25509,EdTech,Enterprise,2024-05-28,,6368,missing features,0,23.6,6,9.0,2024-05
A-f25509,EdTech,Enterprise,2024-06-16,,0,,0,23.0,6,10.9,2024-06
A-f25509,EdTech,Enterprise,2024-06-16,,0,,0,23.0,6,10.9,2024-06
A-f25509,EdTech,Enterprise,2024-06-16,,0,missing features,0,23.0,6,10.9,2024-06
A-f25509,EdTech,Enterprise,2024-07-14,,6368,,0,22.0,6,9.0,2024-07
A-f25509,EdTech,Enterprise,2024-07-14,,6368,,0,22.0,6,9.0,2024-07
A-f25509,EdTech,Enterprise,2024-07-14,,6368,missing features,0,22.0,6,9.0,2024-07
A-f25509,EdTech,Pro,2024-10-02,,2303,,0,19.4,6,10.4,2024-10
A-f25509,EdTech,Pro,2024-10-02,,2303,,0,19.4,6,10.4,2024-10
A-f25509,EdTech,Pro,2024-10-02,,2303,missing features,0,19.4,6,10.4,2024-10
A-f25509,EdTech,Basic,2024-12-26,,1083,,0,16.6,6,9.0,2024-12
A-f25509,EdTech,Basic,2024-12-26,,1083,,0,16.6,6,9.0,2024-12
A-f25509,EdTech,Basic,2024-12-26,,1083,missing features,0,16.6,6,9.0,2024-12
A-3a7284,FinTech,Enterprise,2024-12-05,,6169,missing features,0,17.3,3,10.8,2024-12
A-3a7284,FinTech,Enterprise,2024-11-28,,6169,missing features,0,17.5,3,11.7,2024-11
A-3a7284,FinTech,Enterprise,2024-12-15,,6567,missing features,0,17.0,3,10.7,2024-12
A-3a7284,FinTech,Pro,2024-12-25,2024-12-31,0,missing features,1,0.2,3,8.7,2024-12
A-3a7284,FinTech,Basic,2024-12-18,,589,missing features,0,16.9,3,8.5,2024-12
A-3a7284,FinTech,Enterprise,2024-11-30,,7761,missing features,0,17.5,3,9.6,2024-11
A-3a7284,FinTech,Pro,2024-12-28,,1519,missing features,0,16.6,3,11.7,2024-12
A-3a7284,FinTech,Pro,2024-12-15,,1519,missing features,0,17.0,3,9.8,2024-12
A-3a7284,FinTech,Basic,2024-12-23,,703,missing features,0,16.7,3,10.6,2024-12
A-3a7284,FinTech,Pro,2024-12-12,,1519,missing features,0,17.1,3,8.4,2024-12
A-3a7284,FinTech,Pro,2024-12-21,2024-12-23,1617,missing features,1,0.1,3,11.2,2024-12
A-3a7284,FinTech,Basic,2024-11-28,2024-12-11,1387,missing features,1,0.4,3,10.8,2024-11
A-3a5ad8,HealthTech,Pro,2024-04-16,,441,,0,25.0,4,12.7,2024-04
A-3a5ad8,HealthTech,Basic,2024-01-01,,171,,0,28.5,4,9.5,2024-01
A-3a5ad8,HealthTech,Basic,2024-03-31,,0,,0,25.5,4,5.0,2024-03
A-3a5ad8,HealthTech,Pro,2024-05-17,,441,,0,24.0,4,11.3,2024-05
A-3a5ad8,HealthTech,Enterprise,2024-12-25,,0,,0,16.7,4,7.0,2024-12
A-3a5ad8,HealthTech,Pro,2024-11-06,,1764,,0,18.3,4,10.0,2024-11
A-3a5ad8,HealthTech,Enterprise,2024-12-20,,1791,,0,16.8,4,11.0,2024-12
A-3a5ad8,HealthTech,Enterprise,2024-11-19,,13930,,0,17.8,4,10.2,2024-11
A-3a5ad8,HealthTech,Basic,2024-05-15,,1805,,0,24.0,4,8.0,2024-05
A-3a5ad8,HealthTech,Enterprise,2024-09-07,,0,,0,20.2,4,8.0,2024-09
A-3a5ad8,HealthTech,Enterprise,2024-01-14,,2189,,0,28.0,4,10.1,2024-01
A-3a5ad8,HealthTech,Enterprise,2023-12-18,,0,,0,28.9,4,10.3,2023-12
A-3a5ad8,HealthTech,Enterprise,2024-02-15,,6169,,0,27.0,4,10.0,2024-02
A-65a46c,HealthTech,Enterprise,2024-10-17,2024-12-04,0,,1,1.6,8,9.8,2024-10
A-65a46c,HealthTech,Enterprise,2024-04-14,,1791,,0,25.0,8,9.5,2024-04
A-65a46c,HealthTech,Pro,2024-12-24,,1715,,0,16.7,8,9.9,2024-12
A-65a46c,HealthTech,Pro,2024-05-05,,1813,,0,24.3,8,8.7,2024-05
A-65a46c,HealthTech,Pro,2024-08-10,,637,,0,21.2,8,11.0,2024-08
A-65a46c,HealthTech,Basic,2024-03-10,,855,,0,26.2,8,10.2,2024-03
A-65a46c,HealthTech,Enterprise,2024-03-05,,15522,,0,26.3,8,9.0,2024-03
A-65a46c,HealthTech,Basic,2024-03-07,,342,,0,26.3,8,9.0,2024-03
A-8b25f2,Cybersecurity,Pro,2024-05-22,,588,,0,23.8,2,11.0,2024-05
A-8b25f2,Cybersecurity,Basic,2024-10-08,2024-10-18,893,,1,0.3,2,10.6,2024-10
A-8b25f2,Cybersecurity,Enterprise,2024-02-19,,0,,0,26.8,2,14.3,2024-02
A-8b25f2,Cybersecurity,Basic,2024-07-30,,114,,0,21.5,2,8.6,2024-07
A-8b25f2,Cybersecurity,Enterprise,2024-10-17,,0,,0,18.9,2,6.8,2024-10
A-8b25f2,Cybersecurity,Basic,2024-09-10,,209,,0,20.1,2,10.2,2024-09
A-8b25f2,Cybersecurity,Enterprise,2024-09-14,,5572,,0,20.0,2,10.3,2024-09
A-8b25f2,Cybersecurity,Pro,2024-03-23,,294,,0,25.8,2,11.0,2024-03
A-8b25f2,Cybersecurity,Basic,2024-09-30,,190,,0,19.5,2,11.3,2024-09
A-8b25f2,Cybersecurity,Enterprise,2024-05-03,,1990,,0,24.4,2,7.5,2024-05
A-8b25f2,Cybersecurity,Pro,2024-12-08,,1421,,0,17.2,2,13.8,2024-12
A-8b25f2,Cybersecurity,Basic,2024-05-02,2024-07-19,190,,1,2.6,2,14.0,2024-05
A-8b25f2,Cybersecurity,Enterprise,2024-12-15,,2587,,0,17.0,2,12.0,2024-12
A-fabe19,DevTools,Enterprise,2024-12-20,,0,,0,16.8,3,10.0,2024-12
A-fabe19,DevTools,Enterprise,2024-11-23,,6169,,0,17.7,3,10.3,2024-11
A-fabe19,DevTools,Enterprise,2024-11-24,,995,,0,17.7,3,10.3,2024-11
A-fabe19,DevTools,Enterprise,2024-12-16,,2388,,0,17.0,3,8.0,2024-12
A-fabe19,DevTools,Enterprise,2024-12-12,2024-12-27,6368,,1,0.5,3,10.5,2024-12
A-fabe19,DevTools,Enterprise,2024-12-24,2024-12-29,4577,,1,0.2,3,11.5,2024-12
A-fabe19,DevTools,Enterprise,2024-12-26,,0,,0,16.6,3,10.6,2024-12
A-adc1f3,Cybersecurity,Enterprise,2024-09-04,2024-09-16,9950,,1,0.4,3,10.0,2024-09
A-adc1f3,Cybersecurity,Pro,2024-12-18,,441,,0,16.9,3,8.3,2024-12
A-adc1f3,Cybersecurity,Basic,2024-09-18,,0,,0,19.9,3,8.5,2024-09
A-adc1f3,Cybersecurity,Pro,2024-12-19,,98,,0,16.9,3,0.0,2024-12
A-adc1f3,Cybersecurity,Enterprise,2024-08-10,,1194,,0,21.2,3,9.3,2024-08
A-adc1f3,Cybersecurity,Enterprise,2024-08-28,,1592,,0,20.6,3,9.0,2024-08
A-adc1f3,Cybersecurity,Enterprise,2024-12-12,,2388,,0,17.1,3,8.8,2024-12
A-adc1f3,Cybersecurity,Enterprise,2024-12-21,,995,,0,16.8,3,9.0,2024-12
A-adc1f3,Cybersecurity,Enterprise,2024-11-20,,9950,,0,17.8,3,11.0,2024-11
A-503d5a,FinTech,Enterprise,2024-03-27,,995,,0,25.6,9,9.7,2024-03
A-503d5a,FinTech,Basic,2024-01-24,,0,,0,27.7,9,9.2,2024-01
A-503d5a,FinTech,Basic,2024-11-22,,190,,0,17.7,9,11.0,2024-11
A-503d5a,FinTech,Enterprise,2024-12-18,,796,,0,16.9,9,10.3,2024-12
A-503d5a,FinTech,Enterprise,2023-11-07,,2388,,0,30.3,9,10.9,2023-11
A-503d5a,FinTech,Enterprise,2024-12-19,,11144,,0,16.9,9,9.0,2024-12
A-503d5a,FinTech,Pro,2024-03-30,,196,,0,25.5,9,11.6,2024-03
A-503d5a,FinTech,Basic,2023-10-21,,931,,0,30.8,9,11.8,2023-10
A-503d5a,FinTech,Pro,2024-06-28,,294,,0,22.6,9,8.8,2024-06
A-503d5a,FinTech,Basic,2024-03-07,,950,,0,26.3,9,10.3,2024-03
A-503d5a,FinTech,Enterprise,2024-05-01,,0,,0,24.5,9,8.7,2024-05
A-503d5a,FinTech,Basic,2023-12-18,,0,,0,28.9,9,10.0,2023-12
A-fd7ad3,Cybersecurity,Pro,2024-11-29,,49,,0,17.5,8,10.1,2024-11
A-fd7ad3,Cybersecurity,Pro,2024-11-29,,49,missing features,0,17.5,8,10.1,2024-11
A-fd7ad3,Cybersecurity,Pro,2024-11-29,,49,switched to competitor,0,17.5,8,10.1,2024-11
A-fd7ad3,Cybersecurity,Pro,2024-11-29,,49,too expensive,0,17.5,8,10.1,2024-11
A-fd7ad3,Cybersecurity,Basic,2024-11-02,,0,,0,18.4,8,11.8,2024-11
A-fd7ad3,Cybersecurity,Basic,2024-11-02,,0,missing features,0,18.4,8,11.8,2024-11
A-fd7ad3,Cybersecurity,Basic,2024-11-02,,0,switched to competitor,0,18.4,8,11.8,2024-11
A-fd7ad3,Cybersecurity,Basic,2024-11-02,,0,too expensive,0,18.4,8,11.8,2024-11
A-fd7ad3,Cybersecurity,Basic,2024-12-26,,551,,0,16.6,8,10.5,2024-12
A-fd7ad3,Cybersecurity,Basic,2024-12-26,,551,missing features,0,16.6,8,10.5,2024-12
A-fd7ad3,Cybersecurity,Basic,2024-12-26,,551,switched to competitor,0,16.6,8,10.5,2024-12
A-fd7ad3,Cybersecurity,Basic,2024-12-26,,551,too expensive,0,16.6,8,10.5,2024-12
A-fd7ad3,Cybersecurity,Pro,2024-11-26,2024-12-20,539,,1,0.8,8,8.9,2024-11
A-fd7ad3,Cybersecurity,Pro,2024-11-26,2024-12-20,539,missing features,1,0.8,8,8.9,2024-11
A-fd7ad3,Cybersecurity,Pro,2024-11-26,2024-12-20,539,switched to competitor,1,0.8,8,8.9,2024-11
A-fd7ad3,Cybersecurity,Pro,2024-11-26,2024-12-20,539,too expensive,1,0.8,8,8.9,2024-11
A-fd7ad3,Cybersecurity,Enterprise,2024-11-14,,0,,0,18.0,8,8.5,2024-11
A-fd7ad3,Cybersecurity,Enterprise,2024-11-14,,0,missing features,0,18.0,8,8.5,2024-11
A-fd7ad3,Cybersecurity,Enterprise,2024-11-14,,0,switched to competitor,0,18.0,8,8.5,2024-11
A-fd7ad3,Cybersecurity,Enterprise,2024-11-14,,0,too expensive,0,18.0,8,8.5,2024-11
A-fd7ad3,Cybersecurity,Enterprise,2024-12-23,2024-12-29,2388,,1,0.2,8,11.0,2024-12
A-fd7ad3,Cybersecurity,Enterprise,2024-12-23,2024-12-29,2388,missing features,1,0.2,8,11.0,2024-12
A-fd7ad3,Cybersecurity,Enterprise,2024-12-23,2024-12-29,2388,switched to competitor,1,0.2,8,11.0,2024-12
A-fd7ad3,Cybersecurity,Enterprise,2024-12-23,2024-12-29,2388,too expensive,1,0.2,8,11.0,2024-12
A-fd7ad3,Cybersecurity,Basic,2024-11-07,,228,,0,18.2,8,9.0,2024-11
A-fd7ad3,Cybersecurity,Basic,2024-11-07,,228,missing features,0,18.2,8,9.0,2024-11
A-fd7ad3,Cybersecurity,Basic,2024-11-07,,228,switched to competitor,0,18.2,8,9.0,2024-11
A-fd7ad3,Cybersecurity,Basic,2024-11-07,,228,too expensive,0,18.2,8,9.0,2024-11
A-fd7ad3,Cybersecurity,Basic,2024-11-10,,19,,0,18.1,8,9.6,2024-11
A-fd7ad3,Cybersecurity,Basic,2024-11-10,,19,missing features,0,18.1,8,9.6,2024-11
A-fd7ad3,Cybersecurity,Basic,2024-11-10,,19,switched to competitor,0,18.1,8,9.6,2024-11
A-fd7ad3,Cybersecurity,Basic,2024-11-10,,19,too expensive,0,18.1,8,9.6,2024-11
A-fd7ad3,Cybersecurity,Pro,2024-11-17,,0,,0,17.9,8,11.8,2024-11
A-fd7ad3,Cybersecurity,Pro,2024-11-17,,0,missing features,0,17.9,8,11.8,2024-11
A-fd7ad3,Cybersecurity,Pro,2024-11-17,,0,switched to competitor,0,17.9,8,11.8,2024-11
A-fd7ad3,Cybersecurity,Pro,2024-11-17,,0,too expensive,0,17.9,8,11.8,2024-11
A-fd7ad3,Cybersecurity,Basic,2024-11-02,,57,,0,18.4,8,10.0,2024-11
A-fd7ad3,Cybersecurity,Basic,2024-11-02,,57,missing features,0,18.4,8,10.0,2024-11
A-fd7ad3,Cybersecurity,Basic,2024-11-02,,57,switched to competitor,0,18.4,8,10.0,2024-11
A-fd7ad3,Cybersecurity,Basic,2024-11-02,,57,too expensive,0,18.4,8,10.0,2024-11
A-186a44,HealthTech,Basic,2024-07-05,,380,,0,22.3,7,9.0,2024-07
A-186a44,HealthTech,Pro,2024-11-14,,0,,0,18.0,7,10.0,2024-11
A-186a44,HealthTech,Enterprise,2024-08-03,,4776,,0,21.4,7,9.4,2024-08
A-186a44,HealthTech,Basic,2024-12-17,2024-12-25,380,,1,0.3,7,10.4,2024-12
A-186a44,HealthTech,Enterprise,2024-11-02,,0,,0,18.4,7,9.2,2024-11
A-186a44,HealthTech,Pro,2024-05-20,,0,,0,23.9,7,10.0,2024-05
A-186a44,HealthTech,Basic,2024-10-28,,0,,0,18.6,7,10.7,2024-10
A-186a44,HealthTech,Pro,2023-11-01,,980,,0,30.5,7,8.9,2023-11
A-186a44,HealthTech,Enterprise,2024-11-23,,9353,,0,17.7,7,20.0,2024-11
A-186a44,HealthTech,Basic,2024-08-10,,380,,0,21.2,7,10.0,2024-08
A-186a44,HealthTech,Pro,2024-12-17,,0,,0,16.9,7,10.5,2024-12
A-186a44,HealthTech,Basic,2024-03-13,,380,,0,26.1,7,9.0,2024-03
A-186a44,HealthTech,Basic,2023-08-23,,380,,0,32.8,7,10.8,2023-08
A-186a44,HealthTech,Enterprise,2024-12-04,,3980,,0,17.3,7,9.7,2024-12
A-e888d1,Cybersecurity,Enterprise,2023-08-05,,3184,missing features,0,33.3,5,8.8,2023-08
A-e888d1,Cybersecurity,Enterprise,2023-08-05,,3184,switched to competitor,0,33.3,5,8.8,2023-08
A-e888d1,Cybersecurity,Enterprise,2023-08-05,,3184,too expensive,0,33.3,5,8.8,2023-08
A-e888d1,Cybersecurity,Pro,2024-05-25,,686,missing features,0,23.7,5,11.4,2024-05
A-e888d1,Cybersecurity,Pro,2024-05-25,,686,switched to competitor,0,23.7,5,11.4,2024-05
A-e888d1,Cybersecurity,Pro,2024-05-25,,686,too expensive,0,23.7,5,11.4,2024-05
A-e888d1,Cybersecurity,Pro,2024-11-26,,686,missing features,0,17.6,5,0.0,2024-11
A-e888d1,Cybersecurity,Pro,2024-11-26,,686,switched to competitor,0,17.6,5,0.0,2024-11
A-e888d1,Cybersecurity,Pro,2024-11-26,,686,too expensive,0,17.6,5,0.0,2024-11
A-e888d1,Cybersecurity,Basic,2024-09-16,,266,missing features,0,19.9,5,13.2,2024-09
A-e888d1,Cybersecurity,Basic,2024-09-16,,266,switched to competitor,0,19.9,5,13.2,2024-09
A-e888d1,Cybersecurity,Basic,2024-09-16,,266,too expensive,0,19.9,5,13.2,2024-09
A-e888d1,Cybersecurity,Enterprise,2024-10-31,,3781,missing features,0,18.5,5,10.2,2024-10
A-e888d1,Cybersecurity,Enterprise,2024-10-31,,3781,switched to competitor,0,18.5,5,10.2,2024-10
A-e888d1,Cybersecurity,Enterprise,2024-10-31,,3781,too expensive,0,18.5,5,10.2,2024-10
A-e888d1,Cybersecurity,Basic,2024-03-04,,0,missing features,0,26.4,5,10.8,2024-03
A-e888d1,Cybersecurity,Basic,2024-03-04,,0,switched to competitor,0,26.4,5,10.8,2024-03
A-e888d1,Cybersecurity,Basic,2024-03-04,,0,too expensive,0,26.4,5,10.8,2024-03
A-e888d1,Cybersecurity,Basic,2023-05-11,,1026,missing features,0,36.2,5,10.2,2023-05
A-e888d1,Cybersecurity,Basic,2023-05-11,,1026,switched to competitor,0,36.2,5,10.2,2023-05
A-e888d1,Cybersecurity,Basic,2023-05-11,,1026,too expensive,0,36.2,5,10.2,2023-05
A-e888d1,Cybersecurity,Pro,2024-12-19,,833,missing features,0,16.9,5,7.0,2024-12
A-e888d1,Cybersecurity,Pro,2024-12-19,,833,switched to competitor,0,16.9,5,7.0,2024-12
A-e888d1,Cybersecurity,Pro,2024-12-19,,833,too expensive,0,16.9,5,7.0,2024-12
A-e888d1,Cybersecurity,Enterprise,2023-09-04,2024-05-12,3184,missing features,1,8.2,5,11.4,2023-09
A-e888d1,Cybersecurity,Enterprise,2023-09-04,2024-05-12,3184,switched to competitor,1,8.2,5,11.4,2023-09
A-e888d1,Cybersecurity,Enterprise,2023-09-04,2024-05-12,3184,too expensive,1,8.2,5,11.4,2023-09
A-e888d1,Cybersecurity,Basic,2023-07-05,,0,missing features,0,34.4,5,11.0,2023-07
A-e888d1,Cybersecurity,Basic,2023-07-05,,0,switched to competitor,0,34.4,5,11.0,2023-07
A-e888d1,Cybersecurity,Basic,2023-07-05,,0,too expensive,0,34.4,5,11.0,2023-07
A-e888d1,Cybersecurity,Pro,2024-03-12,2024-12-28,0,missing features,1,9.6,5,10.3,2024-03
A-e888d1,Cybersecurity,Pro,2024-03-12,2024-12-28,0,switched to competitor,1,9.6,5,10.3,2024-03
A-e888d1,Cybersecurity,Pro,2024-03-12,2024-12-28,0,too expensive,1,9.6,5,10.3,2024-03
A-69fad4,FinTech,Enterprise,2024-02-01,2024-08-19,4378,,1,6.6,4,12.1,2024-02
A-69fad4,FinTech,Basic,2023-07-24,,285,,0,33.7,4,11.6,2023-07
A-69fad4,FinTech,Enterprise,2023-09-04,,1194,,0,32.4,4,9.0,2023-09
A-69fad4,FinTech,Basic,2023-09-07,2024-02-11,665,,1,5.2,4,10.0,2023-09
A-69fad4,FinTech,Basic,2024-02-10,,209,,0,27.1,4,8.0,2024-02
A-69fad4,FinTech,Pro,2024-03-24,,0,,0,25.7,4,10.6,2024-03
A-69fad4,FinTech,Enterprise,2023-12-17,,1990,,0,28.9,4,9.6,2023-12
A-9289f6,EdTech,Enterprise,2024-09-15,,3383,too expensive,0,20.0,6,9.8,2024-09
A-9289f6,EdTech,Pro,2024-11-22,,49,too expensive,0,17.7,6,10.4,2024-11
A-9289f6,EdTech,Basic,2024-12-05,,247,too expensive,0,17.3,6,9.3,2024-12
A-9289f6,EdTech,Enterprise,2024-03-14,,1990,too expensive,0,26.1,6,8.7,2024-03
A-9289f6,EdTech,Enterprise,2024-12-11,,0,too expensive,0,17.1,6,10.9,2024-12
A-9289f6,EdTech,Basic,2023-07-04,2023-07-09,228,too expensive,1,0.2,6,11.0,2023-07
A-9289f6,EdTech,Pro,2024-12-17,,1225,too expensive,0,16.9,6,10.0,2024-12
A-9289f6,EdTech,Enterprise,2023-11-15,,0,too expensive,0,30.0,6,10.0,2023-11
A-9289f6,EdTech,Pro,2024-04-08,,1568,too expensive,0,25.2,6,9.1,2024-04
A-9289f6,EdTech,Pro,2024-03-05,,3969,too expensive,0,26.3,6,8.4,2024-03
A-9289f6,EdTech,Basic,2023-07-08,,418,too expensive,0,34.3,6,9.0,2023-07
A-9289f6,EdTech,Basic,2023-12-06,,19,too expensive,0,29.3,6,6.4,2023-12
A-f19409,DevTools,Pro,2023-09-26,,1666,switched to competitor,0,31.6,3,11.5,2023-09
A-f19409,DevTools,Pro,2023-09-26,,1666,too expensive,0,31.6,3,11.5,2023-09
A-f19409,DevTools,Basic,2024-12-20,,665,switched to competitor,0,16.8,3,10.0,2024-12
A-f19409,DevTools,Basic,2024-12-20,,665,too expensive,0,16.8,3,10.0,2024-12
A-f19409,DevTools,Basic,2024-06-12,,0,switched to competitor,0,23.1,3,10.8,2024-06
A-f19409,DevTools,Basic,2024-06-12,,0,too expensive,0,23.1,3,10.8,2024-06
A-f19409,DevTools,Enterprise,2024-09-16,,4577,switched to competitor,0,19.9,3,12.4,2024-09
A-f19409,DevTools,Enterprise,2024-09-16,,4577,too expensive,0,19.9,3,12.4,2024-09
A-f19409,DevTools,Enterprise,2024-10-20,,4577,switched to competitor,0,18.8,3,11.5,2024-10
A-f19409,DevTools,Enterprise,2024-10-20,,4577,too expensive,0,18.8,3,11.5,2024-10
A-f19409,DevTools,Enterprise,2023-08-09,,4577,switched to competitor,0,33.2,3,10.3,2023-08
A-f19409,DevTools,Enterprise,2023-08-09,,4577,too expensive,0,33.2,3,10.3,2023-08
A-f19409,DevTools,Enterprise,2024-08-27,2024-10-31,4577,switched to competitor,1,2.1,3,10.9,2024-08
A-f19409,DevTools,Enterprise,2024-08-27,2024-10-31,4577,too expensive,1,2.1,3,10.9,2024-08
A-f19409,DevTools,Pro,2024-09-21,,1127,switched to competitor,0,19.8,3,8.8,2024-09
A-f19409,DevTools,Pro,2024-09-21,,1127,too expensive,0,19.8,3,8.8,2024-09
A-f19409,DevTools,Enterprise,2024-04-08,,7960,switched to competitor,0,25.2,3,9.7,2024-04
A-f19409,DevTools,Enterprise,2024-04-08,,7960,too expensive,0,25.2,3,9.7,2024-04
A-f19409,DevTools,Pro,2024-04-17,,1127,switched to competitor,0,24.9,3,9.8,2024-04
A-f19409,DevTools,Pro,2024-04-17,,1127,too expensive,0,24.9,3,9.8,2024-04
A-f19409,DevTools,Pro,2023-04-22,,2156,switched to competitor,0,36.8,3,13.5,2023-04
A-f19409,DevTools,Pro,2023-04-22,,2156,too expensive,0,36.8,3,13.5,2023-04
A-f19409,DevTools,Pro,2024-10-27,,1127,switched to competitor,0,18.6,3,8.4,2024-10
A-f19409,DevTools,Pro,2024-10-27,,1127,too expensive,0,18.6,3,8.4,2024-10
A-22f2df,DevTools,Basic,2024-12-21,,114,,0,16.8,5,8.6,2024-12
A-22f2df,DevTools,Basic,2024-12-16,,57,,0,17.0,5,8.8,2024-12
A-22f2df,DevTools,Pro,2024-12-24,,1960,,0,16.7,5,12.0,2024-12
A-22f2df,DevTools,Basic,2024-12-30,,209,,0,16.5,5,10.1,2024-12
A-22f2df,DevTools,Pro,2024-12-27,,392,,0,16.6,5,11.0,2024-12
A-22f2df,DevTools,Enterprise,2024-12-29,,995,,0,16.5,5,8.0,2024-12
A-22f2df,DevTools,Pro,2024-12-21,,735,,0,16.8,5,11.7,2024-12
A-22f2df,DevTools,Pro,2024-12-22,,2989,,0,16.8,5,9.6,2024-12
A-22f2df,DevTools,Pro,2024-12-26,,0,,0,16.6,5,11.4,2024-12
A-039727,EdTech,Basic,2024-12-18,,475,switched to competitor,0,16.9,0,13.5,2024-12
A-039727,EdTech,Basic,2024-11-12,,475,switched to competitor,0,18.1,0,7.6,2024-11
A-039727,EdTech,Enterprise,2024-11-15,,4975,switched to competitor,0,18.0,0,10.6,2024-11
A-039727,EdTech,Pro,2024-11-12,,1225,switched to competitor,0,18.1,0,12.0,2024-11
A-039727,EdTech,Pro,2024-11-30,,1225,switched to competitor,0,17.5,0,9.0,2024-11
A-039727,EdTech,Enterprise,2024-12-15,,4975,switched to competitor,0,17.0,0,10.6,2024-12
A-039727,EdTech,Pro,2024-12-15,,1225,switched to competitor,0,17.0,0,11.3,2024-12
A-039727,EdTech,Enterprise,2024-12-06,,4975,switched to competitor,0,17.3,0,9.5,2024-12
A-039727,EdTech,Basic,2024-12-09,,475,switched to competitor,0,17.2,0,11.4,2024-12
A-039727,EdTech,Enterprise,2024-12-08,,5970,switched to competitor,0,17.2,0,10.8,2024-12
A-039727,EdTech,Enterprise,2024-11-28,,0,switched to competitor,0,17.5,0,11.5,2024-11
A-039727,EdTech,Basic,2024-11-10,,475,switched to competitor,0,18.1,0,10.2,2024-11
A-039727,EdTech,Enterprise,2024-12-19,2024-12-30,4975,switched to competitor,1,0.4,0,10.7,2024-12
A-039727,EdTech,Enterprise,2024-11-07,,4975,switched to competitor,0,18.2,0,9.6,2024-11
A-039727,EdTech,Enterprise,2024-12-07,,0,switched to competitor,0,17.2,0,8.5,2024-12
A-2e3bad,FinTech,Enterprise,2024-06-21,,12139,missing features,0,22.8,5,9.0,2024-06
A-2e3bad,FinTech,Enterprise,2024-09-29,,12139,missing features,0,19.5,5,12.0,2024-09
A-2e3bad,FinTech,Basic,2024-12-04,2024-12-27,1159,missing features,1,0.8,5,7.3,2024-12
A-2e3bad,FinTech,Basic,2024-10-09,,0,missing features,0,19.2,5,12.0,2024-10
A-2e3bad,FinTech,Enterprise,2023-08-19,,12139,missing features,0,32.9,5,10.3,2023-08
A-2e3bad,FinTech,Pro,2024-01-14,2024-03-01,2989,missing features,1,1.5,5,9.5,2024-01
A-2e3bad,FinTech,Enterprise,2024-03-11,,0,missing features,0,26.2,5,8.5,2024-03
A-2e3bad,FinTech,Basic,2024-04-03,,1159,missing features,0,25.4,5,11.0,2024-04
A-2e3bad,FinTech,Basic,2024-10-27,,1159,missing features,0,18.6,5,10.5,2024-10
A-2e3bad,FinTech,Pro,2024-01-06,,2989,missing features,0,28.3,5,7.0,2024-01
A-484819,HealthTech,Enterprise,2023-02-23,,3582,,0,38.7,5,11.0,2023-02
A-484819,HealthTech,Enterprise,2023-02-23,,3582,,0,38.7,5,11.0,2023-02
A-484819,HealthTech,Basic,2024-05-22,,342,,0,23.8,5,9.3,2024-05
A-484819,HealthTech,Basic,2024-05-22,,342,,0,23.8,5,9.3,2024-05
A-484819,HealthTech,Enterprise,2024-05-30,2024-08-05,5174,,1,2.2,5,12.6,2024-05
A-484819,HealthTech,Enterprise,2024-05-30,2024-08-05,5174,,1,2.2,5,12.6,2024-05
A-484819,HealthTech,Basic,2024-07-31,,418,,0,21.5,5,9.8,2024-07
A-484819,HealthTech,Basic,2024-07-31,,418,,0,21.5,5,9.8,2024-07
A-484819,HealthTech,Enterprise,2023-05-27,,3582,,0,35.6,5,9.2,2023-05
A-484819,HealthTech,Enterprise,2023-05-27,,3582,,0,35.6,5,9.2,2023-05
A-484819,HealthTech,Enterprise,2024-11-13,,3582,,0,18.0,5,8.8,2024-11
A-484819,HealthTech,Enterprise,2024-11-13,,3582,,0,18.0,5,8.8,2024-11
A-484819,HealthTech,Basic,2023-06-02,2024-07-03,342,,1,13.0,5,0.0,2023-06
A-484819,HealthTech,Basic,2023-06-02,2024-07-03,342,,1,13.0,5,0.0,2023-06
A-484819,HealthTech,Enterprise,2024-01-01,,3582,,0,28.5,5,11.0,2024-01
A-484819,HealthTech,Enterprise,2024-01-01,,3582,,0,28.5,5,11.0,2024-01
A-425e76,DevTools,Pro,2023-11-18,,3479,missing features,0,29.9,5,8.9,2023-11
A-425e76,DevTools,Pro,2023-11-18,,3479,switched to competitor,0,29.9,5,8.9,2023-11
A-425e76,DevTools,Pro,2023-11-18,,3479,too expensive,0,29.9,5,8.9,2023-11
A-425e76,DevTools,Pro,2023-11-18,,3479,too expensive,0,29.9,5,8.9,2023-11
A-425e76,DevTools,Enterprise,2023-06-21,,1592,missing features,0,34.8,5,13.3,2023-06
A-425e76,DevTools,Enterprise,2023-06-21,,1592,switched to competitor,0,34.8,5,13.3,2023-06
A-425e76,DevTools,Enterprise,2023-06-21,,1592,too expensive,0,34.8,5,13.3,2023-06
A-425e76,DevTools,Enterprise,2023-06-21,,1592,too expensive,0,34.8,5,13.3,2023-06
A-425e76,DevTools,Enterprise,2024-08-13,,1791,missing features,0,21.1,5,8.0,2024-08
A-425e76,DevTools,Enterprise,2024-08-13,,1791,switched to competitor,0,21.1,5,8.0,2024-08
A-425e76,DevTools,Enterprise,2024-08-13,,1791,too expensive,0,21.1,5,8.0,2024-08
A-425e76,DevTools,Enterprise,2024-08-13,,1791,too expensive,0,21.1,5,8.0,2024-08
A-425e76,DevTools,Basic,2024-04-16,,152,missing features,0,25.0,5,10.0,2024-04
A-425e76,DevTools,Basic,2024-04-16,,152,switched to competitor,0,25.0,5,10.0,2024-04
A-425e76,DevTools,Basic,2024-04-16,,152,too expensive,0,25.0,5,10.0,2024-04
A-425e76,DevTools,Basic,2024-04-16,,152,too expensive,0,25.0,5,10.0,2024-04
A-425e76,DevTools,Basic,2024-07-10,,703,missing features,0,22.2,5,9.7,2024-07
A-425e76,DevTools,Basic,2024-07-10,,703,switched to competitor,0,22.2,5,9.7,2024-07
A-425e76,DevTools,Basic,2024-07-10,,703,too expensive,0,22.2,5,9.7,2024-07
A-425e76,DevTools,Basic,2024-07-10,,703,too expensive,0,22.2,5,9.7,2024-07
A-425e76,DevTools,Pro,2023-07-22,,392,missing features,0,33.8,5,7.8,2023-07
A-425e76,DevTools,Pro,2023-07-22,,392,switched to competitor,0,33.8,5,7.8,2023-07
A-425e76,DevTools,Pro,2023-07-22,,392,too expensive,0,33.8,5,7.8,2023-07
A-425e76,DevTools,Pro,2023-07-22,,392,too expensive,0,33.8,5,7.8,2023-07
A-425e76,DevTools,Basic,2024-05-24,,513,missing features,0,23.7,5,0.0,2024-05
A-425e76,DevTools,Basic,2024-05-24,,513,switched to competitor,0,23.7,5,0.0,2024-05
A-425e76,DevTools,Basic,2024-05-24,,513,too expensive,0,23.7,5,0.0,2024-05
A-425e76,DevTools,Basic,2024-05-24,,513,too expensive,0,23.7,5,0.0,2024-05
A-425e76,DevTools,Basic,2023-06-26,,532,missing features,0,34.7,5,9.0,2023-06
A-425e76,DevTools,Basic,2023-06-26,,532,switched to competitor,0,34.7,5,9.0,2023-06
A-425e76,DevTools,Basic,2023-06-26,,532,too expensive,0,34.7,5,9.0,2023-06
A-425e76,DevTools,Basic,2023-06-26,,532,too expensive,0,34.7,5,9.0,2023-06
A-425e76,DevTools,Pro,2024-08-06,,1323,missing features,0,21.3,5,8.8,2024-08
A-425e76,DevTools,Pro,2024-08-06,,1323,switched to competitor,0,21.3,5,8.8,2024-08
A-425e76,DevTools,Pro,2024-08-06,,1323,too expensive,0,21.3,5,8.8,2024-08
A-425e76,DevTools,Pro,2024-08-06,,1323,too expensive,0,21.3,5,8.8,2024-08
A-425e76,DevTools,Enterprise,2023-08-18,2023-11-01,6368,missing features,1,2.5,5,8.7,2023-08
A-425e76,DevTools,Enterprise,2023-08-18,2023-11-01,6368,switched to competitor,1,2.5,5,8.7,2023-08
A-425e76,DevTools,Enterprise,2023-08-18,2023-11-01,6368,too expensive,1,2.5,5,8.7,2023-08
A-425e76,DevTools,Enterprise,2023-08-18,2023-11-01,6368,too expensive,1,2.5,5,8.7,2023-08
A-425e76,DevTools,Basic,2024-05-07,,266,missing features,0,24.3,5,11.0,2024-05
A-425e76,DevTools,Basic,2024-05-07,,266,switched to competitor,0,24.3,5,11.0,2024-05
A-425e76,DevTools,Basic,2024-05-07,,266,too expensive,0,24.3,5,11.0,2024-05
A-425e76,DevTools,Basic,2024-05-07,,266,too expensive,0,24.3,5,11.0,2024-05
A-e83938,DevTools,Pro,2024-06-26,,245,,0,22.6,4,8.3,2024-06
A-e83938,DevTools,Pro,2024-06-26,,245,switched to competitor,0,22.6,4,8.3,2024-06
A-e83938,DevTools,Pro,2024-06-26,,245,too expensive,0,22.6,4,8.3,2024-06
A-e83938,DevTools,Enterprise,2024-02-08,,3184,,0,27.2,4,9.0,2024-02
A-e83938,DevTools,Enterprise,2024-02-08,,3184,switched to competitor,0,27.2,4,9.0,2024-02
A-e83938,DevTools,Enterprise,2024-02-08,,3184,too expensive,0,27.2,4,9.0,2024-02
A-e83938,DevTools,Enterprise,2024-11-28,,1393,,0,17.5,4,9.2,2024-11
A-e83938,DevTools,Enterprise,2024-11-28,,1393,switched to competitor,0,17.5,4,9.2,2024-11
A-e83938,DevTools,Enterprise,2024-11-28,,1393,too expensive,0,17.5,4,9.2,2024-11
A-e83938,DevTools,Pro,2024-07-17,,1519,,0,21.9,4,8.0,2024-07
A-e83938,DevTools,Pro,2024-07-17,,1519,switched to competitor,0,21.9,4,8.0,2024-07
A-e83938,DevTools,Pro,2024-07-17,,1519,too expensive,0,21.9,4,8.0,2024-07
A-e83938,DevTools,Enterprise,2024-04-25,,0,,0,24.7,4,8.8,2024-04
A-e83938,DevTools,Enterprise,2024-04-25,,0,switched to competitor,0,24.7,4,8.8,2024-04
A-e83938,DevTools,Enterprise,2024-04-25,,0,too expensive,0,24.7,4,8.8,2024-04
A-e83938,DevTools,Pro,2024-07-16,,98,,0,22.0,4,9.0,2024-07
A-e83938,DevTools,Pro,2024-07-16,,98,switched to competitor,0,22.0,4,9.0,2024-07
A-e83938,DevTools,Pro,2024-07-16,,98,too expensive,0,22.0,4,9.0,2024-07
A-e83938,DevTools,Basic,2024-06-27,,38,,0,22.6,4,7.0,2024-06
A-e83938,DevTools,Basic,2024-06-27,,38,switched to competitor,0,22.6,4,7.0,2024-06
A-e83938,DevTools,Basic,2024-06-27,,38,too expensive,0,22.6,4,7.0,2024-06
A-e83938,DevTools,Basic,2024-12-06,,1026,,0,17.3,4,8.2,2024-12
A-e83938,DevTools,Basic,2024-12-06,,1026,switched to competitor,0,17.3,4,8.2,2024-12
A-e83938,DevTools,Basic,2024-12-06,,1026,too expensive,0,17.3,4,8.2,2024-12
A-ad296b,DevTools,Enterprise,2024-08-08,,7562,,0,21.2,3,10.7,2024-08
A-ad296b,DevTools,Basic,2024-11-16,2024-11-20,722,,1,0.1,3,4.0,2024-11
A-ad296b,DevTools,Enterprise,2024-09-18,,7562,,0,19.9,3,9.5,2024-09
A-ad296b,DevTools,Pro,2024-07-23,,0,,0,21.7,3,7.9,2024-07
A-ad296b,DevTools,Basic,2024-07-25,,722,,0,21.7,3,9.9,2024-07
A-ad296b,DevTools,Pro,2024-12-09,,1862,,0,17.2,3,11.1,2024-12
A-e51ec7,FinTech,Enterprise,2024-12-19,,1990,missing features,0,16.9,3,13.7,2024-12
A-e51ec7,FinTech,Enterprise,2024-12-19,,1990,switched to competitor,0,16.9,3,13.7,2024-12
A-e51ec7,FinTech,Enterprise,2024-12-19,,1990,too expensive,0,16.9,3,13.7,2024-12
A-e51ec7,FinTech,Pro,2024-05-01,,196,missing features,0,24.5,3,10.1,2024-05
A-e51ec7,FinTech,Pro,2024-05-01,,196,switched to competitor,0,24.5,3,10.1,2024-05
A-e51ec7,FinTech,Pro,2024-05-01,,196,too expensive,0,24.5,3,10.1,2024-05
A-e51ec7,FinTech,Basic,2024-10-04,2024-10-31,0,missing features,1,0.9,3,9.3,2024-10
A-e51ec7,FinTech,Basic,2024-10-04,2024-10-31,0,switched to competitor,1,0.9,3,9.3,2024-10
A-e51ec7,FinTech,Basic,2024-10-04,2024-10-31,0,too expensive,1,0.9,3,9.3,2024-10
A-e51ec7,FinTech,Enterprise,2024-09-16,,0,missing features,0,19.9,3,9.8,2024-09
A-e51ec7,FinTech,Enterprise,2024-09-16,,0,switched to competitor,0,19.9,3,9.8,2024-09
A-e51ec7,FinTech,Enterprise,2024-09-16,,0,too expensive,0,19.9,3,9.8,2024-09
A-e51ec7,FinTech,Enterprise,2023-11-27,,4975,missing features,0,29.6,3,10.4,2023-11
A-e51ec7,FinTech,Enterprise,2023-11-27,,4975,switched to competitor,0,29.6,3,10.4,2023-11
A-e51ec7,FinTech,Enterprise,2023-11-27,,4975,too expensive,0,29.6,3,10.4,2023-11
A-e51ec7,FinTech,Enterprise,2024-10-11,,16517,missing features,0,19.1,3,8.0,2024-10
A-e51ec7,FinTech,Enterprise,2024-10-11,,16517,switched to competitor,0,19.1,3,8.0,2024-10
A-e51ec7,FinTech,Enterprise,2024-10-11,,16517,too expensive,0,19.1,3,8.0,2024-10
A-e51ec7,FinTech,Enterprise,2024-04-18,,398,missing features,0,24.9,3,12.5,2024-04
A-e51ec7,FinTech,Enterprise,2024-04-18,,398,switched to competitor,0,24.9,3,12.5,2024-04
A-e51ec7,FinTech,Enterprise,2024-04-18,,398,too expensive,0,24.9,3,12.5,2024-04
A-e51ec7,FinTech,Basic,2024-03-22,,0,missing features,0,25.8,3,9.7,2024-03
A-e51ec7,FinTech,Basic,2024-03-22,,0,switched to competitor,0,25.8,3,9.7,2024-03
A-e51ec7,FinTech,Basic,2024-03-22,,0,too expensive,0,25.8,3,9.7,2024-03
A-0aaf6e,FinTech,Basic,2024-07-16,,0,,0,22.0,5,16.0,2024-07
A-0aaf6e,FinTech,Basic,2024-11-13,,57,,0,18.0,5,9.6,2024-11
A-0aaf6e,FinTech,Basic,2024-08-01,,456,,0,21.5,5,11.6,2024-08
A-0aaf6e,FinTech,Enterprise,2024-12-26,,3582,,0,16.6,5,9.4,2024-12
A-0aaf6e,FinTech,Pro,2024-08-18,,0,,0,20.9,5,10.3,2024-08
A-0aaf6e,FinTech,Basic,2024-11-09,,76,,0,18.2,5,11.1,2024-11
A-0aaf6e,FinTech,Enterprise,2024-12-25,,17512,,0,16.7,5,9.4,2024-12
A-0aaf6e,FinTech,Pro,2024-12-07,2024-12-15,588,,1,0.3,5,12.5,2024-12
A-0aaf6e,FinTech,Pro,2024-06-16,,1813,,0,23.0,5,9.3,2024-06
A-e61e98,FinTech,Enterprise,2024-09-01,,6766,switched to competitor,0,20.4,6,10.1,2024-09
A-e61e98,FinTech,Pro,2023-11-09,,1813,switched to competitor,0,30.2,6,6.8,2023-11
A-e61e98,FinTech,Basic,2024-06-02,,361,switched to competitor,0,23.4,6,6.5,2024-06
A-e61e98,FinTech,Pro,2023-11-05,,931,switched to competitor,0,30.3,6,10.0,2023-11
A-e61e98,FinTech,Pro,2023-12-06,,1960,switched to competitor,0,29.3,6,10.5,2023-12
A-e61e98,FinTech,Pro,2024-05-13,,931,switched to competitor,0,24.1,6,9.0,2024-05
A-e61e98,FinTech,Basic,2024-01-15,,361,switched to competitor,0,28.0,6,10.5,2024-01
A-e61e98,FinTech,Basic,2024-08-31,,361,switched to competitor,0,20.5,6,8.8,2024-08
A-e61e98,FinTech,Pro,2024-01-05,,0,switched to competitor,0,28.3,6,11.3,2024-01
A-92a333,FinTech,Pro,2024-02-08,,686,,0,27.2,4,9.6,2024-02
A-92a333,FinTech,Enterprise,2024-03-17,,1791,,0,26.0,4,12.0,2024-03
A-92a333,FinTech,Enterprise,2023-08-15,,6567,,0,33.0,4,9.0,2023-08
A-92a333,FinTech,Basic,2023-08-04,,171,,0,33.4,4,12.0,2023-08
A-92a333,FinTech,Basic,2024-07-03,,1273,,0,22.4,4,10.0,2024-07
A-92a333,FinTech,Basic,2024-07-04,,171,,0,22.4,4,8.6,2024-07
A-95b24a,FinTech,Basic,2023-12-10,,722,,0,29.2,5,10.2,2023-12
A-95b24a,FinTech,Pro,2023-07-14,,2303,,0,34.1,5,6.8,2023-07
A-95b24a,FinTech,Basic,2023-07-30,,722,,0,33.5,5,8.8,2023-07
A-95b24a,FinTech,Pro,2023-07-18,,1862,,0,33.9,5,11.0,2023-07
A-95b24a,FinTech,Enterprise,2024-06-28,,0,,0,22.6,5,8.4,2024-06
A-95b24a,FinTech,Basic,2023-10-07,,722,,0,31.3,5,9.0,2023-10
A-95b24a,FinTech,Pro,2024-06-27,,1862,,0,22.6,5,11.3,2024-06
A-95b24a,FinTech,Basic,2024-09-12,,722,,0,20.1,5,9.8,2024-09
A-95b24a,FinTech,Enterprise,2023-10-12,,7562,,0,31.1,5,11.2,2023-10
A-95b24a,FinTech,Enterprise,2024-01-08,,8557,,0,28.2,5,13.3,2024-01
A-95b24a,FinTech,Pro,2024-10-11,,0,,0,19.1,5,10.9,2024-10
A-42e5e1,DevTools,Basic,2024-10-22,,0,too expensive,0,18.8,3,6.7,2024-10
A-42e5e1,DevTools,Pro,2024-07-21,,49,too expensive,0,21.8,3,11.0,2024-07
A-42e5e1,DevTools,Enterprise,2024-10-18,,4378,too expensive,0,18.9,3,10.4,2024-10
A-42e5e1,DevTools,Basic,2024-08-29,,19,too expensive,0,20.5,3,10.4,2024-08
A-42e5e1,DevTools,Pro,2024-11-28,,490,too expensive,0,17.5,3,14.5,2024-11
A-42e5e1,DevTools,Enterprise,2024-08-01,2024-08-14,3980,too expensive,1,0.4,3,9.6,2024-08
A-42e5e1,DevTools,Enterprise,2024-08-02,,0,too expensive,0,21.4,3,8.8,2024-08
A-7d514c,HealthTech,Pro,2024-06-13,,833,,0,23.1,3,9.3,2024-06
A-7d514c,HealthTech,Enterprise,2024-12-05,,3383,,0,17.3,3,11.0,2024-12
A-7d514c,HealthTech,Enterprise,2024-09-07,,3383,,0,20.2,3,9.8,2024-09
A-7d514c,HealthTech,Pro,2024-11-06,,1029,,0,18.3,3,7.8,2024-11
A-7d514c,HealthTech,Enterprise,2024-07-01,2024-11-12,8557,,1,4.4,3,10.3,2024-07
A-7d514c,HealthTech,Enterprise,2024-04-01,,6766,,0,25.5,3,12.3,2024-04
A-7d514c,HealthTech,Basic,2024-03-20,,323,,0,25.9,3,9.3,2024-03
A-7d514c,HealthTech,Basic,2024-09-08,,0,,0,20.2,3,9.0,2024-09
A-7d514c,HealthTech,Enterprise,2024-02-13,,0,,0,27.0,3,12.0,2024-02
A-65aeb5,DevTools,Enterprise,2024-05-11,,0,,0,24.1,2,12.0,2024-05
A-65aeb5,DevTools,Enterprise,2024-05-11,,0,missing features,0,24.1,2,12.0,2024-05
A-65aeb5,DevTools,Pro,2024-09-30,,441,,0,19.5,2,11.3,2024-09
A-65aeb5,DevTools,Pro,2024-09-30,,441,missing features,0,19.5,2,11.3,2024-09
A-65aeb5,DevTools,Basic,2024-08-23,,532,,0,20.7,2,8.6,2024-08
A-65aeb5,DevTools,Basic,2024-08-23,,532,missing features,0,20.7,2,8.6,2024-08
A-65aeb5,DevTools,Enterprise,2024-09-01,,1791,,0,20.4,2,8.0,2024-09
A-65aeb5,DevTools,Enterprise,2024-09-01,,1791,missing features,0,20.4,2,8.0,2024-09
A-65aeb5,DevTools,Enterprise,2024-08-01,,3582,,0,21.5,2,8.6,2024-08
A-65aeb5,DevTools,Enterprise,2024-08-01,,3582,missing features,0,21.5,2,8.6,2024-08
A-65aeb5,DevTools,Enterprise,2024-08-04,,1791,,0,21.4,2,11.6,2024-08
A-65aeb5,DevTools,Enterprise,2024-08-04,,1791,missing features,0,21.4,2,11.6,2024-08
A-65aeb5,DevTools,Enterprise,2024-09-06,,11144,,0,20.3,2,8.6,2024-09
A-65aeb5,DevTools,Enterprise,2024-09-06,,11144,missing features,0,20.3,2,8.6,2024-09
A-65aeb5,DevTools,Basic,2024-10-10,2024-12-03,171,,1,1.8,2,9.2,2024-10
A-65aeb5,DevTools,Basic,2024-10-10,2024-12-03,171,missing features,1,1.8,2,9.2,2024-10
A-65aeb5,DevTools,Enterprise,2024-08-19,2024-09-25,1791,,1,1.2,2,9.0,2024-08
A-65aeb5,DevTools,Enterprise,2024-08-19,2024-09-25,1791,missing features,1,1.2,2,9.0,2024-08
A-65aeb5,DevTools,Enterprise,2024-03-22,2024-12-03,12537,,1,8.4,2,10.5,2024-03
A-65aeb5,DevTools,Enterprise,2024-03-22,2024-12-03,12537,missing features,1,8.4,2,10.5,2024-03
A-65aeb5,DevTools,Basic,2024-02-02,,171,,0,27.4,2,11.1,2024-02
A-65aeb5,DevTools,Basic,2024-02-02,,171,missing features,0,27.4,2,11.1,2024-02
A-65aeb5,DevTools,Pro,2024-05-08,,441,,0,24.2,2,9.0,2024-05
A-65aeb5,DevTools,Pro,2024-05-08,,441,missing features,0,24.2,2,9.0,2024-05
A-e2cd1b,DevTools,Basic,2024-06-24,,0,,0,22.7,5,9.4,2024-06
A-e2cd1b,DevTools,Enterprise,2024-10-05,,0,,0,19.3,5,10.7,2024-10
A-e2cd1b,DevTools,Basic,2024-02-22,,836,,0,26.7,5,10.0,2024-02
A-e2cd1b,DevTools,Enterprise,2024-12-26,,3184,,0,16.6,5,3.3,2024-12
A-e2cd1b,DevTools,Pro,2024-07-30,,2205,,0,21.5,5,10.4,2024-07
A-e2cd1b,DevTools,Basic,2024-12-07,,2261,,0,17.2,5,9.7,2024-12
A-e2cd1b,DevTools,Basic,2024-11-20,,342,,0,17.8,5,9.0,2024-11
A-e2cd1b,DevTools,Enterprise,2024-05-25,,2985,,0,23.7,5,9.9,2024-05
A-e2cd1b,DevTools,Pro,2024-04-29,,735,,0,24.5,5,10.6,2024-04
A-180abf,DevTools,Pro,2024-12-16,,0,,0,17.0,3,9.7,2024-12
A-180abf,DevTools,Pro,2024-12-16,,0,,0,17.0,3,9.7,2024-12
A-180abf,DevTools,Pro,2024-12-16,,0,,0,17.0,3,9.7,2024-12
A-180abf,DevTools,Pro,2024-12-16,,0,,0,17.0,3,9.7,2024-12
A-180abf,DevTools,Pro,2024-12-16,,0,switched to competitor,0,17.0,3,9.7,2024-12
A-180abf,DevTools,Basic,2024-01-17,2024-04-19,0,,1,3.1,3,14.0,2024-01
A-180abf,DevTools,Basic,2024-01-17,2024-04-19,0,,1,3.1,3,14.0,2024-01
A-180abf,DevTools,Basic,2024-01-17,2024-04-19,0,,1,3.1,3,14.0,2024-01
A-180abf,DevTools,Basic,2024-01-17,2024-04-19,0,,1,3.1,3,14.0,2024-01
A-180abf,DevTools,Basic,2024-01-17,2024-04-19,0,switched to competitor,1,3.1,3,14.0,2024-01
A-180abf,DevTools,Enterprise,2024-04-16,,12736,,0,25.0,3,11.8,2024-04
A-180abf,DevTools,Enterprise,2024-04-16,,12736,,0,25.0,3,11.8,2024-04
A-180abf,DevTools,Enterprise,2024-04-16,,12736,,0,25.0,3,11.8,2024-04
A-180abf,DevTools,Enterprise,2024-04-16,,12736,,0,25.0,3,11.8,2024-04
A-180abf,DevTools,Enterprise,2024-04-16,,12736,switched to competitor,0,25.0,3,11.8,2024-04
A-180abf,DevTools,Pro,2024-12-17,,3136,,0,16.9,3,8.3,2024-12
A-180abf,DevTools,Pro,2024-12-17,,3136,,0,16.9,3,8.3,2024-12
A-180abf,DevTools,Pro,2024-12-17,,3136,,0,16.9,3,8.3,2024-12
A-180abf,DevTools,Pro,2024-12-17,,3136,,0,16.9,3,8.3,2024-12
A-180abf,DevTools,Pro,2024-12-17,,3136,switched to competitor,0,16.9,3,8.3,2024-12
A-180abf,DevTools,Pro,2024-02-19,,3136,,0,26.8,3,8.5,2024-02
A-180abf,DevTools,Pro,2024-02-19,,3136,,0,26.8,3,8.5,2024-02
A-180abf,DevTools,Pro,2024-02-19,,3136,,0,26.8,3,8.5,2024-02
A-180abf,DevTools,Pro,2024-02-19,,3136,,0,26.8,3,8.5,2024-02
A-180abf,DevTools,Pro,2024-02-19,,3136,switched to competitor,0,26.8,3,8.5,2024-02
A-180abf,DevTools,Enterprise,2023-09-16,2023-11-06,12736,,1,1.7,3,10.9,2023-09
A-180abf,DevTools,Enterprise,2023-09-16,2023-11-06,12736,,1,1.7,3,10.9,2023-09
A-180abf,DevTools,Enterprise,2023-09-16,2023-11-06,12736,,1,1.7,3,10.9,2023-09
A-180abf,DevTools,Enterprise,2023-09-16,2023-11-06,12736,,1,1.7,3,10.9,2023-09
A-180abf,DevTools,Enterprise,2023-09-16,2023-11-06,12736,switched to competitor,1,1.7,3,10.9,2023-09
A-180abf,DevTools,Basic,2024-11-09,,1216,,0,18.2,3,9.8,2024-11
A-180abf,DevTools,Basic,2024-11-09,,1216,,0,18.2,3,9.8,2024-11
A-180abf,DevTools,Basic,2024-11-09,,1216,,0,18.2,3,9.8,2024-11
A-180abf,DevTools,Basic,2024-11-09,,1216,,0,18.2,3,9.8,2024-11
A-180abf,DevTools,Basic,2024-11-09,,1216,switched to competitor,0,18.2,3,9.8,2024-11
A-180abf,DevTools,Pro,2024-12-20,,3136,,0,16.8,3,11.0,2024-12
A-180abf,DevTools,Pro,2024-12-20,,3136,,0,16.8,3,11.0,2024-12
A-180abf,DevTools,Pro,2024-12-20,,3136,,0,16.8,3,11.0,2024-12
A-180abf,DevTools,Pro,2024-12-20,,3136,,0,16.8,3,11.0,2024-12
A-180abf,DevTools,Pro,2024-12-20,,3136,switched to competitor,0,16.8,3,11.0,2024-12
A-180abf,DevTools,Basic,2024-07-10,,1216,,0,22.2,3,10.3,2024-07
A-180abf,DevTools,Basic,2024-07-10,,1216,,0,22.2,3,10.3,2024-07
A-180abf,DevTools,Basic,2024-07-10,,1216,,0,22.2,3,10.3,2024-07
A-180abf,DevTools,Basic,2024-07-10,,1216,,0,22.2,3,10.3,2024-07
A-180abf,DevTools,Basic,2024-07-10,,1216,switched to competitor,0,22.2,3,10.3,2024-07
A-f17767,DevTools,Enterprise,2024-08-03,,199,,0,21.4,3,12.1,2024-08
A-f17767,DevTools,Pro,2024-12-10,,735,,0,17.2,3,0.0,2024-12
A-f17767,DevTools,Pro,2024-01-03,2024-01-28,539,,1,0.8,3,9.0,2024-01
A-f17767,DevTools,Pro,2024-08-21,,588,,0,20.8,3,10.8,2024-08
A-f17767,DevTools,Pro,2023-09-17,,1274,,0,31.9,3,11.2,2023-09
A-f17767,DevTools,Pro,2024-03-20,,441,,0,25.9,3,10.0,2024-03
A-f17767,DevTools,Pro,2023-11-15,,1127,,0,30.0,3,9.0,2023-11
A-f17767,DevTools,Pro,2023-02-15,2023-08-25,686,,1,6.3,3,10.6,2023-02
A-f17767,DevTools,Enterprise,2023-12-07,,7761,,0,29.3,3,9.7,2023-12
A-f17767,DevTools,Basic,2023-05-02,,38,,0,36.5,3,10.0,2023-05
A-f17767,DevTools,Pro,2023-07-30,,441,,0,33.5,3,10.0,2023-07
A-f17767,DevTools,Enterprise,2023-03-22,,1194,,0,37.8,3,9.6,2023-03
A-f17767,DevTools,Pro,2024-02-15,,1078,,0,27.0,3,0.0,2024-02
A-f17767,DevTools,Basic,2023-11-01,,38,,0,30.5,3,10.4,2023-11
A-5a184f,DevTools,Enterprise,2024-01-15,,9154,missing features,0,28.0,3,9.0,2024-01
A-5a184f,DevTools,Enterprise,2024-01-15,,9154,switched to competitor,0,28.0,3,9.0,2024-01
A-5a184f,DevTools,Enterprise,2024-01-15,,9154,too expensive,0,28.0,3,9.0,2024-01
A-5a184f,DevTools,Basic,2023-09-03,,1406,missing features,0,32.4,3,10.4,2023-09
A-5a184f,DevTools,Basic,2023-09-03,,1406,switched to competitor,0,32.4,3,10.4,2023-09
A-5a184f,DevTools,Basic,2023-09-03,,1406,too expensive,0,32.4,3,10.4,2023-09
A-5a184f,DevTools,Basic,2024-11-06,2024-12-13,684,missing features,1,1.2,3,13.7,2024-11
A-5a184f,DevTools,Basic,2024-11-06,2024-12-13,684,switched to competitor,1,1.2,3,13.7,2024-11
A-5a184f,DevTools,Basic,2024-11-06,2024-12-13,684,too expensive,1,1.2,3,13.7,2024-11
A-5a184f,DevTools,Basic,2024-01-21,,114,missing features,0,27.8,3,10.9,2024-01
A-5a184f,DevTools,Basic,2024-01-21,,114,switched to competitor,0,27.8,3,10.9,2024-01
A-5a184f,DevTools,Basic,2024-01-21,,114,too expensive,0,27.8,3,10.9,2024-01
A-5a184f,DevTools,Enterprise,2023-12-02,,4378,missing features,0,29.4,3,11.8,2023-12
A-5a184f,DevTools,Enterprise,2023-12-02,,4378,switched to competitor,0,29.4,3,11.8,2023-12
A-5a184f,DevTools,Enterprise,2023-12-02,,4378,too expensive,0,29.4,3,11.8,2023-12
A-5a184f,DevTools,Pro,2023-08-31,,0,missing features,0,32.5,3,10.0,2023-08
A-5a184f,DevTools,Pro,2023-08-31,,0,switched to competitor,0,32.5,3,10.0,2023-08
A-5a184f,DevTools,Pro,2023-08-31,,0,too expensive,0,32.5,3,10.0,2023-08
A-5a184f,DevTools,Enterprise,2024-04-14,,2786,missing features,0,25.0,3,10.3,2024-04
A-5a184f,DevTools,Enterprise,2024-04-14,,2786,switched to competitor,0,25.0,3,10.3,2024-04
A-5a184f,DevTools,Enterprise,2024-04-14,,2786,too expensive,0,25.0,3,10.3,2024-04
A-5a184f,DevTools,Basic,2024-10-20,,19,missing features,0,18.8,3,10.4,2024-10
A-5a184f,DevTools,Basic,2024-10-20,,19,switched to competitor,0,18.8,3,10.4,2024-10
A-5a184f,DevTools,Basic,2024-10-20,,19,too expensive,0,18.8,3,10.4,2024-10
A-5a184f,DevTools,Basic,2024-01-20,,133,missing features,0,27.8,3,9.5,2024-01
A-5a184f,DevTools,Basic,2024-01-20,,133,switched to competitor,0,27.8,3,9.5,2024-01
A-5a184f,DevTools,Basic,2024-01-20,,133,too expensive,0,27.8,3,9.5,2024-01
A-5a184f,DevTools,Pro,2023-11-30,,2009,missing features,0,29.5,3,9.2,2023-11
A-5a184f,DevTools,Pro,2023-11-30,,2009,switched to competitor,0,29.5,3,9.2,2023-11
A-5a184f,DevTools,Pro,2023-11-30,,2009,too expensive,0,29.5,3,9.2,2023-11
A-7df7a7,DevTools,Pro,2023-09-16,,343,missing features,0,32.0,3,9.5,2023-09
A-7df7a7,DevTools,Enterprise,2024-05-07,,1393,missing features,0,24.3,3,10.3,2024-05
A-7df7a7,DevTools,Basic,2024-11-04,,133,missing features,0,18.3,3,9.7,2024-11
A-7df7a7,DevTools,Pro,2024-03-04,,343,missing features,0,26.4,3,9.0,2024-03
A-7df7a7,DevTools,Pro,2023-06-10,,0,missing features,0,35.2,3,11.8,2023-06
A-7df7a7,DevTools,Enterprise,2024-05-25,,1393,missing features,0,23.7,3,9.8,2024-05
A-7df7a7,DevTools,Enterprise,2023-09-07,,2587,missing features,0,32.3,3,10.7,2023-09
A-7df7a7,DevTools,Enterprise,2023-10-17,2024-01-18,2587,missing features,1,3.1,3,9.5,2023-10
A-7df7a7,DevTools,Enterprise,2023-06-26,,8955,missing features,0,34.7,3,8.0,2023-06
A-7df7a7,DevTools,Pro,2023-02-05,,343,missing features,0,39.3,3,11.7,2023-02
A-7df7a7,DevTools,Basic,2024-04-06,,133,missing features,0,25.3,3,9.3,2024-04
A-7df7a7,DevTools,Enterprise,2024-12-28,,5970,missing features,0,16.6,3,9.3,2024-12
A-7df7a7,DevTools,Basic,2023-03-03,,0,missing features,0,38.4,3,10.9,2023-03
A-7df7a7,DevTools,Enterprise,2023-12-13,,2985,missing features,0,29.1,3,11.5,2023-12
A-7df7a7,DevTools,Enterprise,2024-12-05,,1990,missing features,0,17.3,3,9.5,2024-12
A-1ac5e0,DevTools,Enterprise,2024-11-17,,6567,,0,17.9,7,9.6,2024-11
A-1ac5e0,DevTools,Basic,2024-11-15,,627,,0,18.0,7,10.8,2024-11
A-1ac5e0,DevTools,Enterprise,2024-12-30,,0,,0,16.5,7,8.9,2024-12
A-1ac5e0,DevTools,Basic,2024-11-29,,627,,0,17.5,7,10.4,2024-11
A-1ac5e0,DevTools,Enterprise,2024-11-24,,0,,0,17.7,7,8.8,2024-11
A-1ac5e0,DevTools,Basic,2024-10-24,,627,,0,18.7,7,9.7,2024-10
A-1ac5e0,DevTools,Pro,2024-11-25,,1617,,0,17.6,7,12.0,2024-11
A-1ac5e0,DevTools,Enterprise,2024-11-19,,6567,,0,17.8,7,10.3,2024-11
A-1ac5e0,DevTools,Pro,2024-11-30,,1617,,0,17.5,7,9.4,2024-11
A-1ac5e0,DevTools,Basic,2024-12-11,,0,,0,17.1,7,9.5,2024-12
A-52dd88,Cybersecurity,Enterprise,2024-09-09,,4577,,0,20.2,1,13.0,2024-09
A-52dd88,Cybersecurity,Pro,2024-12-04,,1470,,0,17.3,1,10.0,2024-12
A-52dd88,Cybersecurity,Pro,2024-03-12,,1127,,0,26.1,1,8.8,2024-03
A-52dd88,Cybersecurity,Basic,2023-12-05,,437,,0,29.3,1,9.0,2023-12
A-52dd88,Cybersecurity,Basic,2023-12-15,,0,,0,29.0,1,9.3,2023-12
A-52dd88,Cybersecurity,Pro,2023-03-26,,1274,,0,37.7,1,10.2,2023-03
A-52dd88,Cybersecurity,Basic,2023-12-12,,437,,0,29.1,1,9.8,2023-12
A-52dd88,Cybersecurity,Basic,2023-12-25,,437,,0,28.7,1,12.5,2023-12
A-52dd88,Cybersecurity,Basic,2024-11-13,,532,,0,18.0,1,12.8,2024-11
A-52dd88,Cybersecurity,Enterprise,2024-08-02,,5174,,0,21.4,1,11.2,2024-08
A-52dd88,Cybersecurity,Pro,2023-10-10,,1127,,0,31.2,1,8.8,2023-10
A-bece89,Cybersecurity,Enterprise,2024-03-03,,5174,missing features,0,26.4,4,9.0,2024-03
A-bece89,Cybersecurity,Enterprise,2024-03-03,,5174,switched to competitor,0,26.4,4,9.0,2024-03
A-bece89,Cybersecurity,Basic,2024-03-08,,494,missing features,0,26.3,4,9.2,2024-03
A-bece89,Cybersecurity,Basic,2024-03-08,,494,switched to competitor,0,26.3,4,9.2,2024-03
A-bece89,Cybersecurity,Pro,2024-02-08,,1372,missing features,0,27.2,4,8.3,2024-02
A-bece89,Cybersecurity,Pro,2024-02-08,,1372,switched to competitor,0,27.2,4,8.3,2024-02
A-bece89,Cybersecurity,Pro,2024-10-18,,1862,missing features,0,18.9,4,7.3,2024-10
A-bece89,Cybersecurity,Pro,2024-10-18,,1862,switched to competitor,0,18.9,4,7.3,2024-10
A-bece89,Cybersecurity,Enterprise,2024-05-20,,5174,missing features,0,23.9,4,12.0,2024-05
A-bece89,Cybersecurity,Enterprise,2024-05-20,,5174,switched to competitor,0,23.9,4,12.0,2024-05
A-bece89,Cybersecurity,Enterprise,2024-01-18,,5174,missing features,0,27.9,4,9.7,2024-01
A-bece89,Cybersecurity,Enterprise,2024-01-18,,5174,switched to competitor,0,27.9,4,9.7,2024-01
A-029f69,Cybersecurity,Basic,2024-12-31,,646,,0,16.5,2,10.3,2024-12
A-029f69,Cybersecurity,Basic,2024-12-31,,646,switched to competitor,0,16.5,2,10.3,2024-12
A-029f69,Cybersecurity,Basic,2024-12-31,,646,too expensive,0,16.5,2,10.3,2024-12
A-029f69,Cybersecurity,Enterprise,2024-05-24,,4776,,0,23.7,2,8.6,2024-05
A-029f69,Cybersecurity,Enterprise,2024-05-24,,4776,switched to competitor,0,23.7,2,8.6,2024-05
A-029f69,Cybersecurity,Enterprise,2024-05-24,,4776,too expensive,0,23.7,2,8.6,2024-05
A-029f69,Cybersecurity,Pro,2024-12-14,,490,,0,17.0,2,11.0,2024-12
A-029f69,Cybersecurity,Pro,2024-12-14,,490,switched to competitor,0,17.0,2,11.0,2024-12
A-029f69,Cybersecurity,Pro,2024-12-14,,490,too expensive,0,17.0,2,11.0,2024-12
A-029f69,Cybersecurity,Pro,2024-10-10,2024-11-16,0,,1,1.2,2,10.2,2024-10
A-029f69,Cybersecurity,Pro,2024-10-10,2024-11-16,0,switched to competitor,1,1.2,2,10.2,2024-10
A-029f69,Cybersecurity,Pro,2024-10-10,2024-11-16,0,too expensive,1,1.2,2,10.2,2024-10
A-029f69,Cybersecurity,Enterprise,2024-08-11,,0,,0,21.1,2,8.0,2024-08
A-029f69,Cybersecurity,Enterprise,2024-08-11,,0,switched to competitor,0,21.1,2,8.0,2024-08
A-029f69,Cybersecurity,Enterprise,2024-08-11,,0,too expensive,0,21.1,2,8.0,2024-08
A-029f69,Cybersecurity,Enterprise,2024-09-14,,2985,,0,20.0,2,8.6,2024-09
A-029f69,Cybersecurity,Enterprise,2024-09-14,,2985,switched to competitor,0,20.0,2,8.6,2024-09
A-029f69,Cybersecurity,Enterprise,2024-09-14,,2985,too expensive,0,20.0,2,8.6,2024-09
A-029f69,Cybersecurity,Enterprise,2024-08-10,,597,,0,21.2,2,8.7,2024-08
A-029f69,Cybersecurity,Enterprise,2024-08-10,,597,switched to competitor,0,21.2,2,8.7,2024-08
A-029f69,Cybersecurity,Enterprise,2024-08-10,,597,too expensive,0,21.2,2,8.7,2024-08
A-029f69,Cybersecurity,Basic,2024-12-02,,209,,0,17.4,2,9.4,2024-12
A-029f69,Cybersecurity,Basic,2024-12-02,,209,switched to competitor,0,17.4,2,9.4,2024-12
A-029f69,Cybersecurity,Basic,2024-12-02,,209,too expensive,0,17.4,2,9.4,2024-12
A-029f69,Cybersecurity,Enterprise,2024-11-08,,597,,0,18.2,2,10.8,2024-11
A-029f69,Cybersecurity,Enterprise,2024-11-08,,597,switched to competitor,0,18.2,2,10.8,2024-11
A-029f69,Cybersecurity,Enterprise,2024-11-08,,597,too expensive,0,18.2,2,10.8,2024-11
A-029f69,Cybersecurity,Pro,2024-09-09,,1323,,0,20.2,2,10.5,2024-09
A-029f69,Cybersecurity,Pro,2024-09-09,,1323,switched to competitor,0,20.2,2,10.5,2024-09
A-029f69,Cybersecurity,Pro,2024-09-09,,1323,too expensive,0,20.2,2,10.5,2024-09
A-029f69,Cybersecurity,Basic,2024-09-15,2024-09-19,285,,1,0.1,2,7.5,2024-09
A-029f69,Cybersecurity,Basic,2024-09-15,2024-09-19,285,switched to competitor,1,0.1,2,7.5,2024-09
A-029f69,Cybersecurity,Basic,2024-09-15,2024-09-19,285,too expensive,1,0.1,2,7.5,2024-09
A-029f69,Cybersecurity,Pro,2024-05-09,,1274,,0,24.2,2,11.1,2024-05
A-029f69,Cybersecurity,Pro,2024-05-09,,1274,switched to competitor,0,24.2,2,11.1,2024-05
A-029f69,Cybersecurity,Pro,2024-05-09,,1274,too expensive,0,24.2,2,11.1,2024-05
A-029f69,Cybersecurity,Pro,2024-11-13,,147,,0,18.0,2,9.0,2024-11
A-029f69,Cybersecurity,Pro,2024-11-13,,147,switched to competitor,0,18.0,2,9.0,2024-11
A-029f69,Cybersecurity,Pro,2024-11-13,,147,too expensive,0,18.0,2,9.0,2024-11
A-029f69,Cybersecurity,Pro,2024-08-04,2024-08-23,1029,,1,0.6,2,9.3,2024-08
A-029f69,Cybersecurity,Pro,2024-08-04,2024-08-23,1029,switched to competitor,1,0.6,2,9.3,2024-08
A-029f69,Cybersecurity,Pro,2024-08-04,2024-08-23,1029,too expensive,1,0.6,2,9.3,2024-08
A-029f69,Cybersecurity,Pro,2024-11-11,,147,,0,18.1,2,9.5,2024-11
A-029f69,Cybersecurity,Pro,2024-11-11,,147,switched to competitor,0,18.1,2,9.5,2024-11
A-029f69,Cybersecurity,Pro,2024-11-11,,147,too expensive,0,18.1,2,9.5,2024-11
A-029f69,Cybersecurity,Basic,2024-12-10,,133,,0,17.2,2,9.4,2024-12
A-029f69,Cybersecurity,Basic,2024-12-10,,133,switched to competitor,0,17.2,2,9.4,2024-12
A-029f69,Cybersecurity,Basic,2024-12-10,,133,too expensive,0,17.2,2,9.4,2024-12
A-5c046d,EdTech,Pro,2024-07-23,,4557,,0,21.7,1,10.2,2024-07
A-5c046d,EdTech,Enterprise,2024-12-18,,18507,,0,16.9,1,8.8,2024-12
A-5c046d,EdTech,Basic,2024-12-02,,1767,,0,17.4,1,8.6,2024-12
A-5c046d,EdTech,Enterprise,2024-12-20,,18507,,0,16.8,1,9.3,2024-12
A-5c046d,EdTech,Basic,2024-08-18,,1767,,0,20.9,1,10.0,2024-08
A-5c046d,EdTech,Basic,2024-12-02,,1767,,0,17.4,1,11.5,2024-12
A-5c046d,EdTech,Enterprise,2024-11-23,,18507,,0,17.7,1,11.1,2024-11
A-5c046d,EdTech,Enterprise,2024-09-07,,18507,,0,20.2,1,13.0,2024-09
A-fb186e,EdTech,Enterprise,2024-12-22,,5771,,0,16.8,6,9.0,2024-12
A-fb186e,EdTech,Basic,2024-11-16,,0,,0,17.9,6,10.8,2024-11
A-fb186e,EdTech,Enterprise,2024-12-28,,0,,0,16.6,6,10.3,2024-12
A-ae052e,FinTech,Pro,2024-03-31,,1911,too expensive,0,25.5,4,12.3,2024-03
A-ae052e,FinTech,Pro,2024-03-31,,1911,too expensive,0,25.5,4,12.3,2024-03
A-ae052e,FinTech,Pro,2024-03-31,,1911,too expensive,0,25.5,4,12.3,2024-03
A-ae052e,FinTech,Pro,2024-03-31,,1911,too expensive,0,25.5,4,12.3,2024-03
A-ae052e,FinTech,Pro,2024-11-28,2024-12-06,1960,too expensive,1,0.3,4,9.3,2024-11
A-ae052e,FinTech,Pro,2024-11-28,2024-12-06,1960,too expensive,1,0.3,4,9.3,2024-11
A-ae052e,FinTech,Pro,2024-11-28,2024-12-06,1960,too expensive,1,0.3,4,9.3,2024-11
A-ae052e,FinTech,Pro,2024-11-28,2024-12-06,1960,too expensive,1,0.3,4,9.3,2024-11
A-ae052e,FinTech,Pro,2024-01-22,2024-10-29,0,too expensive,1,9.2,4,14.0,2024-01
A-ae052e,FinTech,Pro,2024-01-22,2024-10-29,0,too expensive,1,9.2,4,14.0,2024-01
A-ae052e,FinTech,Pro,2024-01-22,2024-10-29,0,too expensive,1,9.2,4,14.0,2024-01
A-ae052e,FinTech,Pro,2024-01-22,2024-10-29,0,too expensive,1,9.2,4,14.0,2024-01
A-ae052e,FinTech,Pro,2024-10-24,2024-12-11,1911,too expensive,1,1.6,4,8.0,2024-10
A-ae052e,FinTech,Pro,2024-10-24,2024-12-11,1911,too expensive,1,1.6,4,8.0,2024-10
A-ae052e,FinTech,Pro,2024-10-24,2024-12-11,1911,too expensive,1,1.6,4,8.0,2024-10
A-ae052e,FinTech,Pro,2024-10-24,2024-12-11,1911,too expensive,1,1.6,4,8.0,2024-10
A-ae052e,FinTech,Pro,2024-09-02,,1911,too expensive,0,20.4,4,6.8,2024-09
A-ae052e,FinTech,Pro,2024-09-02,,1911,too expensive,0,20.4,4,6.8,2024-09
A-ae052e,FinTech,Pro,2024-09-02,,1911,too expensive,0,20.4,4,6.8,2024-09
A-ae052e,FinTech,Pro,2024-09-02,,1911,too expensive,0,20.4,4,6.8,2024-09
A-ae052e,FinTech,Basic,2024-12-17,,0,too expensive,0,16.9,4,10.3,2024-12
A-ae052e,FinTech,Basic,2024-12-17,,0,too expensive,0,16.9,4,10.3,2024-12
A-ae052e,FinTech,Basic,2024-12-17,,0,too expensive,0,16.9,4,10.3,2024-12
A-ae052e,FinTech,Basic,2024-12-17,,0,too expensive,0,16.9,4,10.3,2024-12
A-9f9299,FinTech,Enterprise,2024-08-02,,5572,,0,21.4,5,9.2,2024-08
A-9f9299,FinTech,Enterprise,2024-08-02,,5572,missing features,0,21.4,5,9.2,2024-08
A-9f9299,FinTech,Enterprise,2023-11-27,,5572,,0,29.6,5,10.3,2023-11
A-9f9299,FinTech,Enterprise,2023-11-27,,5572,missing features,0,29.6,5,10.3,2023-11
A-9f9299,FinTech,Enterprise,2024-10-06,,5572,,0,19.3,5,10.0,2024-10
A-9f9299,FinTech,Enterprise,2024-10-06,,5572,missing features,0,19.3,5,10.0,2024-10
A-9f9299,FinTech,Enterprise,2023-11-24,2024-07-20,5572,,1,7.9,5,11.3,2023-11
A-9f9299,FinTech,Enterprise,2023-11-24,2024-07-20,5572,missing features,1,7.9,5,11.3,2023-11
A-9f9299,FinTech,Pro,2024-11-18,,1372,,0,17.9,5,11.0,2024-11
A-9f9299,FinTech,Pro,2024-11-18,,1372,missing features,0,17.9,5,11.0,2024-11
A-9f9299,FinTech,Basic,2024-04-04,,532,,0,25.4,5,11.3,2024-04
A-9f9299,FinTech,Basic,2024-04-04,,532,missing features,0,25.4,5,11.3,2024-04
A-9f9299,FinTech,Pro,2024-07-07,,1568,,0,22.3,5,9.8,2024-07
A-9f9299,FinTech,Pro,2024-07-07,,1568,missing features,0,22.3,5,9.8,2024-07
A-9f9299,FinTech,Enterprise,2024-07-18,,5572,,0,21.9,5,10.0,2024-07
A-9f9299,FinTech,Enterprise,2024-07-18,,5572,missing features,0,21.9,5,10.0,2024-07
A-9f9299,FinTech,Pro,2024-11-10,2024-12-31,1372,,1,1.7,5,10.6,2024-11
A-9f9299,FinTech,Pro,2024-11-10,2024-12-31,1372,missing features,1,1.7,5,10.6,2024-11
A-9f9299,FinTech,Basic,2024-03-09,,532,,0,26.2,5,8.3,2024-03
A-9f9299,FinTech,Basic,2024-03-09,,532,missing features,0,26.2,5,8.3,2024-03
A-9f9299,FinTech,Basic,2024-10-25,,1159,,0,18.7,5,10.5,2024-10
A-9f9299,FinTech,Basic,2024-10-25,,1159,missing features,0,18.7,5,10.5,2024-10
A-9f9299,FinTech,Enterprise,2024-06-11,,5572,,0,23.1,5,8.3,2024-06
A-9f9299,FinTech,Enterprise,2024-06-11,,5572,missing features,0,23.1,5,8.3,2024-06
A-9f9299,FinTech,Basic,2024-07-08,,532,,0,22.2,5,10.5,2024-07
A-9f9299,FinTech,Basic,2024-07-08,,532,missing features,0,22.2,5,10.5,2024-07
A-9f9299,FinTech,Basic,2024-11-17,,532,,0,17.9,5,9.8,2024-11
A-9f9299,FinTech,Basic,2024-11-17,,532,missing features,0,17.9,5,9.8,2024-11
A-9f9299,FinTech,Pro,2023-11-30,2024-08-15,1372,,1,8.5,5,7.7,2023-11
A-9f9299,FinTech,Pro,2023-11-30,2024-08-15,1372,missing features,1,8.5,5,7.7,2023-11
A-96e141,DevTools,Pro,2024-03-28,,1078,too expensive,0,25.6,5,9.8,2024-03
A-96e141,DevTools,Pro,2024-03-28,,1078,too expensive,0,25.6,5,9.8,2024-03
A-96e141,DevTools,Pro,2023-12-05,,1568,too expensive,0,29.3,5,8.9,2023-12
A-96e141,DevTools,Pro,2023-12-05,,1568,too expensive,0,29.3,5,8.9,2023-12
A-96e141,DevTools,Enterprise,2024-08-21,,4975,too expensive,0,20.8,5,10.0,2024-08
A-96e141,DevTools,Enterprise,2024-08-21,,4975,too expensive,0,20.8,5,10.0,2024-08
A-96e141,DevTools,Enterprise,2024-05-04,,2786,too expensive,0,24.4,5,8.7,2024-05
A-96e141,DevTools,Enterprise,2024-05-04,,2786,too expensive,0,24.4,5,8.7,2024-05
A-96e141,DevTools,Basic,2024-08-05,2024-08-17,285,too expensive,1,0.4,5,10.7,2024-08
A-96e141,DevTools,Basic,2024-08-05,2024-08-17,285,too expensive,1,0.4,5,10.7,2024-08
A-96e141,DevTools,Enterprise,2024-08-10,,4776,too expensive,0,21.2,5,11.0,2024-08
A-96e141,DevTools,Enterprise,2024-08-10,,4776,too expensive,0,21.2,5,11.0,2024-08
A-96e141,DevTools,Enterprise,2023-10-14,,0,too expensive,0,31.0,5,7.2,2023-10
A-96e141,DevTools,Enterprise,2023-10-14,,0,too expensive,0,31.0,5,7.2,2023-10
A-117171,HealthTech,Enterprise,2024-10-20,,0,,0,18.8,6,7.8,2024-10
A-117171,HealthTech,Enterprise,2024-10-20,,0,switched to competitor,0,18.8,6,7.8,2024-10
A-117171,HealthTech,Enterprise,2024-10-20,,0,switched to competitor,0,18.8,6,7.8,2024-10
A-117171,HealthTech,Pro,2024-12-14,2024-12-17,2205,,1,0.1,6,9.8,2024-12
A-117171,HealthTech,Pro,2024-12-14,2024-12-17,2205,switched to competitor,1,0.1,6,9.8,2024-12
A-117171,HealthTech,Pro,2024-12-14,2024-12-17,2205,switched to competitor,1,0.1,6,9.8,2024-12
A-117171,HealthTech,Pro,2024-11-27,,0,,0,17.6,6,7.0,2024-11
A-117171,HealthTech,Pro,2024-11-27,,0,switched to competitor,0,17.6,6,7.0,2024-11
A-117171,HealthTech,Pro,2024-11-27,,0,switched to competitor,0,17.6,6,7.0,2024-11
A-117171,HealthTech,Enterprise,2024-10-02,,8955,,0,19.4,6,10.8,2024-10
A-117171,HealthTech,Enterprise,2024-10-02,,8955,switched to competitor,0,19.4,6,10.8,2024-10
A-117171,HealthTech,Enterprise,2024-10-02,,8955,switched to competitor,0,19.4,6,10.8,2024-10
A-117171,HealthTech,Basic,2024-11-11,,855,,0,18.1,6,13.3,2024-11
A-117171,HealthTech,Basic,2024-11-11,,855,switched to competitor,0,18.1,6,13.3,2024-11
A-117171,HealthTech,Basic,2024-11-11,,855,switched to competitor,0,18.1,6,13.3,2024-11
A-313be3,EdTech,Enterprise,2024-01-31,,9353,,0,27.5,4,8.0,2024-01
A-313be3,EdTech,Enterprise,2024-01-31,,9353,too expensive,0,27.5,4,8.0,2024-01
A-313be3,EdTech,Pro,2024-08-25,,2303,,0,20.7,4,11.3,2024-08
A-313be3,EdTech,Pro,2024-08-25,,2303,too expensive,0,20.7,4,11.3,2024-08
A-313be3,EdTech,Pro,2024-12-16,,2303,,0,17.0,4,10.0,2024-12
A-313be3,EdTech,Pro,2024-12-16,,2303,too expensive,0,17.0,4,10.0,2024-12
A-313be3,EdTech,Enterprise,2024-08-14,,0,,0,21.0,4,8.0,2024-08
A-313be3,EdTech,Enterprise,2024-08-14,,0,too expensive,0,21.0,4,8.0,2024-08
A-313be3,EdTech,Basic,2024-09-29,,0,,0,19.5,4,9.9,2024-09
A-313be3,EdTech,Basic,2024-09-29,,0,too expensive,0,19.5,4,9.9,2024-09
A-313be3,EdTech,Enterprise,2024-07-03,,0,,0,22.4,4,9.3,2024-07
A-313be3,EdTech,Enterprise,2024-07-03,,0,too expensive,0,22.4,4,9.3,2024-07
A-313be3,EdTech,Basic,2024-12-03,,0,,0,17.4,4,9.0,2024-12
A-313be3,EdTech,Basic,2024-12-03,,0,too expensive,0,17.4,4,9.0,2024-12
A-313be3,EdTech,Pro,2024-08-14,,2744,,0,21.0,4,10.3,2024-08
A-313be3,EdTech,Pro,2024-08-14,,2744,too expensive,0,21.0,4,10.3,2024-08
A-313be3,EdTech,Pro,2023-12-11,,2303,,0,29.1,4,9.0,2023-12
A-313be3,EdTech,Pro,2023-12-11,,2303,too expensive,0,29.1,4,9.0,2023-12
A-313be3,EdTech,Enterprise,2024-11-14,,0,,0,18.0,4,10.6,2024-11
A-313be3,EdTech,Enterprise,2024-11-14,,0,too expensive,0,18.0,4,10.6,2024-11
A-313be3,EdTech,Enterprise,2023-11-25,,0,,0,29.7,4,10.3,2023-11
A-313be3,EdTech,Enterprise,2023-11-25,,0,too expensive,0,29.7,4,10.3,2023-11
A-671f31,DevTools,Pro,2024-11-27,,2891,,0,17.6,7,11.3,2024-11
A-671f31,DevTools,Pro,2024-12-14,,2891,,0,17.0,7,9.0,2024-12
A-671f31,DevTools,Basic,2024-11-27,,1121,,0,17.6,7,0.0,2024-11
A-671f31,DevTools,Enterprise,2024-12-28,,0,,0,16.6,7,9.5,2024-12
A-671f31,DevTools,Enterprise,2024-12-24,,11741,,0,16.7,7,6.5,2024-12
A-671f31,DevTools,Enterprise,2024-12-07,,11741,,0,17.2,7,10.6,2024-12
A-bbc346,FinTech,Basic,2024-09-03,,950,switched to competitor,0,20.4,3,10.5,2024-09
A-bbc346,FinTech,Basic,2024-09-03,,950,too expensive,0,20.4,3,10.5,2024-09
A-bbc346,FinTech,Enterprise,2024-10-03,,3781,switched to competitor,0,19.4,3,9.6,2024-10
A-bbc346,FinTech,Enterprise,2024-10-03,,3781,too expensive,0,19.4,3,9.6,2024-10
A-bbc346,FinTech,Enterprise,2024-12-13,,5373,switched to competitor,0,17.1,3,9.8,2024-12
A-bbc346,FinTech,Enterprise,2024-12-13,,5373,too expensive,0,17.1,3,9.8,2024-12
A-bbc346,FinTech,Enterprise,2024-09-30,2024-10-22,0,switched to competitor,1,0.7,3,13.0,2024-09
A-bbc346,FinTech,Enterprise,2024-09-30,2024-10-22,0,too expensive,1,0.7,3,13.0,2024-09
A-bbc346,FinTech,Pro,2024-08-31,2024-10-26,980,switched to competitor,1,1.8,3,12.3,2024-08
A-bbc346,FinTech,Pro,2024-08-31,2024-10-26,980,too expensive,1,1.8,3,12.3,2024-08
A-bbc346,FinTech,Basic,2024-09-27,,0,switched to competitor,0,19.6,3,11.0,2024-09
A-bbc346,FinTech,Basic,2024-09-27,,0,too expensive,0,19.6,3,11.0,2024-09
A-bbc346,FinTech,Enterprise,2024-11-24,,3781,switched to competitor,0,17.7,3,10.6,2024-11
A-bbc346,FinTech,Enterprise,2024-11-24,,3781,too expensive,0,17.7,3,10.6,2024-11
A-bbc346,FinTech,Pro,2024-12-24,,0,switched to competitor,0,16.7,3,10.4,2024-12
A-bbc346,FinTech,Pro,2024-12-24,,0,too expensive,0,16.7,3,10.4,2024-12
A-bbc346,FinTech,Enterprise,2024-10-20,,8955,switched to competitor,0,18.8,3,12.0,2024-10
A-bbc346,FinTech,Enterprise,2024-10-20,,8955,too expensive,0,18.8,3,12.0,2024-10
A-bbc346,FinTech,Basic,2024-11-29,,760,switched to competitor,0,17.5,3,9.0,2024-11
A-bbc346,FinTech,Basic,2024-11-29,,760,too expensive,0,17.5,3,9.0,2024-11
A-bbc346,FinTech,Pro,2024-12-20,,980,switched to competitor,0,16.8,3,9.7,2024-12
A-bbc346,FinTech,Pro,2024-12-20,,980,too expensive,0,16.8,3,9.7,2024-12
A-bbc346,FinTech,Enterprise,2024-09-16,,3781,switched to competitor,0,19.9,3,9.4,2024-09
A-bbc346,FinTech,Enterprise,2024-09-16,,3781,too expensive,0,19.9,3,9.4,2024-09
A-bbc346,FinTech,Enterprise,2024-08-31,,3781,switched to competitor,0,20.5,3,11.7,2024-08
A-bbc346,FinTech,Enterprise,2024-08-31,,3781,too expensive,0,20.5,3,11.7,2024-08
A-c16101,EdTech,Basic,2024-10-22,,247,,0,18.8,4,11.4,2024-10
A-c16101,EdTech,Basic,2024-10-22,,247,too expensive,0,18.8,4,11.4,2024-10
A-c16101,EdTech,Basic,2024-10-24,,228,,0,18.7,4,10.3,2024-10
A-c16101,EdTech,Basic,2024-10-24,,228,too expensive,0,18.7,4,10.3,2024-10
A-c16101,EdTech,Enterprise,2024-10-18,,1393,,0,18.9,4,9.5,2024-10
A-c16101,EdTech,Enterprise,2024-10-18,,1393,too expensive,0,18.9,4,9.5,2024-10
A-c16101,EdTech,Basic,2024-10-05,,1007,,0,19.3,4,9.7,2024-10
A-c16101,EdTech,Basic,2024-10-05,,1007,too expensive,0,19.3,4,9.7,2024-10
A-c16101,EdTech,Enterprise,2024-09-17,,1393,,0,19.9,4,9.3,2024-09
A-c16101,EdTech,Enterprise,2024-09-17,,1393,too expensive,0,19.9,4,9.3,2024-09
A-c16101,EdTech,Basic,2024-09-23,,304,,0,19.7,4,10.8,2024-09
A-c16101,EdTech,Basic,2024-09-23,,304,too expensive,0,19.7,4,10.8,2024-09
A-c16101,EdTech,Enterprise,2024-12-10,,4378,,0,17.2,4,11.0,2024-12
A-c16101,EdTech,Enterprise,2024-12-10,,4378,too expensive,0,17.2,4,11.0,2024-12
A-c16101,EdTech,Pro,2024-12-25,,343,,0,16.7,4,7.5,2024-12
A-c16101,EdTech,Pro,2024-12-25,,343,too expensive,0,16.7,4,7.5,2024-12
A-c16101,EdTech,Pro,2024-09-06,,343,,0,20.3,4,11.0,2024-09
A-c16101,EdTech,Pro,2024-09-06,,343,too expensive,0,20.3,4,11.0,2024-09
A-c16101,EdTech,Enterprise,2024-09-14,,2786,,0,20.0,4,12.7,2024-09
A-c16101,EdTech,Enterprise,2024-09-14,,2786,too expensive,0,20.0,4,12.7,2024-09
A-50f3f7,HealthTech,Pro,2024-06-01,,0,,0,23.5,6,15.7,2024-06
A-50f3f7,HealthTech,Pro,2024-07-12,,1519,,0,22.1,6,9.5,2024-07
A-50f3f7,HealthTech,Pro,2024-05-15,,1519,,0,24.0,6,9.0,2024-05
A-50f3f7,HealthTech,Enterprise,2024-12-11,,6169,,0,17.1,6,8.7,2024-12
A-50f3f7,HealthTech,Pro,2024-06-27,,1519,,0,22.6,6,8.5,2024-06
A-50f3f7,HealthTech,Enterprise,2024-10-23,,6169,,0,18.7,6,11.2,2024-10
A-50f3f7,HealthTech,Basic,2024-07-24,,589,,0,21.7,6,8.6,2024-07
A-50f3f7,HealthTech,Enterprise,2024-01-05,,8955,,0,28.3,6,8.5,2024-01
A-50f3f7,HealthTech,Basic,2024-04-05,,969,,0,25.3,6,9.4,2024-04
A-50f3f7,HealthTech,Enterprise,2024-11-09,,6169,,0,18.2,6,9.3,2024-11
A-50f3f7,HealthTech,Basic,2024-11-06,,2223,,0,18.3,6,9.0,2024-11
A-50f3f7,HealthTech,Pro,2024-05-06,,1519,,0,24.3,6,8.3,2024-05
A-50f3f7,HealthTech,Basic,2024-02-02,,589,,0,27.4,6,10.0,2024-02
A-50f3f7,HealthTech,Enterprise,2024-12-17,,6169,,0,16.9,6,10.0,2024-12
A-50f3f7,HealthTech,Pro,2024-05-13,,0,,0,24.1,6,8.9,2024-05
A-7da956,Cybersecurity,Basic,2024-08-13,,247,,0,21.1,3,7.8,2024-08
A-7da956,Cybersecurity,Enterprise,2024-10-08,,2587,,0,19.2,3,13.0,2024-10
A-7da956,Cybersecurity,Enterprise,2024-06-30,,0,,0,22.5,3,10.0,2024-06
A-7da956,Cybersecurity,Enterprise,2024-09-26,2024-12-29,2786,,1,3.1,3,10.8,2024-09
A-7da956,Cybersecurity,Enterprise,2024-11-16,,2985,,0,17.9,3,15.0,2024-11
A-7da956,Cybersecurity,Pro,2024-07-20,,637,,0,21.8,3,10.4,2024-07
A-7da956,Cybersecurity,Basic,2024-07-23,,247,,0,21.7,3,12.5,2024-07
A-7da956,Cybersecurity,Pro,2024-10-16,,0,,0,19.0,3,12.0,2024-10
A-7da956,Cybersecurity,Pro,2024-11-12,,980,,0,18.1,3,11.5,2024-11
A-7da956,Cybersecurity,Basic,2024-11-04,,247,,0,18.3,3,11.0,2024-11
A-7da956,Cybersecurity,Basic,2024-06-15,,0,,0,23.0,3,8.5,2024-06
A-7da956,Cybersecurity,Basic,2024-09-24,2024-11-04,247,,1,1.3,3,12.0,2024-09
A-019782,DevTools,Basic,2024-02-22,,0,,0,26.7,2,7.3,2024-02
A-019782,DevTools,Enterprise,2024-12-04,,0,,0,17.3,2,10.0,2024-12
A-019782,DevTools,Pro,2024-05-16,,539,,0,24.0,2,10.6,2024-05
A-019782,DevTools,Enterprise,2023-08-19,2023-11-27,3184,,1,3.3,2,10.2,2023-08
A-019782,DevTools,Pro,2023-08-16,,735,,0,33.0,2,11.6,2023-08
A-019782,DevTools,Pro,2023-06-08,,833,,0,35.3,2,9.6,2023-06
A-019782,DevTools,Basic,2023-10-26,,209,,0,30.7,2,9.8,2023-10
A-019782,DevTools,Enterprise,2023-08-28,,2587,,0,32.6,2,10.0,2023-08
A-019782,DevTools,Basic,2024-06-25,,266,,0,22.7,2,10.8,2024-06
A-df10db,DevTools,Basic,2024-07-02,,0,missing features,0,22.4,2,12.0,2024-07
A-df10db,DevTools,Basic,2024-07-02,,0,missing features,0,22.4,2,12.0,2024-07
A-df10db,DevTools,Basic,2023-08-25,2024-12-03,266,missing features,1,15.3,2,11.2,2023-08
A-df10db,DevTools,Basic,2023-08-25,2024-12-03,266,missing features,1,15.3,2,11.2,2023-08
A-df10db,DevTools,Basic,2023-10-23,,133,missing features,0,30.8,2,10.6,2023-10
A-df10db,DevTools,Basic,2023-10-23,,133,missing features,0,30.8,2,10.6,2023-10
A-df10db,DevTools,Enterprise,2024-05-30,,6567,missing features,0,23.5,2,11.6,2024-05
A-df10db,DevTools,Enterprise,2024-05-30,,6567,missing features,0,23.5,2,11.6,2024-05
A-df10db,DevTools,Enterprise,2023-09-08,,398,missing features,0,32.2,2,10.0,2023-09
A-df10db,DevTools,Enterprise,2023-09-08,,398,missing features,0,32.2,2,10.0,2023-09
A-df10db,DevTools,Basic,2023-09-23,,38,missing features,0,31.7,2,11.3,2023-09
A-df10db,DevTools,Basic,2023-09-23,,38,missing features,0,31.7,2,11.3,2023-09
A-df10db,DevTools,Pro,2023-12-05,,343,missing features,0,29.3,2,10.7,2023-12
A-df10db,DevTools,Pro,2023-12-05,,343,missing features,0,29.3,2,10.7,2023-12
A-df10db,DevTools,Basic,2024-06-24,,57,missing features,0,22.7,2,8.3,2024-06
A-df10db,DevTools,Basic,2024-06-24,,57,missing features,0,22.7,2,8.3,2024-06
A-df10db,DevTools,Pro,2024-05-19,,1274,missing features,0,23.9,2,12.2,2024-05
A-df10db,DevTools,Pro,2024-05-19,,1274,missing features,0,23.9,2,12.2,2024-05
A-df10db,DevTools,Basic,2024-09-08,,266,missing features,0,20.2,2,10.5,2024-09
A-df10db,DevTools,Basic,2024-09-08,,266,missing features,0,20.2,2,10.5,2024-09
A-df10db,DevTools,Enterprise,2024-10-21,,2388,missing features,0,18.8,2,8.3,2024-10
A-df10db,DevTools,Enterprise,2024-10-21,,2388,missing features,0,18.8,2,8.3,2024-10
A-3932db,HealthTech,Enterprise,2024-09-21,,3781,,0,19.8,6,9.0,2024-09
A-3932db,HealthTech,Basic,2023-12-10,,437,,0,29.2,6,7.8,2023-12
A-3932db,HealthTech,Pro,2024-10-29,,1764,,0,18.5,6,10.6,2024-10
A-3932db,HealthTech,Enterprise,2024-12-31,,0,,0,16.5,6,11.0,2024-12
A-3932db,HealthTech,Enterprise,2024-11-29,,6965,,0,17.5,6,8.6,2024-11
A-3932db,HealthTech,Basic,2024-02-15,,361,,0,27.0,6,11.2,2024-02
A-3932db,HealthTech,Pro,2024-07-24,2024-08-10,0,,1,0.6,6,6.0,2024-07
A-3932db,HealthTech,Basic,2024-03-06,,779,,0,26.3,6,10.0,2024-03
A-3932db,HealthTech,Enterprise,2024-09-19,,0,,0,19.8,6,8.7,2024-09
A-4f18f0,DevTools,Pro,2024-07-07,,1176,,0,22.3,5,10.1,2024-07
A-4f18f0,DevTools,Pro,2024-07-07,,1176,missing features,0,22.3,5,10.1,2024-07
A-4f18f0,DevTools,Enterprise,2024-10-12,,11741,,0,19.1,5,9.6,2024-10
A-4f18f0,DevTools,Enterprise,2024-10-12,,11741,missing features,0,19.1,5,9.6,2024-10
A-4f18f0,DevTools,Basic,2024-12-20,,456,,0,16.8,5,10.0,2024-12
A-4f18f0,DevTools,Basic,2024-12-20,,456,missing features,0,16.8,5,10.0,2024-12
A-4f18f0,DevTools,Enterprise,2024-04-25,,0,,0,24.7,5,10.9,2024-04
A-4f18f0,DevTools,Enterprise,2024-04-25,,0,missing features,0,24.7,5,10.9,2024-04
A-4f18f0,DevTools,Basic,2024-07-15,,456,,0,22.0,5,9.5,2024-07
A-4f18f0,DevTools,Basic,2024-07-15,,456,missing features,0,22.0,5,9.5,2024-07
A-4f18f0,DevTools,Pro,2024-09-05,2024-10-11,0,,1,1.2,5,9.0,2024-09
A-4f18f0,DevTools,Pro,2024-09-05,2024-10-11,0,missing features,1,1.2,5,9.0,2024-09
A-4f18f0,DevTools,Enterprise,2024-06-01,,4776,,0,23.5,5,9.0,2024-06
A-4f18f0,DevTools,Enterprise,2024-06-01,,4776,missing features,0,23.5,5,9.0,2024-06
A-4f18f0,DevTools,Basic,2024-06-04,2024-08-10,456,,1,2.2,5,9.5,2024-06
A-4f18f0,DevTools,Basic,2024-06-04,2024-08-10,456,missing features,1,2.2,5,9.5,2024-06
A-4f18f0,DevTools,Enterprise,2024-10-04,,4776,,0,19.4,5,8.4,2024-10
A-4f18f0,DevTools,Enterprise,2024-10-04,,4776,missing features,0,19.4,5,8.4,2024-10
A-4f18f0,DevTools,Enterprise,2024-07-26,,4776,,0,21.7,5,10.0,2024-07
A-4f18f0,DevTools,Enterprise,2024-07-26,,4776,missing features,0,21.7,5,10.0,2024-07
A-4f18f0,DevTools,Pro,2024-04-28,,1176,,0,24.6,5,9.0,2024-04
A-4f18f0,DevTools,Pro,2024-04-28,,1176,missing features,0,24.6,5,9.0,2024-04
A-4f18f0,DevTools,Basic,2024-08-09,2024-10-07,475,,1,1.9,5,8.6,2024-08
A-4f18f0,DevTools,Basic,2024-08-09,2024-10-07,475,missing features,1,1.9,5,8.6,2024-08
A-4c6f11,FinTech,Pro,2024-05-10,,1176,too expensive,0,24.2,3,9.6,2024-05
A-4c6f11,FinTech,Pro,2024-05-10,,1176,too expensive,0,24.2,3,9.6,2024-05
A-4c6f11,FinTech,Basic,2024-07-14,,665,too expensive,0,22.0,3,12.0,2024-07
A-4c6f11,FinTech,Basic,2024-07-14,,665,too expensive,0,22.0,3,12.0,2024-07
A-4c6f11,FinTech,Basic,2024-05-31,,513,too expensive,0,23.5,3,14.0,2024-05
A-4c6f11,FinTech,Basic,2024-05-31,,513,too expensive,0,23.5,3,14.0,2024-05
A-4c6f11,FinTech,Basic,2024-08-01,,456,too expensive,0,21.5,3,11.0,2024-08
A-4c6f11,FinTech,Basic,2024-08-01,,456,too expensive,0,21.5,3,11.0,2024-08
A-4c6f11,FinTech,Enterprise,2024-03-30,,4776,too expensive,0,25.5,3,10.7,2024-03
A-4c6f11,FinTech,Enterprise,2024-03-30,,4776,too expensive,0,25.5,3,10.7,2024-03
A-8ae05d,FinTech,Basic,2024-08-19,,1634,missing features,0,20.9,1,12.0,2024-08
A-8ae05d,FinTech,Basic,2024-06-09,,0,missing features,0,23.2,1,10.0,2024-06
A-8ae05d,FinTech,Basic,2024-06-01,,1634,missing features,0,23.5,1,9.5,2024-06
A-8ae05d,FinTech,Enterprise,2024-12-13,,0,missing features,0,17.1,1,9.3,2024-12
A-8ae05d,FinTech,Basic,2024-07-07,,1634,missing features,0,22.3,1,11.3,2024-07
A-8ae05d,FinTech,Enterprise,2024-11-27,2024-12-28,17114,missing features,1,1.0,1,10.3,2024-11
A-8ae05d,FinTech,Pro,2024-12-02,,4214,missing features,0,17.4,1,8.5,2024-12
A-b78bf8,DevTools,Basic,2024-12-04,,627,,0,17.3,5,9.1,2024-12
A-b78bf8,DevTools,Enterprise,2024-11-17,,6567,,0,17.9,5,10.0,2024-11
A-b78bf8,DevTools,Enterprise,2024-12-18,,0,,0,16.9,5,9.5,2024-12
A-b78bf8,DevTools,Pro,2024-12-28,,1617,,0,16.6,5,8.3,2024-12
A-b78bf8,DevTools,Pro,2024-11-25,,1617,,0,17.6,5,10.1,2024-11
A-b78bf8,DevTools,Pro,2024-12-14,,1617,,0,17.0,5,11.5,2024-12
A-b78bf8,DevTools,Basic,2024-11-17,,627,,0,17.9,5,11.5,2024-11
A-b78bf8,DevTools,Enterprise,2024-12-08,,9751,,0,17.2,5,10.0,2024-12
A-eafc6e,DevTools,Basic,2024-07-17,,1444,,0,21.9,1,9.8,2024-07
A-eafc6e,DevTools,Basic,2024-07-17,,1444,,0,21.9,1,9.8,2024-07
A-eafc6e,DevTools,Pro,2023-08-08,,1323,,0,33.2,1,9.3,2023-08
A-eafc6e,DevTools,Pro,2023-08-08,,1323,,0,33.2,1,9.3,2023-08
A-eafc6e,DevTools,Basic,2024-10-30,,0,,0,18.5,1,8.5,2024-10
A-eafc6e,DevTools,Basic,2024-10-30,,0,,0,18.5,1,8.5,2024-10
A-eafc6e,DevTools,Enterprise,2023-11-15,,6766,,0,30.0,1,10.3,2023-11
A-eafc6e,DevTools,Enterprise,2023-11-15,,6766,,0,30.0,1,10.3,2023-11
A-eafc6e,DevTools,Enterprise,2024-08-16,,5373,,0,21.0,1,7.7,2024-08
A-eafc6e,DevTools,Enterprise,2024-08-16,,5373,,0,21.0,1,7.7,2024-08
A-eafc6e,DevTools,Pro,2024-09-28,,0,,0,19.5,1,11.0,2024-09
A-eafc6e,DevTools,Pro,2024-09-28,,0,,0,19.5,1,11.0,2024-09
A-eafc6e,DevTools,Pro,2024-09-01,,1323,,0,20.4,1,8.8,2024-09
A-eafc6e,DevTools,Pro,2024-09-01,,1323,,0,20.4,1,8.8,2024-09
A-37f969,HealthTech,Enterprise,2024-09-12,,5970,,0,20.1,5,8.4,2024-09
A-37f969,HealthTech,Enterprise,2024-09-12,,5970,,0,20.1,5,8.4,2024-09
A-37f969,HealthTech,Enterprise,2024-09-12,,5970,missing features,0,20.1,5,8.4,2024-09
A-37f969,HealthTech,Enterprise,2024-09-12,,5970,too expensive,0,20.1,5,8.4,2024-09
A-37f969,HealthTech,Enterprise,2024-01-20,,5970,,0,27.8,5,13.3,2024-01
A-37f969,HealthTech,Enterprise,2024-01-20,,5970,,0,27.8,5,13.3,2024-01
A-37f969,HealthTech,Enterprise,2024-01-20,,5970,missing features,0,27.8,5,13.3,2024-01
A-37f969,HealthTech,Enterprise,2024-01-20,,5970,too expensive,0,27.8,5,13.3,2024-01
A-37f969,HealthTech,Basic,2024-06-05,,570,,0,23.3,5,9.6,2024-06
A-37f969,HealthTech,Basic,2024-06-05,,570,,0,23.3,5,9.6,2024-06
A-37f969,HealthTech,Basic,2024-06-05,,570,missing features,0,23.3,5,9.6,2024-06
A-37f969,HealthTech,Basic,2024-06-05,,570,too expensive,0,23.3,5,9.6,2024-06
A-37f969,HealthTech,Basic,2023-11-02,,969,,0,30.4,5,8.0,2023-11
A-37f969,HealthTech,Basic,2023-11-02,,969,,0,30.4,5,8.0,2023-11
A-37f969,HealthTech,Basic,2023-11-02,,969,missing features,0,30.4,5,8.0,2023-11
A-37f969,HealthTech,Basic,2023-11-02,,969,too expensive,0,30.4,5,8.0,2023-11
A-37f969,HealthTech,Enterprise,2024-05-14,,5970,,0,24.0,5,11.0,2024-05
A-37f969,HealthTech,Enterprise,2024-05-14,,5970,,0,24.0,5,11.0,2024-05
A-37f969,HealthTech,Enterprise,2024-05-14,,5970,missing features,0,24.0,5,11.0,2024-05
A-37f969,HealthTech,Enterprise,2024-05-14,,5970,too expensive,0,24.0,5,11.0,2024-05
A-37f969,HealthTech,Basic,2024-08-22,,570,,0,20.8,5,9.0,2024-08
A-37f969,HealthTech,Basic,2024-08-22,,570,,0,20.8,5,9.0,2024-08
A-37f969,HealthTech,Basic,2024-08-22,,570,missing features,0,20.8,5,9.0,2024-08
A-37f969,HealthTech,Basic,2024-08-22,,570,too expensive,0,20.8,5,9.0,2024-08
A-37f969,HealthTech,Pro,2023-12-02,,1470,,0,29.4,5,9.0,2023-12
A-37f969,HealthTech,Pro,2023-12-02,,1470,,0,29.4,5,9.0,2023-12
A-37f969,HealthTech,Pro,2023-12-02,,1470,missing features,0,29.4,5,9.0,2023-12
A-37f969,HealthTech,Pro,2023-12-02,,1470,too expensive,0,29.4,5,9.0,2023-12
A-37f969,HealthTech,Pro,2023-10-24,,1470,,0,30.7,5,12.0,2023-10
A-37f969,HealthTech,Pro,2023-10-24,,1470,,0,30.7,5,12.0,2023-10
A-37f969,HealthTech,Pro,2023-10-24,,1470,missing features,0,30.7,5,12.0,2023-10
A-37f969,HealthTech,Pro,2023-10-24,,1470,too expensive,0,30.7,5,12.0,2023-10
A-10b8f2,HealthTech,Pro,2024-12-16,,2352,too expensive,0,17.0,3,10.2,2024-12
A-10b8f2,HealthTech,Basic,2024-01-29,,893,too expensive,0,27.5,3,12.2,2024-01
A-10b8f2,HealthTech,Basic,2024-08-15,,0,too expensive,0,21.0,3,8.6,2024-08
A-10b8f2,HealthTech,Basic,2023-06-16,,969,too expensive,0,35.0,3,10.5,2023-06
A-10b8f2,HealthTech,Basic,2023-08-05,,0,too expensive,0,33.3,3,10.8,2023-08
A-10b8f2,HealthTech,Basic,2023-04-19,,893,too expensive,0,36.9,3,11.7,2023-04
A-10b8f2,HealthTech,Basic,2024-04-26,,1957,too expensive,0,24.6,3,9.0,2024-04
A-10b8f2,HealthTech,Enterprise,2023-10-07,,9353,too expensive,0,31.3,3,8.5,2023-10
A-10b8f2,HealthTech,Enterprise,2024-04-10,,9353,too expensive,0,25.2,3,7.0,2024-04
A-10b8f2,HealthTech,Pro,2024-03-22,,2303,too expensive,0,25.8,3,9.4,2024-03
A-10b8f2,HealthTech,Pro,2023-10-03,,2646,too expensive,0,31.4,3,8.0,2023-10
A-10b8f2,HealthTech,Basic,2023-02-05,,0,too expensive,0,39.3,3,9.6,2023-02
A-439b2f,DevTools,Basic,2024-07-03,,76,,0,22.4,3,9.0,2024-07
A-439b2f,DevTools,Basic,2024-07-03,,76,switched to competitor,0,22.4,3,9.0,2024-07
A-439b2f,DevTools,Pro,2024-12-27,,1274,,0,16.6,3,5.5,2024-12
A-439b2f,DevTools,Pro,2024-12-27,,1274,switched to competitor,0,16.6,3,5.5,2024-12
A-439b2f,DevTools,Pro,2024-04-16,2024-05-18,0,,1,1.1,3,10.6,2024-04
A-439b2f,DevTools,Pro,2024-04-16,2024-05-18,0,switched to competitor,1,1.1,3,10.6,2024-04
A-439b2f,DevTools,Basic,2024-05-16,,114,,0,24.0,3,8.7,2024-05
A-439b2f,DevTools,Basic,2024-05-16,,114,switched to competitor,0,24.0,3,8.7,2024-05
A-439b2f,DevTools,Basic,2024-03-09,,133,,0,26.2,3,9.7,2024-03
A-439b2f,DevTools,Basic,2024-03-09,,133,switched to competitor,0,26.2,3,9.7,2024-03
A-439b2f,DevTools,Enterprise,2024-05-30,,199,,0,23.5,3,7.2,2024-05
A-439b2f,DevTools,Enterprise,2024-05-30,,199,switched to competitor,0,23.5,3,7.2,2024-05
A-544d0a,DevTools,Basic,2024-11-29,,0,,0,17.5,2,0.0,2024-11
A-544d0a,DevTools,Pro,2024-06-22,,294,,0,22.8,2,10.1,2024-06
A-544d0a,DevTools,Pro,2024-10-27,,294,,0,18.6,2,10.3,2024-10
A-544d0a,DevTools,Basic,2024-12-07,,38,,0,17.2,2,10.0,2024-12
A-544d0a,DevTools,Enterprise,2024-09-24,,12736,,0,19.7,2,11.7,2024-09
A-544d0a,DevTools,Pro,2024-09-02,,1421,,0,20.4,2,11.3,2024-09
A-544d0a,DevTools,Enterprise,2024-12-19,,398,,0,16.9,2,11.0,2024-12
A-544d0a,DevTools,Pro,2024-05-24,,2107,,0,23.7,2,11.0,2024-05
A-544d0a,DevTools,Basic,2024-06-27,,209,,0,22.6,2,14.3,2024-06
A-544d0a,DevTools,Enterprise,2024-07-23,,995,,0,21.7,2,9.3,2024-07
A-ba6516,FinTech,Enterprise,2024-11-24,,5373,,0,17.7,6,11.2,2024-11
A-ba6516,FinTech,Basic,2024-04-03,,513,,0,25.4,6,9.8,2024-04
A-ba6516,FinTech,Basic,2024-04-02,,513,,0,25.4,6,12.2,2024-04
A-ba6516,FinTech,Pro,2024-03-17,,1323,,0,26.0,6,13.0,2024-03
A-ba6516,FinTech,Enterprise,2024-05-18,,5373,,0,23.9,6,8.8,2024-05
A-ba6516,FinTech,Pro,2024-11-03,,1323,,0,18.4,6,10.7,2024-11
A-ba6516,FinTech,Basic,2024-01-30,,513,,0,27.5,6,8.5,2024-01
A-ba6516,FinTech,Enterprise,2024-01-10,,5373,,0,28.2,6,0.0,2024-01
A-ba6516,FinTech,Basic,2024-10-04,,513,,0,19.4,6,11.4,2024-10
A-ba6516,FinTech,Enterprise,2024-06-28,,7562,,0,22.6,6,9.2,2024-06
A-ba6516,FinTech,Pro,2024-03-14,,0,,0,26.1,6,13.3,2024-03
A-ba6516,FinTech,Pro,2024-09-14,,0,,0,20.0,6,11.8,2024-09
A-ba6516,FinTech,Basic,2024-05-10,,0,,0,24.2,6,9.0,2024-05
A-712426,HealthTech,Basic,2024-11-10,,0,,0,18.1,6,8.5,2024-11
A-712426,HealthTech,Basic,2024-11-10,,0,missing features,0,18.1,6,8.5,2024-11
A-712426,HealthTech,Basic,2024-11-10,,0,missing features,0,18.1,6,8.5,2024-11
A-712426,HealthTech,Pro,2024-12-16,,441,,0,17.0,6,9.6,2024-12
A-712426,HealthTech,Pro,2024-12-16,,441,missing features,0,17.0,6,9.6,2024-12
A-712426,HealthTech,Pro,2024-12-16,,441,missing features,0,17.0,6,9.6,2024-12
A-712426,HealthTech,Basic,2024-12-30,,247,,0,16.5,6,12.5,2024-12
A-712426,HealthTech,Basic,2024-12-30,,247,missing features,0,16.5,6,12.5,2024-12
A-712426,HealthTech,Basic,2024-12-30,,247,missing features,0,16.5,6,12.5,2024-12
A-712426,HealthTech,Pro,2024-12-15,,637,,0,17.0,6,8.8,2024-12
A-712426,HealthTech,Pro,2024-12-15,,637,missing features,0,17.0,6,8.8,2024-12
A-712426,HealthTech,Pro,2024-12-15,,637,missing features,0,17.0,6,8.8,2024-12
A-712426,HealthTech,Pro,2024-12-11,2024-12-13,735,,1,0.1,6,9.8,2024-12
A-712426,HealthTech,Pro,2024-12-11,2024-12-13,735,missing features,1,0.1,6,9.8,2024-12
A-712426,HealthTech,Pro,2024-12-11,2024-12-13,735,missing features,1,0.1,6,9.8,2024-12
A-712426,HealthTech,Pro,2024-11-28,,882,,0,17.5,6,10.5,2024-11
A-712426,HealthTech,Pro,2024-11-28,,882,missing features,0,17.5,6,10.5,2024-11
A-712426,HealthTech,Pro,2024-11-28,,882,missing features,0,17.5,6,10.5,2024-11
A-712426,HealthTech,Enterprise,2024-12-08,,2587,,0,17.2,6,12.7,2024-12
A-712426,HealthTech,Enterprise,2024-12-08,,2587,missing features,0,17.2,6,12.7,2024-12
A-712426,HealthTech,Enterprise,2024-12-08,,2587,missing features,0,17.2,6,12.7,2024-12
A-712426,HealthTech,Basic,2024-12-15,,171,,0,17.0,6,0.0,2024-12
A-712426,HealthTech,Basic,2024-12-15,,171,missing features,0,17.0,6,0.0,2024-12
A-712426,HealthTech,Basic,2024-12-15,,171,missing features,0,17.0,6,0.0,2024-12
A-712426,HealthTech,Basic,2024-12-19,,2261,,0,16.9,6,9.4,2024-12
A-712426,HealthTech,Basic,2024-12-19,,2261,missing features,0,16.9,6,9.4,2024-12
A-712426,HealthTech,Basic,2024-12-19,,2261,missing features,0,16.9,6,9.4,2024-12
A-712426,HealthTech,Enterprise,2024-12-07,,0,,0,17.2,6,11.0,2024-12
A-712426,HealthTech,Enterprise,2024-12-07,,0,missing features,0,17.2,6,11.0,2024-12
A-712426,HealthTech,Enterprise,2024-12-07,,0,missing features,0,17.2,6,11.0,2024-12
A-712426,HealthTech,Enterprise,2024-11-28,2024-12-26,1791,,1,0.9,6,9.7,2024-11
A-712426,HealthTech,Enterprise,2024-11-28,2024-12-26,1791,missing features,1,0.9,6,9.7,2024-11
A-712426,HealthTech,Enterprise,2024-11-28,2024-12-26,1791,missing features,1,0.9,6,9.7,2024-11
A-712426,HealthTech,Pro,2024-12-08,,588,,0,17.2,6,10.5,2024-12
A-712426,HealthTech,Pro,2024-12-08,,588,missing features,0,17.2,6,10.5,2024-12
A-712426,HealthTech,Pro,2024-12-08,,588,missing features,0,17.2,6,10.5,2024-12
A-712426,HealthTech,Pro,2024-11-17,,686,,0,17.9,6,9.4,2024-11
A-712426,HealthTech,Pro,2024-11-17,,686,missing features,0,17.9,6,9.4,2024-11
A-712426,HealthTech,Pro,2024-11-17,,686,missing features,0,17.9,6,9.4,2024-11
A-712426,HealthTech,Basic,2024-11-17,,171,,0,17.9,6,8.5,2024-11
A-712426,HealthTech,Basic,2024-11-17,,171,missing features,0,17.9,6,8.5,2024-11
A-712426,HealthTech,Basic,2024-11-17,,171,missing features,0,17.9,6,8.5,2024-11
A-712426,HealthTech,Enterprise,2024-12-31,,0,,0,16.5,6,7.3,2024-12
A-712426,HealthTech,Enterprise,2024-12-31,,0,missing features,0,16.5,6,7.3,2024-12
A-712426,HealthTech,Enterprise,2024-12-31,,0,missing features,0,16.5,6,7.3,2024-12
A-038089,DevTools,Basic,2024-12-30,,95,,0,16.5,6,13.0,2024-12
A-038089,DevTools,Basic,2024-12-30,,95,too expensive,0,16.5,6,13.0,2024-12
A-038089,DevTools,Pro,2024-07-23,,1764,,0,21.7,6,10.1,2024-07
A-038089,DevTools,Pro,2024-07-23,,1764,too expensive,0,21.7,6,10.1,2024-07
A-038089,DevTools,Pro,2024-06-27,,245,,0,22.6,6,10.0,2024-06
A-038089,DevTools,Pro,2024-06-27,,245,too expensive,0,22.6,6,10.0,2024-06
A-afa505,DevTools,Pro,2024-02-10,,0,missing features,0,27.1,4,10.3,2024-02
A-afa505,DevTools,Pro,2024-07-24,2024-10-06,3430,missing features,1,2.4,4,9.5,2024-07
A-afa505,DevTools,Enterprise,2024-05-10,,13930,missing features,0,24.2,4,12.0,2024-05
A-afa505,DevTools,Enterprise,2024-11-19,,13930,missing features,0,17.8,4,9.2,2024-11
A-afa505,DevTools,Pro,2024-01-08,,3430,missing features,0,28.2,4,8.6,2024-01
A-afa505,DevTools,Pro,2024-08-12,,3430,missing features,0,21.1,4,9.3,2024-08
A-afa505,DevTools,Enterprise,2024-06-02,,13930,missing features,0,23.4,4,9.1,2024-06
A-afa505,DevTools,Pro,2024-08-14,,0,missing features,0,21.0,4,11.4,2024-08
A-afa505,DevTools,Enterprise,2024-07-26,,13930,missing features,0,21.7,4,8.8,2024-07
A-d5a319,FinTech,Enterprise,2024-07-24,,2985,,0,21.7,1,8.5,2024-07
A-d5a319,FinTech,Pro,2023-09-25,,735,,0,31.7,1,11.3,2023-09
A-d5a319,FinTech,Basic,2023-10-30,,0,,0,30.5,1,9.0,2023-10
A-d5a319,FinTech,Enterprise,2024-09-29,,6169,,0,19.5,1,8.0,2024-09
A-d5a319,FinTech,Enterprise,2024-01-01,,13930,,0,28.5,1,10.8,2024-01
A-d5a319,FinTech,Pro,2023-06-27,,0,,0,34.6,1,9.0,2023-06
A-d5a319,FinTech,Basic,2023-11-15,,304,,0,30.0,1,12.8,2023-11
A-d5a319,FinTech,Basic,2024-01-16,,285,,0,28.0,1,9.0,2024-01
A-d5a319,FinTech,Basic,2023-12-01,,323,,0,29.5,1,10.3,2023-12
A-d5a319,FinTech,Enterprise,2024-11-05,,8955,,0,18.3,1,10.5,2024-11
A-d5a319,FinTech,Enterprise,2024-11-19,,2985,,0,17.8,1,9.3,2024-11
A-d5a319,FinTech,Pro,2024-08-22,,1176,,0,20.8,1,11.8,2024-08
A-f97b9a,FinTech,Enterprise,2024-06-19,,3184,,0,22.9,7,10.4,2024-06
A-f97b9a,FinTech,Enterprise,2023-12-24,,0,,0,28.7,7,10.6,2023-12
A-f97b9a,FinTech,Enterprise,2023-09-10,,0,,0,32.2,7,9.1,2023-09
A-f97b9a,FinTech,Pro,2024-12-08,,784,,0,17.2,7,10.1,2024-12
A-f97b9a,FinTech,Enterprise,2023-12-26,,3781,,0,28.6,7,10.4,2023-12
A-f97b9a,FinTech,Pro,2024-11-30,,2646,,0,17.5,7,13.5,2024-11
A-f97b9a,FinTech,Pro,2024-11-07,,0,,0,18.2,7,7.6,2024-11
A-f97b9a,FinTech,Enterprise,2024-04-14,,5970,,0,25.0,7,7.5,2024-04
A-f97b9a,FinTech,Enterprise,2024-06-11,,7164,,0,23.1,7,12.2,2024-06
A-f97b9a,FinTech,Basic,2024-08-22,,0,,0,20.8,7,10.3,2024-08
A-f97b9a,FinTech,Basic,2024-07-06,,304,,0,22.3,7,9.0,2024-07
A-2f6a32,HealthTech,Pro,2024-11-24,,931,,0,17.7,2,9.5,2024-11
A-2f6a32,HealthTech,Basic,2024-09-25,2024-11-16,361,,1,1.7,2,9.5,2024-09
A-2f6a32,HealthTech,Basic,2024-10-13,,361,,0,19.1,2,10.4,2024-10
A-2f6a32,HealthTech,Basic,2024-12-08,,361,,0,17.2,2,11.9,2024-12
A-2f6a32,HealthTech,Pro,2024-10-25,,1127,,0,18.7,2,11.2,2024-10
A-2f6a32,HealthTech,Pro,2024-10-13,,1617,,0,19.1,2,9.6,2024-10
A-2f6a32,HealthTech,Pro,2024-11-28,2024-12-06,931,,1,0.3,2,11.0,2024-11
A-2f6a32,HealthTech,Basic,2024-11-10,,893,,0,18.1,2,6.5,2024-11
A-2f6a32,HealthTech,Basic,2024-09-16,,0,,0,19.9,2,9.6,2024-09
A-2f6a32,HealthTech,Pro,2024-12-01,,931,,0,17.4,2,9.5,2024-12
A-2f6a32,HealthTech,Basic,2024-11-16,,0,,0,17.9,2,8.6,2024-11
A-856b1e,FinTech,Pro,2023-12-17,,1470,,0,28.9,5,12.0,2023-12
A-856b1e,FinTech,Pro,2024-01-13,,931,,0,28.1,5,9.4,2024-01
A-856b1e,FinTech,Basic,2024-10-17,,0,,0,18.9,5,10.1,2024-10
A-856b1e,FinTech,Pro,2024-02-03,,1764,,0,27.4,5,9.0,2024-02
A-856b1e,FinTech,Pro,2023-11-02,,931,,0,30.4,5,11.0,2023-11
A-856b1e,FinTech,Pro,2023-12-30,,1225,,0,28.5,5,7.0,2023-12
A-17939a,HealthTech,Pro,2024-12-27,,49,,0,16.6,7,7.8,2024-12
A-17939a,HealthTech,Pro,2024-12-30,,1519,,0,16.5,7,7.8,2024-12
A-17939a,HealthTech,Basic,2024-12-29,,209,,0,16.5,7,9.4,2024-12
A-17939a,HealthTech,Pro,2024-12-30,,1372,,0,16.5,7,9.5,2024-12
A-17939a,HealthTech,Basic,2024-12-28,,684,,0,16.6,7,8.3,2024-12
A-17939a,HealthTech,Basic,2024-12-31,,266,,0,16.5,7,7.7,2024-12
A-17939a,HealthTech,Basic,2024-12-28,,969,,0,16.6,7,8.6,2024-12
A-17939a,HealthTech,Enterprise,2024-12-26,,2587,,0,16.6,7,14.0,2024-12
A-17939a,HealthTech,Basic,2024-12-30,,380,,0,16.5,7,11.0,2024-12
A-17939a,HealthTech,Basic,2024-12-28,2024-12-30,0,,1,0.1,7,8.6,2024-12
A-17939a,HealthTech,Basic,2024-12-28,2024-12-29,1634,,1,0.0,7,11.2,2024-12
A-d27f50,Cybersecurity,Basic,2024-08-06,,855,,0,21.3,4,12.0,2024-08
A-d27f50,Cybersecurity,Pro,2024-12-09,,2156,,0,17.2,4,9.4,2024-12
A-d27f50,Cybersecurity,Pro,2024-08-06,,2156,,0,21.3,4,12.0,2024-08
A-d27f50,Cybersecurity,Pro,2024-08-26,,2156,,0,20.6,4,9.8,2024-08
A-d27f50,Cybersecurity,Basic,2024-12-29,2024-12-29,836,,1,0.0,4,7.7,2024-12
A-d27f50,Cybersecurity,Enterprise,2024-10-20,,8756,,0,18.8,4,7.9,2024-10
A-d27f50,Cybersecurity,Enterprise,2024-12-05,,8756,,0,17.3,4,11.3,2024-12
A-d27f50,Cybersecurity,Enterprise,2024-11-29,,0,,0,17.5,4,7.7,2024-11
A-d27f50,Cybersecurity,Basic,2024-12-19,,836,,0,16.9,4,7.8,2024-12
A-d27f50,Cybersecurity,Enterprise,2024-12-05,2024-12-09,9552,,1,0.1,4,10.8,2024-12
A-d27f50,Cybersecurity,Pro,2024-12-02,,0,,0,17.4,4,10.0,2024-12
A-d27f50,Cybersecurity,Enterprise,2024-07-22,2024-10-14,8756,,1,2.8,4,12.0,2024-07
A-e36807,EdTech,Enterprise,2024-12-23,,1791,,0,16.7,2,8.9,2024-12
A-e36807,EdTech,Basic,2024-12-17,,1197,,0,16.9,2,10.8,2024-12
A-e36807,EdTech,Basic,2024-07-07,,0,,0,22.3,2,10.0,2024-07
A-e36807,EdTech,Enterprise,2024-11-21,,2786,,0,17.8,2,12.3,2024-11
A-e36807,EdTech,Enterprise,2024-07-22,,2786,,0,21.8,2,10.0,2024-07
A-e36807,EdTech,Pro,2024-06-20,2024-08-09,1862,,1,1.6,2,9.7,2024-06
A-e36807,EdTech,Basic,2024-06-01,,1539,,0,23.5,2,8.4,2024-06
A-e36807,EdTech,Basic,2024-09-25,,494,,0,19.6,2,7.0,2024-09
A-e36807,EdTech,Basic,2024-09-06,,114,,0,20.3,2,7.8,2024-09
A-e36807,EdTech,Enterprise,2024-10-06,,0,,0,19.3,2,9.0,2024-10
A-ff79f2,DevTools,Pro,2024-07-28,,490,,0,21.6,2,8.8,2024-07
A-ff79f2,DevTools,Enterprise,2024-09-16,,4577,,0,19.9,2,8.3,2024-09
A-ff79f2,DevTools,Basic,2024-12-25,,589,,0,16.7,2,11.7,2024-12
A-ff79f2,DevTools,Enterprise,2024-12-31,2024-12-31,3781,,1,0.0,2,10.7,2024-12
A-ff79f2,DevTools,Enterprise,2024-10-17,,0,,0,18.9,2,10.3,2024-10
A-ff79f2,DevTools,Basic,2024-11-15,2024-11-19,684,,1,0.1,2,10.5,2024-11
A-ff79f2,DevTools,Enterprise,2024-10-19,,16517,,0,18.9,2,8.8,2024-10
A-ff79f2,DevTools,Basic,2024-10-21,,1007,,0,18.8,2,7.0,2024-10
A-ff79f2,DevTools,Basic,2024-05-29,,228,,0,23.6,2,9.1,2024-05
A-5b1bcd,DevTools,Enterprise,2024-01-20,,14527,,0,27.8,4,11.1,2024-01
A-5b1bcd,DevTools,Pro,2024-10-04,,3577,,0,19.4,4,13.3,2024-10
A-5b1bcd,DevTools,Pro,2024-07-04,,3577,,0,22.4,4,8.0,2024-07
A-5b1bcd,DevTools,Enterprise,2024-02-15,,14527,,0,27.0,4,11.0,2024-02
A-5b1bcd,DevTools,Enterprise,2023-10-15,,14527,,0,31.0,4,11.3,2023-10
A-5b1bcd,DevTools,Pro,2024-06-06,,3577,,0,23.3,4,10.8,2024-06
A-5b1bcd,DevTools,Enterprise,2023-11-27,,14527,,0,29.6,4,10.6,2023-11
A-5b1bcd,DevTools,Enterprise,2024-03-19,,14527,,0,25.9,4,8.8,2024-03
A-5b1bcd,DevTools,Pro,2024-04-13,,0,,0,25.1,4,7.3,2024-04
A-5b1bcd,DevTools,Basic,2023-09-23,2024-11-02,1387,,1,13.3,4,10.9,2023-09
A-5b1bcd,DevTools,Enterprise,2024-10-16,,14527,,0,19.0,4,8.8,2024-10
A-5b1bcd,DevTools,Basic,2024-01-10,,1387,,0,28.2,4,10.0,2024-01
A-5b1bcd,DevTools,Pro,2024-12-31,,3577,,0,16.5,4,11.2,2024-12
A-5b1bcd,DevTools,Enterprise,2023-10-28,,14527,,0,30.6,4,9.4,2023-10
A-5b1bcd,DevTools,Enterprise,2024-09-24,,14527,,0,19.7,4,10.2,2024-09
A-71615e,EdTech,Enterprise,2024-09-21,,6368,missing features,0,19.8,1,9.3,2024-09
A-71615e,EdTech,Basic,2024-10-21,,285,missing features,0,18.8,1,9.5,2024-10
A-71615e,EdTech,Basic,2024-10-13,,608,missing features,0,19.1,1,8.7,2024-10
A-71615e,EdTech,Enterprise,2024-07-04,,2985,missing features,0,22.4,1,10.3,2024-07
A-71615e,EdTech,Basic,2024-11-06,,0,missing features,0,18.3,1,11.0,2024-11
A-71615e,EdTech,Pro,2024-12-06,,735,missing features,0,17.3,1,9.3,2024-12
A-71615e,EdTech,Enterprise,2024-11-05,,11940,missing features,0,18.3,1,9.4,2024-11
A-71615e,EdTech,Enterprise,2024-08-21,,0,missing features,0,20.8,1,9.7,2024-08
A-71615e,EdTech,Pro,2024-08-24,,2499,missing features,0,20.7,1,11.3,2024-08
A-71615e,EdTech,Pro,2024-10-10,,1078,missing features,0,19.2,1,13.8,2024-10
A-71615e,EdTech,Enterprise,2024-08-17,,10945,missing features,0,20.9,1,7.3,2024-08
A-71615e,EdTech,Enterprise,2024-06-27,,2985,missing features,0,22.6,1,12.5,2024-06
A-71615e,EdTech,Basic,2024-07-20,,285,missing features,0,21.8,1,8.7,2024-07
A-794a0b,HealthTech,Pro,2024-04-02,,1127,switched to competitor,0,25.4,0,8.4,2024-04
A-794a0b,HealthTech,Pro,2024-06-24,,1127,switched to competitor,0,22.7,0,9.3,2024-06
A-794a0b,HealthTech,Enterprise,2024-07-05,,6169,switched to competitor,0,22.3,0,9.2,2024-07
A-794a0b,HealthTech,Pro,2024-02-05,,1715,switched to competitor,0,27.3,0,9.8,2024-02
A-794a0b,HealthTech,Pro,2024-06-02,,0,switched to competitor,0,23.4,0,9.8,2024-06
A-794a0b,HealthTech,Basic,2023-12-18,,437,switched to competitor,0,28.9,0,6.3,2023-12
A-794a0b,HealthTech,Pro,2023-08-07,,0,switched to competitor,0,33.3,0,12.0,2023-08
A-86902e,HealthTech,Basic,2024-11-30,,646,,0,17.5,9,11.0,2024-11
A-86902e,HealthTech,Pro,2023-07-21,2024-08-03,0,,1,12.5,9,9.1,2023-07
A-86902e,HealthTech,Enterprise,2024-04-12,,6766,,0,25.1,9,10.5,2024-04
A-86902e,HealthTech,Basic,2023-07-30,,0,,0,33.5,9,11.4,2023-07
A-86902e,HealthTech,Basic,2023-12-28,,646,,0,28.6,9,11.0,2023-12
A-86902e,HealthTech,Enterprise,2024-12-11,,6766,,0,17.1,9,9.0,2024-12
A-86902e,HealthTech,Basic,2023-11-24,,646,,0,29.7,9,9.9,2023-11
A-86902e,HealthTech,Enterprise,2023-12-26,,12139,,0,28.6,9,10.0,2023-12
A-86902e,HealthTech,Pro,2024-05-05,,1666,,0,24.3,9,10.3,2024-05
A-86902e,HealthTech,Enterprise,2024-06-22,,6766,,0,22.8,9,9.0,2024-06
A-0532a9,FinTech,Enterprise,2024-10-17,,5373,too expensive,0,18.9,8,9.5,2024-10
A-0532a9,FinTech,Pro,2024-12-20,,1274,too expensive,0,16.8,8,10.8,2024-12
A-0532a9,FinTech,Pro,2024-11-26,,1029,too expensive,0,17.6,8,10.6,2024-11
A-0532a9,FinTech,Basic,2024-09-26,,361,too expensive,0,19.6,8,8.7,2024-09
A-0532a9,FinTech,Basic,2024-10-05,,361,too expensive,0,19.3,8,12.5,2024-10
A-0532a9,FinTech,Pro,2024-12-26,,931,too expensive,0,16.6,8,10.0,2024-12
A-0532a9,FinTech,Enterprise,2024-11-24,,4179,too expensive,0,17.7,8,11.0,2024-11
A-0532a9,FinTech,Basic,2024-12-10,,361,too expensive,0,17.2,8,9.0,2024-12
A-0532a9,FinTech,Pro,2024-10-02,,931,too expensive,0,19.4,8,8.6,2024-10
A-0532a9,FinTech,Basic,2024-11-23,,361,too expensive,0,17.7,8,6.5,2024-11
A-9779ad,Cybersecurity,Enterprise,2024-04-07,,7960,missing features,0,25.3,3,9.4,2024-04
A-9779ad,Cybersecurity,Enterprise,2024-04-07,,7960,switched to competitor,0,25.3,3,9.4,2024-04
A-9779ad,Cybersecurity,Enterprise,2024-04-07,,7960,too expensive,0,25.3,3,9.4,2024-04
A-9779ad,Cybersecurity,Enterprise,2024-12-16,,7960,missing features,0,17.0,3,9.8,2024-12
A-9779ad,Cybersecurity,Enterprise,2024-12-16,,7960,switched to competitor,0,17.0,3,9.8,2024-12
A-9779ad,Cybersecurity,Enterprise,2024-12-16,,7960,too expensive,0,17.0,3,9.8,2024-12
A-9779ad,Cybersecurity,Pro,2024-09-17,,1960,missing features,0,19.9,3,8.0,2024-09
A-9779ad,Cybersecurity,Pro,2024-09-17,,1960,switched to competitor,0,19.9,3,8.0,2024-09
A-9779ad,Cybersecurity,Pro,2024-09-17,,1960,too expensive,0,19.9,3,8.0,2024-09
A-9779ad,Cybersecurity,Pro,2024-07-07,,0,missing features,0,22.3,3,12.0,2024-07
A-9779ad,Cybersecurity,Pro,2024-07-07,,0,switched to competitor,0,22.3,3,12.0,2024-07
A-9779ad,Cybersecurity,Pro,2024-07-07,,0,too expensive,0,22.3,3,12.0,2024-07
A-9779ad,Cybersecurity,Pro,2024-08-14,,1960,missing features,0,21.0,3,9.7,2024-08
A-9779ad,Cybersecurity,Pro,2024-08-14,,1960,switched to competitor,0,21.0,3,9.7,2024-08
A-9779ad,Cybersecurity,Pro,2024-08-14,,1960,too expensive,0,21.0,3,9.7,2024-08
A-9779ad,Cybersecurity,Basic,2024-10-27,,0,missing features,0,18.6,3,10.0,2024-10
A-9779ad,Cybersecurity,Basic,2024-10-27,,0,switched to competitor,0,18.6,3,10.0,2024-10
A-9779ad,Cybersecurity,Basic,2024-10-27,,0,too expensive,0,18.6,3,10.0,2024-10
A-9779ad,Cybersecurity,Enterprise,2024-06-24,,7960,missing features,0,22.7,3,11.3,2024-06
A-9779ad,Cybersecurity,Enterprise,2024-06-24,,7960,switched to competitor,0,22.7,3,11.3,2024-06
A-9779ad,Cybersecurity,Enterprise,2024-06-24,,7960,too expensive,0,22.7,3,11.3,2024-06
A-9779ad,Cybersecurity,Enterprise,2024-07-29,,7960,missing features,0,21.6,3,9.3,2024-07
A-9779ad,Cybersecurity,Enterprise,2024-07-29,,7960,switched to competitor,0,21.6,3,9.3,2024-07
A-9779ad,Cybersecurity,Enterprise,2024-07-29,,7960,too expensive,0,21.6,3,9.3,2024-07
A-9779ad,Cybersecurity,Enterprise,2024-10-23,,7960,missing features,0,18.7,3,9.0,2024-10
A-9779ad,Cybersecurity,Enterprise,2024-10-23,,7960,switched to competitor,0,18.7,3,9.0,2024-10
A-9779ad,Cybersecurity,Enterprise,2024-10-23,,7960,too expensive,0,18.7,3,9.0,2024-10
A-9779ad,Cybersecurity,Enterprise,2024-05-09,,7960,missing features,0,24.2,3,7.7,2024-05
A-9779ad,Cybersecurity,Enterprise,2024-05-09,,7960,switched to competitor,0,24.2,3,7.7,2024-05
A-9779ad,Cybersecurity,Enterprise,2024-05-09,,7960,too expensive,0,24.2,3,7.7,2024-05
A-f45426,HealthTech,Basic,2024-10-18,,171,missing features,0,18.9,3,12.2,2024-10
A-f45426,HealthTech,Basic,2024-10-18,,171,switched to competitor,0,18.9,3,12.2,2024-10
A-f45426,HealthTech,Enterprise,2024-09-14,,3980,missing features,0,20.0,3,8.8,2024-09
A-f45426,HealthTech,Enterprise,2024-09-14,,3980,switched to competitor,0,20.0,3,8.8,2024-09
A-f45426,HealthTech,Pro,2024-12-29,,441,missing features,0,16.5,3,8.2,2024-12
A-f45426,HealthTech,Pro,2024-12-29,,441,switched to competitor,0,16.5,3,8.2,2024-12
A-f45426,HealthTech,Basic,2024-08-05,,0,missing features,0,21.3,3,11.7,2024-08
A-f45426,HealthTech,Basic,2024-08-05,,0,switched to competitor,0,21.3,3,11.7,2024-08
A-f45426,HealthTech,Enterprise,2024-09-27,2024-09-28,1791,missing features,1,0.0,3,8.4,2024-09
A-f45426,HealthTech,Enterprise,2024-09-27,2024-09-28,1791,switched to competitor,1,0.0,3,8.4,2024-09
A-f45426,HealthTech,Basic,2024-08-09,,380,missing features,0,21.2,3,11.0,2024-08
A-f45426,HealthTech,Basic,2024-08-09,,380,switched to competitor,0,21.2,3,11.0,2024-08
A-f45426,HealthTech,Pro,2024-09-21,2024-11-03,539,missing features,1,1.4,3,13.5,2024-09
A-f45426,HealthTech,Pro,2024-09-21,2024-11-03,539,switched to competitor,1,1.4,3,13.5,2024-09
A-f45426,HealthTech,Enterprise,2024-09-23,,0,missing features,0,19.7,3,9.9,2024-09
A-f45426,HealthTech,Enterprise,2024-09-23,,0,switched to competitor,0,19.7,3,9.9,2024-09
A-f45426,HealthTech,Pro,2024-11-15,,0,missing features,0,18.0,3,10.5,2024-11
A-f45426,HealthTech,Pro,2024-11-15,,0,switched to competitor,0,18.0,3,10.5,2024-11
A-f45426,HealthTech,Pro,2024-11-22,,833,missing features,0,17.7,3,10.3,2024-11
A-f45426,HealthTech,Pro,2024-11-22,,833,switched to competitor,0,17.7,3,10.3,2024-11
A-f45426,HealthTech,Enterprise,2024-12-10,,9154,missing features,0,17.2,3,9.2,2024-12
A-f45426,HealthTech,Enterprise,2024-12-10,,9154,switched to competitor,0,17.2,3,9.2,2024-12
A-c1e51e,FinTech,Basic,2024-11-28,,475,missing features,0,17.5,5,9.5,2024-11
A-c1e51e,FinTech,Basic,2024-11-28,,475,switched to competitor,0,17.5,5,9.5,2024-11
A-c1e51e,FinTech,Enterprise,2024-12-08,,597,missing features,0,17.2,5,9.6,2024-12
A-c1e51e,FinTech,Enterprise,2024-12-08,,597,switched to competitor,0,17.2,5,9.6,2024-12
A-c1e51e,FinTech,Basic,2024-12-29,2024-12-31,779,missing features,1,0.1,5,11.5,2024-12
A-c1e51e,FinTech,Basic,2024-12-29,2024-12-31,779,switched to competitor,1,0.1,5,11.5,2024-12
A-c1e51e,FinTech,Pro,2024-12-21,2024-12-31,1568,missing features,1,0.3,5,10.5,2024-12
A-c1e51e,FinTech,Pro,2024-12-21,2024-12-31,1568,switched to competitor,1,0.3,5,10.5,2024-12
A-c1e51e,FinTech,Enterprise,2024-11-19,,10945,missing features,0,17.8,5,10.2,2024-11
A-c1e51e,FinTech,Enterprise,2024-11-19,,10945,switched to competitor,0,17.8,5,10.2,2024-11
A-c1e51e,FinTech,Enterprise,2024-12-24,,5771,missing features,0,16.7,5,10.6,2024-12
A-c1e51e,FinTech,Enterprise,2024-12-24,,5771,switched to competitor,0,16.7,5,10.6,2024-12
A-c1e51e,FinTech,Basic,2024-12-11,,361,missing features,0,17.1,5,10.5,2024-12
A-c1e51e,FinTech,Basic,2024-12-11,,361,switched to competitor,0,17.1,5,10.5,2024-12
A-c1e51e,FinTech,Basic,2024-10-20,,133,missing features,0,18.8,5,9.6,2024-10
A-c1e51e,FinTech,Basic,2024-10-20,,133,switched to competitor,0,18.8,5,9.6,2024-10
A-c1e51e,FinTech,Pro,2024-11-02,,490,missing features,0,18.4,5,10.0,2024-11
A-c1e51e,FinTech,Pro,2024-11-02,,490,switched to competitor,0,18.4,5,10.0,2024-11
A-c1e51e,FinTech,Enterprise,2024-10-31,2024-12-18,2786,missing features,1,1.6,5,12.0,2024-10
A-c1e51e,FinTech,Enterprise,2024-10-31,2024-12-18,2786,switched to competitor,1,1.6,5,12.0,2024-10
A-fa3095,FinTech,Pro,2024-12-18,,3430,missing features,0,16.9,5,8.3,2024-12
A-fa3095,FinTech,Enterprise,2024-07-08,,13930,missing features,0,22.2,5,10.9,2024-07
A-fa3095,FinTech,Basic,2024-12-16,,1330,missing features,0,17.0,5,10.4,2024-12
A-fa3095,FinTech,Basic,2024-12-30,,1330,missing features,0,16.5,5,10.1,2024-12
A-fa3095,FinTech,Enterprise,2024-06-07,,13930,missing features,0,23.3,5,8.5,2024-06
A-fa3095,FinTech,Basic,2024-05-16,,1330,missing features,0,24.0,5,8.8,2024-05
A-fa3095,FinTech,Enterprise,2023-09-18,,0,missing features,0,31.9,5,9.0,2023-09
A-fa3095,FinTech,Enterprise,2023-12-18,,13930,missing features,0,28.9,5,10.0,2023-12
A-fa3095,FinTech,Enterprise,2023-12-06,,13930,missing features,0,29.3,5,9.9,2023-12
A-fa3095,FinTech,Basic,2024-12-18,,1330,missing features,0,16.9,5,11.5,2024-12
A-fa3095,FinTech,Basic,2024-06-04,,1330,missing features,0,23.4,5,12.3,2024-06
A-fa3095,FinTech,Pro,2023-12-17,,3430,missing features,0,28.9,5,11.3,2023-12
A-ad64c6,DevTools,Basic,2024-07-24,,0,,0,21.7,4,9.0,2024-07
A-ad64c6,DevTools,Basic,2024-07-24,,0,missing features,0,21.7,4,9.0,2024-07
A-ad64c6,DevTools,Enterprise,2024-11-20,,5572,,0,17.8,4,8.3,2024-11
A-ad64c6,DevTools,Enterprise,2024-11-20,,5572,missing features,0,17.8,4,8.3,2024-11
A-ad64c6,DevTools,Pro,2024-08-15,2024-11-11,588,,1,2.9,4,12.3,2024-08
A-ad64c6,DevTools,Pro,2024-08-15,2024-11-11,588,missing features,1,2.9,4,12.3,2024-08
A-ad64c6,DevTools,Enterprise,2024-06-15,,5572,,0,23.0,4,10.7,2024-06
A-ad64c6,DevTools,Enterprise,2024-06-15,,5572,missing features,0,23.0,4,10.7,2024-06
A-ad64c6,DevTools,Enterprise,2024-03-07,,2388,,0,26.3,4,10.7,2024-03
A-ad64c6,DevTools,Enterprise,2024-03-07,,2388,missing features,0,26.3,4,10.7,2024-03
A-ad64c6,DevTools,Pro,2024-09-08,,588,,0,20.2,4,0.0,2024-09
A-ad64c6,DevTools,Pro,2024-09-08,,588,missing features,0,20.2,4,0.0,2024-09
A-39b19f,FinTech,Pro,2023-07-20,,2695,,0,33.9,6,10.3,2023-07
A-39b19f,FinTech,Pro,2023-11-23,,1764,,0,29.7,6,9.6,2023-11
A-39b19f,FinTech,Pro,2023-02-28,2023-06-15,1176,,1,3.5,6,11.3,2023-02
A-39b19f,FinTech,Pro,2024-05-11,,2646,,0,24.1,6,10.2,2024-05
A-39b19f,FinTech,Enterprise,2024-09-04,,0,,0,20.3,6,9.0,2024-09
A-39b19f,FinTech,Pro,2023-02-23,,784,,0,38.7,6,9.8,2023-02
A-39b19f,FinTech,Pro,2023-07-04,,980,,0,34.4,6,8.8,2023-07
A-39b19f,FinTech,Basic,2024-11-07,,247,,0,18.2,6,10.0,2024-11
A-39b19f,FinTech,Enterprise,2024-05-17,,2786,,0,24.0,6,7.8,2024-05
A-39b19f,FinTech,Enterprise,2024-03-25,2024-05-01,8159,,1,1.2,6,10.6,2024-03
A-39b19f,FinTech,Enterprise,2024-10-03,,0,,0,19.4,6,10.0,2024-10
A-56962b,EdTech,Basic,2024-09-03,,3097,,0,20.4,4,8.7,2024-09
A-56962b,EdTech,Basic,2024-09-03,,3097,switched to competitor,0,20.4,4,8.7,2024-09
A-56962b,EdTech,Pro,2024-09-23,,7987,,0,19.7,4,9.8,2024-09
A-56962b,EdTech,Pro,2024-09-23,,7987,switched to competitor,0,19.7,4,9.8,2024-09
A-56962b,EdTech,Pro,2024-11-20,2024-12-26,0,,1,1.2,4,8.3,2024-11
A-56962b,EdTech,Pro,2024-11-20,2024-12-26,0,switched to competitor,1,1.2,4,8.3,2024-11
A-56962b,EdTech,Pro,2024-09-08,,7987,,0,20.2,4,7.4,2024-09
A-56962b,EdTech,Pro,2024-09-08,,7987,switched to competitor,0,20.2,4,7.4,2024-09
A-56962b,EdTech,Basic,2024-08-28,,3097,,0,20.6,4,9.3,2024-08
A-56962b,EdTech,Basic,2024-08-28,,3097,switched to competitor,0,20.6,4,9.3,2024-08
A-56962b,EdTech,Enterprise,2024-12-15,,32437,,0,17.0,4,10.2,2024-12
A-56962b,EdTech,Enterprise,2024-12-15,,32437,switched to competitor,0,17.0,4,10.2,2024-12
A-56962b,EdTech,Pro,2024-05-15,,0,,0,24.0,4,11.0,2024-05
A-56962b,EdTech,Pro,2024-05-15,,0,switched to competitor,0,24.0,4,11.0,2024-05
A-e60f9d,FinTech,Pro,2024-09-17,,1421,,0,19.9,2,8.7,2024-09
A-e60f9d,FinTech,Basic,2024-11-12,,551,,0,18.1,2,12.2,2024-11
A-e60f9d,FinTech,Enterprise,2024-10-18,,11542,,0,18.9,2,3.0,2024-10
A-e60f9d,FinTech,Enterprise,2024-11-13,,5771,,0,18.0,2,11.0,2024-11
A-e60f9d,FinTech,Basic,2024-12-11,,551,,0,17.1,2,10.8,2024-12
A-e60f9d,FinTech,Basic,2024-12-25,2024-12-28,722,,1,0.1,2,11.4,2024-12
A-e60f9d,FinTech,Pro,2024-12-23,,0,,0,16.7,2,12.0,2024-12
A-e60f9d,FinTech,Pro,2024-12-11,,0,,0,17.1,2,7.8,2024-12
A-e60f9d,FinTech,Basic,2024-10-21,,1140,,0,18.8,2,11.3,2024-10
A-e60f9d,FinTech,Enterprise,2024-10-11,,5771,,0,19.1,2,11.3,2024-10
A-e60f9d,FinTech,Pro,2024-11-13,,2254,,0,18.0,2,8.5,2024-11
A-e60f9d,FinTech,Pro,2024-11-24,2024-12-05,0,,1,0.4,2,10.6,2024-11
A-e60f9d,FinTech,Enterprise,2024-12-19,,5771,,0,16.9,2,8.7,2024-12
A-e60f9d,FinTech,Enterprise,2024-12-03,,5771,,0,17.4,2,8.3,2024-12
A-e60f9d,FinTech,Enterprise,2024-11-11,,9552,,0,18.1,2,10.5,2024-11
A-88c6ca,FinTech,Enterprise,2024-11-19,,995,,0,17.8,1,10.5,2024-11
A-88c6ca,FinTech,Enterprise,2024-11-22,,0,,0,17.7,1,11.0,2024-11
A-88c6ca,FinTech,Pro,2024-12-02,,392,,0,17.4,1,11.5,2024-12
A-88c6ca,FinTech,Pro,2024-12-23,,1127,,0,16.7,1,9.8,2024-12
A-88c6ca,FinTech,Enterprise,2024-11-01,,995,,0,18.4,1,10.3,2024-11
A-88c6ca,FinTech,Pro,2024-12-03,,539,,0,17.4,1,12.0,2024-12
A-88c6ca,FinTech,Pro,2024-12-18,,2401,,0,16.9,1,9.9,2024-12
A-158f4e,FinTech,Enterprise,2024-11-23,,12139,,0,17.7,5,10.5,2024-11
A-158f4e,FinTech,Enterprise,2024-11-23,,12139,switched to competitor,0,17.7,5,10.5,2024-11
A-158f4e,FinTech,Pro,2023-12-19,,2989,,0,28.9,5,9.0,2023-12
A-158f4e,FinTech,Pro,2023-12-19,,2989,switched to competitor,0,28.9,5,9.0,2023-12
A-158f4e,FinTech,Pro,2023-08-30,,0,,0,32.5,5,9.5,2023-08
A-158f4e,FinTech,Pro,2023-08-30,,0,switched to competitor,0,32.5,5,9.5,2023-08
A-158f4e,FinTech,Basic,2023-06-02,,1159,,0,35.5,5,9.9,2023-06
A-158f4e,FinTech,Basic,2023-06-02,,1159,switched to competitor,0,35.5,5,9.9,2023-06
A-158f4e,FinTech,Pro,2023-10-11,,2989,,0,31.1,5,9.3,2023-10
A-158f4e,FinTech,Pro,2023-10-11,,2989,switched to competitor,0,31.1,5,9.3,2023-10
A-158f4e,FinTech,Pro,2024-11-18,,2989,,0,17.9,5,10.0,2024-11
A-158f4e,FinTech,Pro,2024-11-18,,2989,switched to competitor,0,17.9,5,10.0,2024-11
A-158f4e,FinTech,Pro,2024-02-19,,2989,,0,26.8,5,8.7,2024-02
A-158f4e,FinTech,Pro,2024-02-19,,2989,switched to competitor,0,26.8,5,8.7,2024-02
A-158f4e,FinTech,Basic,2024-09-03,,1159,,0,20.4,5,10.4,2024-09
A-158f4e,FinTech,Basic,2024-09-03,,1159,switched to competitor,0,20.4,5,10.4,2024-09
A-158f4e,FinTech,Pro,2023-09-17,,2989,,0,31.9,5,9.7,2023-09
A-158f4e,FinTech,Pro,2023-09-17,,2989,switched to competitor,0,31.9,5,9.7,2023-09
A-158f4e,FinTech,Basic,2023-11-29,,1159,,0,29.5,5,7.8,2023-11
A-158f4e,FinTech,Basic,2023-11-29,,1159,switched to competitor,0,29.5,5,7.8,2023-11
A-158f4e,FinTech,Basic,2023-06-19,2024-05-15,1159,,1,10.9,5,9.0,2023-06
A-158f4e,FinTech,Basic,2023-06-19,2024-05-15,1159,switched to competitor,1,10.9,5,9.0,2023-06
A-158f4e,FinTech,Enterprise,2024-03-22,,12139,,0,25.8,5,8.3,2024-03
A-158f4e,FinTech,Enterprise,2024-03-22,,12139,switched to competitor,0,25.8,5,8.3,2024-03
A-5b051a,Cybersecurity,Basic,2024-10-21,2024-12-24,418,,1,2.1,1,9.0,2024-10
A-5b051a,Cybersecurity,Basic,2024-09-18,,418,,0,19.9,1,12.0,2024-09
A-5b051a,Cybersecurity,Basic,2024-11-23,,418,,0,17.7,1,10.1,2024-11
A-5b051a,Cybersecurity,Pro,2024-12-29,,1078,,0,16.5,1,11.5,2024-12
A-296d7c,DevTools,Pro,2024-08-17,,784,too expensive,0,20.9,5,10.0,2024-08
A-296d7c,DevTools,Enterprise,2024-11-05,,398,too expensive,0,18.3,5,9.0,2024-11
A-296d7c,DevTools,Basic,2024-04-21,,361,too expensive,0,24.8,5,10.9,2024-04
A-296d7c,DevTools,Basic,2024-06-08,,38,too expensive,0,23.2,5,12.5,2024-06
A-296d7c,DevTools,Basic,2024-07-19,,0,too expensive,0,21.9,5,12.0,2024-07
A-296d7c,DevTools,Pro,2024-11-26,,294,too expensive,0,17.6,5,10.3,2024-11
A-296d7c,DevTools,Basic,2024-01-30,,114,too expensive,0,27.5,5,11.3,2024-01
A-1619f8,DevTools,Pro,2024-11-16,,1421,,0,17.9,3,8.7,2024-11
A-1619f8,DevTools,Pro,2024-11-16,,1421,,0,17.9,3,8.7,2024-11
A-1619f8,DevTools,Pro,2024-11-16,,1421,missing features,0,17.9,3,8.7,2024-11
A-1619f8,DevTools,Enterprise,2024-06-09,,10945,,0,23.2,3,10.3,2024-06
A-1619f8,DevTools,Enterprise,2024-06-09,,10945,,0,23.2,3,10.3,2024-06
A-1619f8,DevTools,Enterprise,2024-06-09,,10945,missing features,0,23.2,3,10.3,2024-06
A-1619f8,DevTools,Basic,2024-07-21,,551,,0,21.8,3,11.6,2024-07
A-1619f8,DevTools,Basic,2024-07-21,,551,,0,21.8,3,11.6,2024-07
A-1619f8,DevTools,Basic,2024-07-21,,551,missing features,0,21.8,3,11.6,2024-07
A-1619f8,DevTools,Basic,2024-11-06,,551,,0,18.3,3,10.8,2024-11
A-1619f8,DevTools,Basic,2024-11-06,,551,,0,18.3,3,10.8,2024-11
A-1619f8,DevTools,Basic,2024-11-06,,551,missing features,0,18.3,3,10.8,2024-11
A-1619f8,DevTools,Basic,2024-11-28,,551,,0,17.5,3,9.4,2024-11
A-1619f8,DevTools,Basic,2024-11-28,,551,,0,17.5,3,9.4,2024-11
A-1619f8,DevTools,Basic,2024-11-28,,551,missing features,0,17.5,3,9.4,2024-11
A-1619f8,DevTools,Pro,2024-06-10,,0,,0,23.2,3,8.9,2024-06
A-1619f8,DevTools,Pro,2024-06-10,,0,,0,23.2,3,8.9,2024-06
A-1619f8,DevTools,Pro,2024-06-10,,0,missing features,0,23.2,3,8.9,2024-06
A-1619f8,DevTools,Enterprise,2024-11-05,,5771,,0,18.3,3,12.2,2024-11
A-1619f8,DevTools,Enterprise,2024-11-05,,5771,,0,18.3,3,12.2,2024-11
A-1619f8,DevTools,Enterprise,2024-11-05,,5771,missing features,0,18.3,3,12.2,2024-11
A-a1b80b,HealthTech,Basic,2024-07-21,,418,switched to competitor,0,21.8,4,10.0,2024-07
A-a1b80b,HealthTech,Basic,2024-04-03,,722,switched to competitor,0,25.4,4,10.0,2024-04
A-a1b80b,HealthTech,Pro,2024-08-15,,784,switched to competitor,0,21.0,4,9.6,2024-08
A-a1b80b,HealthTech,Pro,2024-07-15,,1764,switched to competitor,0,22.0,4,11.8,2024-07
A-a1b80b,HealthTech,Enterprise,2024-09-08,,3184,switched to competitor,0,20.2,4,13.0,2024-09
A-a1b80b,HealthTech,Basic,2024-07-05,,304,switched to competitor,0,22.3,4,11.2,2024-07
A-a1b80b,HealthTech,Enterprise,2024-09-19,,3184,switched to competitor,0,19.8,4,8.5,2024-09
A-a1b80b,HealthTech,Basic,2024-06-09,,361,switched to competitor,0,23.2,4,10.7,2024-06
A-a1b80b,HealthTech,Enterprise,2024-05-16,2024-08-04,0,switched to competitor,1,2.6,4,10.3,2024-05
A-a1b80b,HealthTech,Enterprise,2024-09-07,,3184,switched to competitor,0,20.2,4,12.5,2024-09
A-a1b80b,HealthTech,Enterprise,2024-03-28,,3184,switched to competitor,0,25.6,4,10.0,2024-03
A-a1b80b,HealthTech,Pro,2024-11-07,,0,switched to competitor,0,18.2,4,9.3,2024-11
A-a1b80b,HealthTech,Enterprise,2024-04-01,,3184,switched to competitor,0,25.5,4,11.0,2024-04
A-a1b80b,HealthTech,Pro,2024-08-24,,784,switched to competitor,0,20.7,4,10.9,2024-08
A-a1b80b,HealthTech,Enterprise,2024-06-28,,3184,switched to competitor,0,22.6,4,11.2,2024-06
A-a1b80b,HealthTech,Enterprise,2024-03-11,,10348,switched to competitor,0,26.2,4,8.5,2024-03
A-139c3b,HealthTech,Pro,2024-12-12,,2009,,0,17.1,9,11.0,2024-12
A-139c3b,HealthTech,Pro,2024-11-27,2024-12-16,1372,,1,0.6,9,14.0,2024-11
A-139c3b,HealthTech,Pro,2024-12-30,,490,,0,16.5,9,10.0,2024-12
A-139c3b,HealthTech,Pro,2024-11-26,2024-12-31,833,,1,1.1,9,11.0,2024-11
A-139c3b,HealthTech,Basic,2024-12-20,,190,,0,16.8,9,11.3,2024-12
A-139c3b,HealthTech,Enterprise,2024-12-21,,3582,,0,16.8,9,9.6,2024-12
A-139c3b,HealthTech,Basic,2024-11-28,,551,,0,17.5,9,11.0,2024-11
A-139c3b,HealthTech,Basic,2024-12-30,,0,,0,16.5,9,11.1,2024-12
A-702032,HealthTech,Enterprise,2024-04-24,,5572,switched to competitor,0,24.7,4,11.0,2024-04
A-702032,HealthTech,Enterprise,2024-04-24,,5572,switched to competitor,0,24.7,4,11.0,2024-04
A-702032,HealthTech,Basic,2024-10-28,,532,switched to competitor,0,18.6,4,9.7,2024-10
A-702032,HealthTech,Basic,2024-10-28,,532,switched to competitor,0,18.6,4,9.7,2024-10
A-702032,HealthTech,Pro,2024-12-13,2024-12-21,1372,switched to competitor,1,0.3,4,12.7,2024-12
A-702032,HealthTech,Pro,2024-12-13,2024-12-21,1372,switched to competitor,1,0.3,4,12.7,2024-12
A-702032,HealthTech,Basic,2024-12-10,,532,switched to competitor,0,17.2,4,7.0,2024-12
A-702032,HealthTech,Basic,2024-12-10,,532,switched to competitor,0,17.2,4,7.0,2024-12
A-702032,HealthTech,Basic,2024-11-28,,532,switched to competitor,0,17.5,4,12.5,2024-11
A-702032,HealthTech,Basic,2024-11-28,,532,switched to competitor,0,17.5,4,12.5,2024-11
A-702032,HealthTech,Basic,2024-07-07,2024-10-23,0,switched to competitor,1,3.5,4,12.8,2024-07
A-702032,HealthTech,Basic,2024-07-07,2024-10-23,0,switched to competitor,1,3.5,4,12.8,2024-07
A-7a0d69,DevTools,Enterprise,2024-10-12,,5174,,0,19.1,2,8.4,2024-10
A-7a0d69,DevTools,Enterprise,2024-10-12,,5174,,0,19.1,2,8.4,2024-10
A-7a0d69,DevTools,Enterprise,2024-10-12,,5174,switched to competitor,0,19.1,2,8.4,2024-10
A-7a0d69,DevTools,Basic,2024-09-06,,114,,0,20.3,2,12.0,2024-09
A-7a0d69,DevTools,Basic,2024-09-06,,114,,0,20.3,2,12.0,2024-09
A-7a0d69,DevTools,Basic,2024-09-06,,114,switched to competitor,0,20.3,2,12.0,2024-09
A-7a0d69,DevTools,Pro,2024-08-01,,0,,0,21.5,2,8.4,2024-08
A-7a0d69,DevTools,Pro,2024-08-01,,0,,0,21.5,2,8.4,2024-08
A-7a0d69,DevTools,Pro,2024-08-01,,0,switched to competitor,0,21.5,2,8.4,2024-08
A-7a0d69,DevTools,Pro,2024-09-28,,196,,0,19.5,2,10.0,2024-09
A-7a0d69,DevTools,Pro,2024-09-28,,196,,0,19.5,2,10.0,2024-09
A-7a0d69,DevTools,Pro,2024-09-28,,196,switched to competitor,0,19.5,2,10.0,2024-09
A-7a0d69,DevTools,Basic,2024-09-12,,0,,0,20.1,2,10.0,2024-09
A-7a0d69,DevTools,Basic,2024-09-12,,0,,0,20.1,2,10.0,2024-09
A-7a0d69,DevTools,Basic,2024-09-12,,0,switched to competitor,0,20.1,2,10.0,2024-09
A-7a0d69,DevTools,Basic,2024-11-20,,380,,0,17.8,2,10.5,2024-11
A-7a0d69,DevTools,Basic,2024-11-20,,380,,0,17.8,2,10.5,2024-11
A-7a0d69,DevTools,Basic,2024-11-20,,380,switched to competitor,0,17.8,2,10.5,2024-11
A-7a0d69,DevTools,Pro,2024-08-20,,735,,0,20.8,2,10.8,2024-08
A-7a0d69,DevTools,Pro,2024-08-20,,735,,0,20.8,2,10.8,2024-08
A-7a0d69,DevTools,Pro,2024-08-20,,735,switched to competitor,0,20.8,2,10.8,2024-08
A-7a0d69,DevTools,Basic,2024-07-21,,0,,0,21.8,2,10.6,2024-07
A-7a0d69,DevTools,Basic,2024-07-21,,0,,0,21.8,2,10.6,2024-07
A-7a0d69,DevTools,Basic,2024-07-21,,0,switched to competitor,0,21.8,2,10.6,2024-07
A-7a0d69,DevTools,Basic,2024-09-16,,285,,0,19.9,2,11.3,2024-09
A-7a0d69,DevTools,Basic,2024-09-16,,285,,0,19.9,2,11.3,2024-09
A-7a0d69,DevTools,Basic,2024-09-16,,285,switched to competitor,0,19.9,2,11.3,2024-09
A-7a0d69,DevTools,Enterprise,2024-12-10,,3184,,0,17.2,2,10.4,2024-12
A-7a0d69,DevTools,Enterprise,2024-12-10,,3184,,0,17.2,2,10.4,2024-12
A-7a0d69,DevTools,Enterprise,2024-12-10,,3184,switched to competitor,0,17.2,2,10.4,2024-12
A-7a0d69,DevTools,Pro,2024-11-22,,294,,0,17.7,2,9.8,2024-11
A-7a0d69,DevTools,Pro,2024-11-22,,294,,0,17.7,2,9.8,2024-11
A-7a0d69,DevTools,Pro,2024-11-22,,294,switched to competitor,0,17.7,2,9.8,2024-11
A-22d9d2,DevTools,Pro,2024-06-29,,392,,0,22.5,6,9.6,2024-06
A-22d9d2,DevTools,Basic,2024-04-30,2024-09-06,0,,1,4.2,6,11.7,2024-04
A-22d9d2,DevTools,Pro,2024-10-24,,4508,,0,18.7,6,10.5,2024-10
A-22d9d2,DevTools,Pro,2024-10-14,,392,,0,19.0,6,9.7,2024-10
A-22d9d2,DevTools,Basic,2024-03-27,,152,,0,25.6,6,12.7,2024-03
A-22d9d2,DevTools,Pro,2024-06-05,,392,,0,23.3,6,11.0,2024-06
A-22d9d2,DevTools,Enterprise,2024-07-23,,1592,,0,21.7,6,10.4,2024-07
A-22d9d2,DevTools,Pro,2024-06-02,,637,,0,23.4,6,9.4,2024-06
A-22d9d2,DevTools,Pro,2024-06-10,,1225,,0,23.2,6,9.5,2024-06
A-22d9d2,DevTools,Pro,2024-04-01,2024-09-01,2842,,1,5.0,6,9.4,2024-04
A-22d9d2,DevTools,Enterprise,2024-11-08,,3184,,0,18.2,6,11.9,2024-11
A-22d9d2,DevTools,Pro,2024-08-09,,1470,,0,21.2,6,9.0,2024-08
A-22d9d2,DevTools,Pro,2024-12-17,2024-12-20,1568,,1,0.1,6,11.5,2024-12
A-22d9d2,DevTools,Pro,2024-07-02,,392,,0,22.4,6,9.0,2024-07
A-b9eed8,Cybersecurity,Enterprise,2024-03-16,,2985,switched to competitor,0,26.0,5,10.0,2024-03
A-b9eed8,Cybersecurity,Basic,2024-06-21,,209,switched to competitor,0,22.8,5,11.0,2024-06
A-b9eed8,Cybersecurity,Enterprise,2024-10-24,,6766,switched to competitor,0,18.7,5,11.3,2024-10
A-b9eed8,Cybersecurity,Basic,2024-08-27,,266,switched to competitor,0,20.6,5,11.6,2024-08
A-b9eed8,Cybersecurity,Basic,2024-08-27,,323,switched to competitor,0,20.6,5,9.4,2024-08
A-b9eed8,Cybersecurity,Pro,2024-08-01,,539,switched to competitor,0,21.5,5,9.8,2024-08
A-b9eed8,Cybersecurity,Basic,2024-11-30,,342,switched to competitor,0,17.5,5,11.8,2024-11
A-b9eed8,Cybersecurity,Pro,2024-05-07,,588,switched to competitor,0,24.3,5,8.4,2024-05
A-b9eed8,Cybersecurity,Enterprise,2024-10-06,,3383,switched to competitor,0,19.3,5,7.0,2024-10
A-b9eed8,Cybersecurity,Pro,2024-11-04,,539,switched to competitor,0,18.3,5,11.2,2024-11
A-b9eed8,Cybersecurity,Pro,2024-07-14,,637,switched to competitor,0,22.0,5,10.0,2024-07
A-dfbd31,DevTools,Enterprise,2024-11-08,,12338,too expensive,0,18.2,6,10.5,2024-11
A-dfbd31,DevTools,Enterprise,2024-11-08,,12338,too expensive,0,18.2,6,10.5,2024-11
A-dfbd31,DevTools,Pro,2024-10-16,,2940,too expensive,0,19.0,6,8.0,2024-10
A-dfbd31,DevTools,Pro,2024-10-16,,2940,too expensive,0,19.0,6,8.0,2024-10
A-dfbd31,DevTools,Enterprise,2023-12-31,,0,too expensive,0,28.5,6,12.0,2023-12
A-dfbd31,DevTools,Enterprise,2023-12-31,,0,too expensive,0,28.5,6,12.0,2023-12
A-dfbd31,DevTools,Pro,2023-12-10,,0,too expensive,0,29.2,6,12.9,2023-12
A-dfbd31,DevTools,Pro,2023-12-10,,0,too expensive,0,29.2,6,12.9,2023-12
A-dfbd31,DevTools,Pro,2024-10-15,,686,too expensive,0,19.0,6,14.7,2024-10
A-dfbd31,DevTools,Pro,2024-10-15,,686,too expensive,0,19.0,6,14.7,2024-10
A-dfbd31,DevTools,Basic,2024-08-08,,456,too expensive,0,21.2,6,10.3,2024-08
A-dfbd31,DevTools,Basic,2024-08-08,,456,too expensive,0,21.2,6,10.3,2024-08
A-dfbd31,DevTools,Basic,2024-04-29,,266,too expensive,0,24.5,6,7.8,2024-04
A-dfbd31,DevTools,Basic,2024-04-29,,266,too expensive,0,24.5,6,7.8,2024-04
A-dfbd31,DevTools,Basic,2024-06-17,,0,too expensive,0,22.9,6,13.0,2024-06
A-dfbd31,DevTools,Basic,2024-06-17,,0,too expensive,0,22.9,6,13.0,2024-06
A-dfbd31,DevTools,Enterprise,2024-02-15,,2786,too expensive,0,27.0,6,12.3,2024-02
A-dfbd31,DevTools,Enterprise,2024-02-15,,2786,too expensive,0,27.0,6,12.3,2024-02
A-dfbd31,DevTools,Basic,2024-12-09,,266,too expensive,0,17.2,6,11.6,2024-12
A-dfbd31,DevTools,Basic,2024-12-09,,266,too expensive,0,17.2,6,11.6,2024-12
A-dfbd31,DevTools,Pro,2024-07-30,,686,too expensive,0,21.5,6,13.3,2024-07
A-dfbd31,DevTools,Pro,2024-07-30,,686,too expensive,0,21.5,6,13.3,2024-07
A-dfbd31,DevTools,Pro,2024-09-17,,2107,too expensive,0,19.9,6,9.3,2024-09
A-dfbd31,DevTools,Pro,2024-09-17,,2107,too expensive,0,19.9,6,9.3,2024-09
A-dfbd31,DevTools,Pro,2024-04-27,,833,too expensive,0,24.6,6,7.7,2024-04
A-dfbd31,DevTools,Pro,2024-04-27,,833,too expensive,0,24.6,6,7.7,2024-04
A-dfbd31,DevTools,Pro,2024-12-04,,1715,too expensive,0,17.3,6,10.6,2024-12
A-dfbd31,DevTools,Pro,2024-12-04,,1715,too expensive,0,17.3,6,10.6,2024-12
A-8e47ca,HealthTech,Enterprise,2024-04-29,,3781,missing features,0,24.5,5,9.6,2024-04
A-8e47ca,HealthTech,Enterprise,2024-04-29,,3781,missing features,0,24.5,5,9.6,2024-04
A-8e47ca,HealthTech,Enterprise,2024-04-29,,3781,too expensive,0,24.5,5,9.6,2024-04
A-8e47ca,HealthTech,Pro,2024-02-27,,931,missing features,0,26.6,5,6.0,2024-02
A-8e47ca,HealthTech,Pro,2024-02-27,,931,missing features,0,26.6,5,6.0,2024-02
A-8e47ca,HealthTech,Pro,2024-02-27,,931,too expensive,0,26.6,5,6.0,2024-02
A-8e47ca,HealthTech,Basic,2024-07-21,,361,missing features,0,21.8,5,12.3,2024-07
A-8e47ca,HealthTech,Basic,2024-07-21,,361,missing features,0,21.8,5,12.3,2024-07
A-8e47ca,HealthTech,Basic,2024-07-21,,361,too expensive,0,21.8,5,12.3,2024-07
A-8e47ca,HealthTech,Enterprise,2024-05-20,,3980,missing features,0,23.9,5,11.0,2024-05
A-8e47ca,HealthTech,Enterprise,2024-05-20,,3980,missing features,0,23.9,5,11.0,2024-05
A-8e47ca,HealthTech,Enterprise,2024-05-20,,3980,too expensive,0,23.9,5,11.0,2024-05
A-8e47ca,HealthTech,Enterprise,2024-11-03,2024-12-09,4975,missing features,1,1.2,5,10.4,2024-11
A-8e47ca,HealthTech,Enterprise,2024-11-03,2024-12-09,4975,missing features,1,1.2,5,10.4,2024-11
A-8e47ca,HealthTech,Enterprise,2024-11-03,2024-12-09,4975,too expensive,1,1.2,5,10.4,2024-11
A-8e47ca,HealthTech,Basic,2024-03-05,,361,missing features,0,26.3,5,11.0,2024-03
A-8e47ca,HealthTech,Basic,2024-03-05,,361,missing features,0,26.3,5,11.0,2024-03
A-8e47ca,HealthTech,Basic,2024-03-05,,361,too expensive,0,26.3,5,11.0,2024-03
A-8e47ca,HealthTech,Enterprise,2024-08-23,,3781,missing features,0,20.7,5,9.7,2024-08
A-8e47ca,HealthTech,Enterprise,2024-08-23,,3781,missing features,0,20.7,5,9.7,2024-08
A-8e47ca,HealthTech,Enterprise,2024-08-23,,3781,too expensive,0,20.7,5,9.7,2024-08
A-8e47ca,HealthTech,Enterprise,2024-03-28,,3781,missing features,0,25.6,5,8.7,2024-03
A-8e47ca,HealthTech,Enterprise,2024-03-28,,3781,missing features,0,25.6,5,8.7,2024-03
A-8e47ca,HealthTech,Enterprise,2024-03-28,,3781,too expensive,0,25.6,5,8.7,2024-03
A-8e47ca,HealthTech,Enterprise,2024-04-26,,6169,missing features,0,24.6,5,13.0,2024-04
A-8e47ca,HealthTech,Enterprise,2024-04-26,,6169,missing features,0,24.6,5,13.0,2024-04
A-8e47ca,HealthTech,Enterprise,2024-04-26,,6169,too expensive,0,24.6,5,13.0,2024-04
A-4437e4,Cybersecurity,Enterprise,2024-07-20,,3184,too expensive,0,21.8,6,9.5,2024-07
A-4437e4,Cybersecurity,Enterprise,2024-08-17,,2189,too expensive,0,20.9,6,10.1,2024-08
A-4437e4,Cybersecurity,Basic,2023-11-20,2024-09-17,0,too expensive,1,9.9,6,9.5,2023-11
A-4437e4,Cybersecurity,Enterprise,2024-10-12,,1194,too expensive,0,19.1,6,10.4,2024-10
A-4437e4,Cybersecurity,Basic,2023-11-20,,0,too expensive,0,29.8,6,9.0,2023-11
A-4437e4,Cybersecurity,Basic,2023-11-17,,323,too expensive,0,29.9,6,11.0,2023-11
A-4437e4,Cybersecurity,Pro,2024-08-30,,0,too expensive,0,20.5,6,8.4,2024-08
A-4437e4,Cybersecurity,Pro,2024-02-06,,2401,too expensive,0,27.3,6,11.0,2024-02
A-4437e4,Cybersecurity,Enterprise,2024-12-07,,597,too expensive,0,17.2,6,8.6,2024-12
A-4437e4,Cybersecurity,Basic,2024-12-23,,171,too expensive,0,16.7,6,11.3,2024-12
A-4437e4,Cybersecurity,Pro,2024-02-12,,1323,too expensive,0,27.1,6,12.2,2024-02
A-4437e4,Cybersecurity,Enterprise,2024-04-21,,597,too expensive,0,24.8,6,13.5,2024-04
A-4437e4,Cybersecurity,Basic,2024-08-16,,209,too expensive,0,21.0,6,10.1,2024-08
A-4437e4,Cybersecurity,Enterprise,2024-07-10,,3184,too expensive,0,22.2,6,8.3,2024-07
A-4437e4,Cybersecurity,Pro,2024-08-15,,1862,too expensive,0,21.0,6,7.7,2024-08
A-4437e4,Cybersecurity,Enterprise,2024-05-14,,597,too expensive,0,24.0,6,10.0,2024-05
A-779e4e,HealthTech,Pro,2023-02-12,2023-11-24,931,,1,9.4,5,9.9,2023-02
A-779e4e,HealthTech,Enterprise,2023-01-28,,3582,,0,39.6,5,7.7,2023-01
A-779e4e,HealthTech,Enterprise,2023-07-13,,11542,,0,34.1,5,10.0,2023-07
A-779e4e,HealthTech,Basic,2024-09-18,,1862,,0,19.9,5,10.0,2024-09
A-779e4e,HealthTech,Basic,2024-09-14,,361,,0,20.0,5,8.0,2024-09
A-779e4e,HealthTech,Basic,2023-01-09,,171,,0,40.2,5,7.0,2023-01
A-779e4e,HealthTech,Pro,2023-03-27,,1029,,0,37.7,5,8.0,2023-03
A-779e4e,HealthTech,Pro,2024-07-18,,245,,0,21.9,5,12.0,2024-07
A-779e4e,HealthTech,Enterprise,2023-11-12,2024-10-29,7164,,1,11.6,5,9.2,2023-11
A-779e4e,HealthTech,Enterprise,2024-07-02,,1194,,0,22.4,5,9.3,2024-07
A-53f4e3,Cybersecurity,Basic,2024-11-05,,247,too expensive,0,18.3,5,10.3,2024-11
A-53f4e3,Cybersecurity,Basic,2024-09-21,,418,too expensive,0,19.8,5,9.3,2024-09
A-53f4e3,Cybersecurity,Basic,2024-10-16,,342,too expensive,0,19.0,5,10.7,2024-10
A-53f4e3,Cybersecurity,Pro,2024-10-10,,4557,too expensive,0,19.2,5,9.7,2024-10
A-53f4e3,Cybersecurity,Pro,2024-12-22,,1421,too expensive,0,16.8,5,8.1,2024-12
A-53f4e3,Cybersecurity,Basic,2024-12-03,,247,too expensive,0,17.4,5,8.5,2024-12
A-53f4e3,Cybersecurity,Enterprise,2024-12-05,,2587,too expensive,0,17.3,5,10.0,2024-12
A-53f4e3,Cybersecurity,Enterprise,2024-09-18,2024-11-17,3980,too expensive,1,2.0,5,9.4,2024-09
A-53f4e3,Cybersecurity,Basic,2024-11-28,,342,too expensive,0,17.5,5,9.5,2024-11
A-53f4e3,Cybersecurity,Pro,2024-06-17,,931,too expensive,0,22.9,5,8.8,2024-06
A-692f18,EdTech,Enterprise,2024-07-29,,1393,switched to competitor,0,21.6,2,8.8,2024-07
A-692f18,EdTech,Pro,2024-07-10,,588,switched to competitor,0,22.2,2,7.7,2024-07
A-692f18,EdTech,Enterprise,2024-12-14,,1990,switched to competitor,0,17.0,2,10.0,2024-12
A-692f18,EdTech,Pro,2024-06-12,,2450,switched to competitor,0,23.1,2,9.3,2024-06
A-692f18,EdTech,Enterprise,2024-08-20,,3383,switched to competitor,0,20.8,2,9.2,2024-08
A-692f18,EdTech,Enterprise,2024-07-18,,7363,switched to competitor,0,21.9,2,12.7,2024-07
A-692f18,EdTech,Pro,2024-06-19,,245,switched to competitor,0,22.9,2,12.6,2024-06
A-692f18,EdTech,Enterprise,2024-09-19,,0,switched to competitor,0,19.8,2,9.8,2024-09
A-692f18,EdTech,Basic,2024-08-06,,114,switched to competitor,0,21.3,2,11.4,2024-08
A-692f18,EdTech,Basic,2024-10-05,,190,switched to competitor,0,19.3,2,12.0,2024-10
A-692f18,EdTech,Basic,2024-08-05,,266,switched to competitor,0,21.3,2,9.0,2024-08
A-692f18,EdTech,Pro,2024-04-05,,931,switched to competitor,0,25.3,2,8.8,2024-04
A-692f18,EdTech,Pro,2024-05-25,,294,switched to competitor,0,23.7,2,7.8,2024-05
A-692f18,EdTech,Enterprise,2024-12-15,2024-12-17,5572,switched to competitor,1,0.1,2,11.0,2024-12
A-692f18,EdTech,Pro,2024-09-27,,0,switched to competitor,0,19.6,2,11.5,2024-09
A-692f18,EdTech,Pro,2024-06-02,,0,switched to competitor,0,23.4,2,11.3,2024-06
A-692f18,EdTech,Enterprise,2024-03-29,,5771,switched to competitor,0,25.6,2,7.5,2024-03
A-13466a,DevTools,Enterprise,2024-05-23,2024-09-27,4378,switched to competitor,1,4.2,3,9.8,2024-05
A-13466a,DevTools,Enterprise,2024-05-23,2024-09-27,4378,switched to competitor,1,4.2,3,9.8,2024-05
A-13466a,DevTools,Basic,2024-04-20,,0,switched to competitor,0,24.8,3,15.0,2024-04
A-13466a,DevTools,Basic,2024-04-20,,0,switched to competitor,0,24.8,3,15.0,2024-04
A-13466a,DevTools,Basic,2023-11-18,2024-06-23,38,switched to competitor,1,7.2,3,10.4,2023-11
A-13466a,DevTools,Basic,2023-11-18,2024-06-23,38,switched to competitor,1,7.2,3,10.4,2023-11
A-13466a,DevTools,Basic,2024-09-20,,171,switched to competitor,0,19.8,3,7.6,2024-09
A-13466a,DevTools,Basic,2024-09-20,,171,switched to competitor,0,19.8,3,7.6,2024-09
A-13466a,DevTools,Enterprise,2024-02-11,2024-10-28,7960,switched to competitor,1,8.5,3,8.0,2024-02
A-13466a,DevTools,Enterprise,2024-02-11,2024-10-28,7960,switched to competitor,1,8.5,3,8.0,2024-02
A-13466a,DevTools,Enterprise,2024-09-01,2024-12-31,796,switched to competitor,1,4.0,3,9.0,2024-09
A-13466a,DevTools,Enterprise,2024-09-01,2024-12-31,796,switched to competitor,1,4.0,3,9.0,2024-09
A-1986ca,HealthTech,Enterprise,2023-11-16,,0,,0,30.0,7,10.3,2023-11
A-1986ca,HealthTech,Enterprise,2024-09-02,,5572,,0,20.4,7,10.3,2024-09
A-1986ca,HealthTech,Enterprise,2024-09-21,,3980,,0,19.8,7,8.6,2024-09
A-1986ca,HealthTech,Enterprise,2023-07-06,,3980,,0,34.3,7,8.7,2023-07
A-1986ca,HealthTech,Enterprise,2024-01-05,,3980,,0,28.3,7,9.9,2024-01
A-1986ca,HealthTech,Enterprise,2024-09-24,,3980,,0,19.7,7,8.0,2024-09
A-1986ca,HealthTech,Enterprise,2024-05-07,,6169,,0,24.3,7,10.4,2024-05
A-0cc442,EdTech,Enterprise,2024-07-27,,0,,0,21.6,3,12.8,2024-07
A-0cc442,EdTech,Enterprise,2024-07-27,,0,switched to competitor,0,21.6,3,12.8,2024-07
A-0cc442,EdTech,Enterprise,2024-07-27,,0,too expensive,0,21.6,3,12.8,2024-07
A-0cc442,EdTech,Enterprise,2024-07-27,,0,too expensive,0,21.6,3,12.8,2024-07
A-0cc442,EdTech,Pro,2024-09-15,2024-10-28,0,,1,1.4,3,9.7,2024-09
A-0cc442,EdTech,Pro,2024-09-15,2024-10-28,0,switched to competitor,1,1.4,3,9.7,2024-09
A-0cc442,EdTech,Pro,2024-09-15,2024-10-28,0,too expensive,1,1.4,3,9.7,2024-09
A-0cc442,EdTech,Pro,2024-09-15,2024-10-28,0,too expensive,1,1.4,3,9.7,2024-09
A-0cc442,EdTech,Basic,2024-10-04,,855,,0,19.4,3,10.2,2024-10
A-0cc442,EdTech,Basic,2024-10-04,,855,switched to competitor,0,19.4,3,10.2,2024-10
A-0cc442,EdTech,Basic,2024-10-04,,855,too expensive,0,19.4,3,10.2,2024-10
A-0cc442,EdTech,Basic,2024-10-04,,855,too expensive,0,19.4,3,10.2,2024-10
A-0cc442,EdTech,Pro,2024-09-18,,2205,,0,19.9,3,9.4,2024-09
A-0cc442,EdTech,Pro,2024-09-18,,2205,switched to competitor,0,19.9,3,9.4,2024-09
A-0cc442,EdTech,Pro,2024-09-18,,2205,too expensive,0,19.9,3,9.4,2024-09
A-0cc442,EdTech,Pro,2024-09-18,,2205,too expensive,0,19.9,3,9.4,2024-09
A-0cc442,EdTech,Enterprise,2024-08-14,,8955,,0,21.0,3,11.3,2024-08
A-0cc442,EdTech,Enterprise,2024-08-14,,8955,switched to competitor,0,21.0,3,11.3,2024-08
A-0cc442,EdTech,Enterprise,2024-08-14,,8955,too expensive,0,21.0,3,11.3,2024-08
A-0cc442,EdTech,Enterprise,2024-08-14,,8955,too expensive,0,21.0,3,11.3,2024-08
A-0cc442,EdTech,Enterprise,2024-09-25,,10547,,0,19.6,3,9.3,2024-09
A-0cc442,EdTech,Enterprise,2024-09-25,,10547,switched to competitor,0,19.6,3,9.3,2024-09
A-0cc442,EdTech,Enterprise,2024-09-25,,10547,too expensive,0,19.6,3,9.3,2024-09
A-0cc442,EdTech,Enterprise,2024-09-25,,10547,too expensive,0,19.6,3,9.3,2024-09
A-0cc442,EdTech,Enterprise,2024-12-18,,8955,,0,16.9,3,9.5,2024-12
A-0cc442,EdTech,Enterprise,2024-12-18,,8955,switched to competitor,0,16.9,3,9.5,2024-12
A-0cc442,EdTech,Enterprise,2024-12-18,,8955,too expensive,0,16.9,3,9.5,2024-12
A-0cc442,EdTech,Enterprise,2024-12-18,,8955,too expensive,0,16.9,3,9.5,2024-12
A-0cc442,EdTech,Basic,2024-10-06,2024-10-23,1843,,1,0.6,3,10.5,2024-10
A-0cc442,EdTech,Basic,2024-10-06,2024-10-23,1843,switched to competitor,1,0.6,3,10.5,2024-10
A-0cc442,EdTech,Basic,2024-10-06,2024-10-23,1843,too expensive,1,0.6,3,10.5,2024-10
A-0cc442,EdTech,Basic,2024-10-06,2024-10-23,1843,too expensive,1,0.6,3,10.5,2024-10
A-0cc442,EdTech,Enterprise,2024-11-10,,8955,,0,18.1,3,10.0,2024-11
A-0cc442,EdTech,Enterprise,2024-11-10,,8955,switched to competitor,0,18.1,3,10.0,2024-11
A-0cc442,EdTech,Enterprise,2024-11-10,,8955,too expensive,0,18.1,3,10.0,2024-11
A-0cc442,EdTech,Enterprise,2024-11-10,,8955,too expensive,0,18.1,3,10.0,2024-11
A-0cc442,EdTech,Enterprise,2024-09-01,,8955,,0,20.4,3,8.2,2024-09
A-0cc442,EdTech,Enterprise,2024-09-01,,8955,switched to competitor,0,20.4,3,8.2,2024-09
A-0cc442,EdTech,Enterprise,2024-09-01,,8955,too expensive,0,20.4,3,8.2,2024-09
A-0cc442,EdTech,Enterprise,2024-09-01,,8955,too expensive,0,20.4,3,8.2,2024-09
A-0cc442,EdTech,Enterprise,2024-11-01,,8955,,0,18.4,3,11.5,2024-11
A-0cc442,EdTech,Enterprise,2024-11-01,,8955,switched to competitor,0,18.4,3,11.5,2024-11
A-0cc442,EdTech,Enterprise,2024-11-01,,8955,too expensive,0,18.4,3,11.5,2024-11
A-0cc442,EdTech,Enterprise,2024-11-01,,8955,too expensive,0,18.4,3,11.5,2024-11
A-0cc442,EdTech,Basic,2024-10-21,,855,,0,18.8,3,8.4,2024-10
A-0cc442,EdTech,Basic,2024-10-21,,855,switched to competitor,0,18.8,3,8.4,2024-10
A-0cc442,EdTech,Basic,2024-10-21,,855,too expensive,0,18.8,3,8.4,2024-10
A-0cc442,EdTech,Basic,2024-10-21,,855,too expensive,0,18.8,3,8.4,2024-10
A-0cc442,EdTech,Basic,2024-09-25,,855,,0,19.6,3,8.5,2024-09
A-0cc442,EdTech,Basic,2024-09-25,,855,switched to competitor,0,19.6,3,8.5,2024-09
A-0cc442,EdTech,Basic,2024-09-25,,855,too expensive,0,19.6,3,8.5,2024-09
A-0cc442,EdTech,Basic,2024-09-25,,855,too expensive,0,19.6,3,8.5,2024-09
A-c608c8,DevTools,Pro,2023-12-16,,539,too expensive,0,29.0,2,9.5,2023-12
A-c608c8,DevTools,Pro,2024-03-11,,2842,too expensive,0,26.2,2,9.7,2024-03
A-c608c8,DevTools,Basic,2024-08-28,,95,too expensive,0,20.6,2,9.0,2024-08
A-c608c8,DevTools,Enterprise,2023-10-15,,1194,too expensive,0,31.0,2,10.8,2023-10
A-c608c8,DevTools,Enterprise,2024-06-07,2024-06-29,2189,too expensive,1,0.7,2,10.3,2024-06
A-c608c8,DevTools,Pro,2024-10-12,,1029,too expensive,0,19.1,2,10.5,2024-10
A-c608c8,DevTools,Pro,2024-03-07,,1029,too expensive,0,26.3,2,12.6,2024-03
A-c608c8,DevTools,Enterprise,2023-06-30,,597,too expensive,0,34.5,2,9.0,2023-06
A-3be56b,HealthTech,Basic,2024-05-07,,0,,0,24.3,4,8.5,2024-05
A-3be56b,HealthTech,Basic,2024-05-07,,0,switched to competitor,0,24.3,4,8.5,2024-05
A-3be56b,HealthTech,Enterprise,2024-06-12,,0,,0,23.1,4,11.2,2024-06
A-3be56b,HealthTech,Enterprise,2024-06-12,,0,switched to competitor,0,23.1,4,11.2,2024-06
A-3be56b,HealthTech,Pro,2024-02-01,2024-03-05,1715,,1,1.1,4,6.3,2024-02
A-3be56b,HealthTech,Pro,2024-02-01,2024-03-05,1715,switched to competitor,1,1.1,4,6.3,2024-02
A-3be56b,HealthTech,Basic,2024-05-14,,133,,0,24.0,4,9.0,2024-05
A-3be56b,HealthTech,Basic,2024-05-14,,133,switched to competitor,0,24.0,4,9.0,2024-05
A-3be56b,HealthTech,Enterprise,2023-11-22,2024-02-23,0,,1,3.1,4,8.8,2023-11
A-3be56b,HealthTech,Enterprise,2023-11-22,2024-02-23,0,switched to competitor,1,3.1,4,8.8,2023-11
A-3be56b,HealthTech,Pro,2024-08-22,,686,,0,20.8,4,8.6,2024-08
A-3be56b,HealthTech,Pro,2024-08-22,,686,switched to competitor,0,20.8,4,8.6,2024-08
A-3be56b,HealthTech,Enterprise,2024-08-21,,5970,,0,20.8,4,9.2,2024-08
A-3be56b,HealthTech,Enterprise,2024-08-21,,5970,switched to competitor,0,20.8,4,9.2,2024-08
A-3be56b,HealthTech,Enterprise,2024-05-01,,3582,,0,24.5,4,12.0,2024-05
A-3be56b,HealthTech,Enterprise,2024-05-01,,3582,switched to competitor,0,24.5,4,12.0,2024-05
A-3be56b,HealthTech,Basic,2024-08-23,,703,,0,20.7,4,9.5,2024-08
A-3be56b,HealthTech,Basic,2024-08-23,,703,switched to competitor,0,20.7,4,9.5,2024-08
A-3be56b,HealthTech,Basic,2024-12-01,,380,,0,17.4,4,11.3,2024-12
A-3be56b,HealthTech,Basic,2024-12-01,,380,switched to competitor,0,17.4,4,11.3,2024-12
A-3be56b,HealthTech,Pro,2024-03-08,,833,,0,26.3,4,9.0,2024-03
A-3be56b,HealthTech,Pro,2024-03-08,,833,switched to competitor,0,26.3,4,9.0,2024-03
A-3be56b,HealthTech,Pro,2023-12-16,,3038,,0,29.0,4,9.6,2023-12
A-3be56b,HealthTech,Pro,2023-12-16,,3038,switched to competitor,0,29.0,4,9.6,2023-12
A-354f12,FinTech,Basic,2024-11-08,,133,missing features,0,18.2,2,9.3,2024-11
A-354f12,FinTech,Enterprise,2024-10-18,,1791,missing features,0,18.9,2,8.0,2024-10
A-354f12,FinTech,Enterprise,2024-08-01,,199,missing features,0,21.5,2,11.3,2024-08
A-354f12,FinTech,Enterprise,2024-05-28,,6766,missing features,0,23.6,2,12.2,2024-05
A-68f37c,HealthTech,Enterprise,2023-07-24,,24079,switched to competitor,0,33.7,5,8.3,2023-07
A-68f37c,HealthTech,Enterprise,2023-07-24,,24079,too expensive,0,33.7,5,8.3,2023-07
A-68f37c,HealthTech,Enterprise,2023-07-24,,24079,too expensive,0,33.7,5,8.3,2023-07
A-68f37c,HealthTech,Enterprise,2023-07-24,,24079,too expensive,0,33.7,5,8.3,2023-07
A-68f37c,HealthTech,Basic,2024-03-26,,1273,switched to competitor,0,25.7,5,10.8,2024-03
A-68f37c,HealthTech,Basic,2024-03-26,,1273,too expensive,0,25.7,5,10.8,2024-03
A-68f37c,HealthTech,Basic,2024-03-26,,1273,too expensive,0,25.7,5,10.8,2024-03
A-68f37c,HealthTech,Basic,2024-03-26,,1273,too expensive,0,25.7,5,10.8,2024-03
A-68f37c,HealthTech,Basic,2024-04-11,,1786,switched to competitor,0,25.1,5,5.0,2024-04
A-68f37c,HealthTech,Basic,2024-04-11,,1786,too expensive,0,25.1,5,5.0,2024-04
A-68f37c,HealthTech,Basic,2024-04-11,,1786,too expensive,0,25.1,5,5.0,2024-04
A-68f37c,HealthTech,Basic,2024-04-11,,1786,too expensive,0,25.1,5,5.0,2024-04
A-68f37c,HealthTech,Pro,2023-12-31,,539,switched to competitor,0,28.5,5,8.8,2023-12
A-68f37c,HealthTech,Pro,2023-12-31,,539,too expensive,0,28.5,5,8.8,2023-12
A-68f37c,HealthTech,Pro,2023-12-31,,539,too expensive,0,28.5,5,8.8,2023-12
A-68f37c,HealthTech,Pro,2023-12-31,,539,too expensive,0,28.5,5,8.8,2023-12
A-68f37c,HealthTech,Enterprise,2023-08-13,2024-06-22,796,switched to competitor,1,10.3,5,10.2,2023-08
A-68f37c,HealthTech,Enterprise,2023-08-13,2024-06-22,796,too expensive,1,10.3,5,10.2,2023-08
A-68f37c,HealthTech,Enterprise,2023-08-13,2024-06-22,796,too expensive,1,10.3,5,10.2,2023-08
A-68f37c,HealthTech,Enterprise,2023-08-13,2024-06-22,796,too expensive,1,10.3,5,10.2,2023-08
A-68f37c,HealthTech,Pro,2023-08-15,2023-11-03,0,switched to competitor,1,2.6,5,10.5,2023-08
A-68f37c,HealthTech,Pro,2023-08-15,2023-11-03,0,too expensive,1,2.6,5,10.5,2023-08
A-68f37c,HealthTech,Pro,2023-08-15,2023-11-03,0,too expensive,1,2.6,5,10.5,2023-08
A-68f37c,HealthTech,Pro,2023-08-15,2023-11-03,0,too expensive,1,2.6,5,10.5,2023-08
A-68f37c,HealthTech,Pro,2024-08-01,,735,switched to competitor,0,21.5,5,10.9,2024-08
A-68f37c,HealthTech,Pro,2024-08-01,,735,too expensive,0,21.5,5,10.9,2024-08
A-68f37c,HealthTech,Pro,2024-08-01,,735,too expensive,0,21.5,5,10.9,2024-08
A-68f37c,HealthTech,Pro,2024-08-01,,735,too expensive,0,21.5,5,10.9,2024-08
A-68f37c,HealthTech,Basic,2023-11-30,,0,switched to competitor,0,29.5,5,7.0,2023-11
A-68f37c,HealthTech,Basic,2023-11-30,,0,too expensive,0,29.5,5,7.0,2023-11
A-68f37c,HealthTech,Basic,2023-11-30,,0,too expensive,0,29.5,5,7.0,2023-11
A-68f37c,HealthTech,Basic,2023-11-30,,0,too expensive,0,29.5,5,7.0,2023-11
A-68f37c,HealthTech,Enterprise,2024-02-20,,1791,switched to competitor,0,26.8,5,10.4,2024-02
A-68f37c,HealthTech,Enterprise,2024-02-20,,1791,too expensive,0,26.8,5,10.4,2024-02
A-68f37c,HealthTech,Enterprise,2024-02-20,,1791,too expensive,0,26.8,5,10.4,2024-02
A-68f37c,HealthTech,Enterprise,2024-02-20,,1791,too expensive,0,26.8,5,10.4,2024-02
A-68f37c,HealthTech,Basic,2024-02-27,,247,switched to competitor,0,26.6,5,9.1,2024-02
A-68f37c,HealthTech,Basic,2024-02-27,,247,too expensive,0,26.6,5,9.1,2024-02
A-68f37c,HealthTech,Basic,2024-02-27,,247,too expensive,0,26.6,5,9.1,2024-02
A-68f37c,HealthTech,Basic,2024-02-27,,247,too expensive,0,26.6,5,9.1,2024-02
A-68f37c,HealthTech,Basic,2024-02-23,,228,switched to competitor,0,26.7,5,10.0,2024-02
A-68f37c,HealthTech,Basic,2024-02-23,,228,too expensive,0,26.7,5,10.0,2024-02
A-68f37c,HealthTech,Basic,2024-02-23,,228,too expensive,0,26.7,5,10.0,2024-02
A-68f37c,HealthTech,Basic,2024-02-23,,228,too expensive,0,26.7,5,10.0,2024-02
A-68f37c,HealthTech,Enterprise,2024-10-05,,796,switched to competitor,0,19.3,5,9.7,2024-10
A-68f37c,HealthTech,Enterprise,2024-10-05,,796,too expensive,0,19.3,5,9.7,2024-10
A-68f37c,HealthTech,Enterprise,2024-10-05,,796,too expensive,0,19.3,5,9.7,2024-10
A-68f37c,HealthTech,Enterprise,2024-10-05,,796,too expensive,0,19.3,5,9.7,2024-10
A-aa9511,DevTools,Basic,2024-11-07,,437,,0,18.2,2,8.3,2024-11
A-aa9511,DevTools,Enterprise,2024-02-09,,19303,,0,27.2,2,7.5,2024-02
A-aa9511,DevTools,Enterprise,2023-11-29,,6567,,0,29.5,2,11.0,2023-11
A-aa9511,DevTools,Enterprise,2024-10-05,,10746,,0,19.3,2,10.4,2024-10
A-aa9511,DevTools,Enterprise,2024-04-13,,0,,0,25.1,2,9.5,2024-04
A-aa9511,DevTools,Basic,2023-10-25,,437,,0,30.7,2,12.3,2023-10
A-aa9511,DevTools,Pro,2024-08-28,2024-11-13,0,,1,2.5,2,9.8,2024-08
A-aa9511,DevTools,Pro,2024-06-23,,1127,,0,22.7,2,8.8,2024-06
A-aa9511,DevTools,Pro,2024-06-16,,1127,,0,23.0,2,10.0,2024-06
A-aa9511,DevTools,Enterprise,2024-08-21,2024-09-09,4975,,1,0.6,2,9.7,2024-08
A-aa9511,DevTools,Enterprise,2024-09-23,,0,,0,19.7,2,8.8,2024-09
A-aa9511,DevTools,Pro,2023-10-11,,1127,,0,31.1,2,9.8,2023-10
A-aa9511,DevTools,Enterprise,2023-11-01,,4577,,0,30.5,2,11.0,2023-11
A-aa9511,DevTools,Enterprise,2024-07-04,,4577,,0,22.4,2,9.6,2024-07
A-aa9511,DevTools,Enterprise,2024-12-12,,5970,,0,17.1,2,7.6,2024-12
A-af0cd2,Cybersecurity,Basic,2024-09-21,,0,switched to competitor,0,19.8,3,10.3,2024-09
A-af0cd2,Cybersecurity,Basic,2023-07-10,2024-07-15,0,switched to competitor,1,12.2,3,9.4,2023-07
A-af0cd2,Cybersecurity,Pro,2023-01-12,,931,switched to competitor,0,40.1,3,11.5,2023-01
A-af0cd2,Cybersecurity,Basic,2024-09-27,,361,switched to competitor,0,19.6,3,9.3,2024-09
A-af0cd2,Cybersecurity,Pro,2024-05-30,2024-12-14,931,switched to competitor,1,6.5,3,9.4,2024-05
A-af0cd2,Cybersecurity,Pro,2023-04-15,,931,switched to competitor,0,37.0,3,8.2,2023-04
A-af0cd2,Cybersecurity,Basic,2023-10-25,,361,switched to competitor,0,30.7,3,10.8,2023-10
A-af0cd2,Cybersecurity,Pro,2023-04-13,,931,switched to competitor,0,37.1,3,8.8,2023-04
A-af0cd2,Cybersecurity,Basic,2023-10-04,,361,switched to competitor,0,31.4,3,11.0,2023-10
A-af0cd2,Cybersecurity,Basic,2023-10-12,,570,switched to competitor,0,31.1,3,9.3,2023-10
A-af0cd2,Cybersecurity,Basic,2024-10-05,,1083,switched to competitor,0,19.3,3,10.5,2024-10
A-bd4513,DevTools,Basic,2024-11-28,,950,switched to competitor,0,17.5,3,8.0,2024-11
A-bd4513,DevTools,Basic,2024-11-28,,950,too expensive,0,17.5,3,8.0,2024-11
A-bd4513,DevTools,Basic,2024-12-30,,950,switched to competitor,0,16.5,3,10.0,2024-12
A-bd4513,DevTools,Basic,2024-12-30,,950,too expensive,0,16.5,3,10.0,2024-12
A-bd4513,DevTools,Basic,2024-12-13,,950,switched to competitor,0,17.1,3,9.3,2024-12
A-bd4513,DevTools,Basic,2024-12-13,,950,too expensive,0,17.1,3,9.3,2024-12
A-bd4513,DevTools,Basic,2024-11-16,,1254,switched to competitor,0,17.9,3,11.0,2024-11
A-bd4513,DevTools,Basic,2024-11-16,,1254,too expensive,0,17.9,3,11.0,2024-11
A-bd4513,DevTools,Enterprise,2024-11-27,,9950,switched to competitor,0,17.6,3,11.3,2024-11
A-bd4513,DevTools,Enterprise,2024-11-27,,9950,too expensive,0,17.6,3,11.3,2024-11
A-bd4513,DevTools,Enterprise,2024-12-20,,9950,switched to competitor,0,16.8,3,10.6,2024-12
A-bd4513,DevTools,Enterprise,2024-12-20,,9950,too expensive,0,16.8,3,10.6,2024-12
A-bd4513,DevTools,Pro,2024-12-13,,2450,switched to competitor,0,17.1,3,10.5,2024-12
A-bd4513,DevTools,Pro,2024-12-13,,2450,too expensive,0,17.1,3,10.5,2024-12
A-bd4513,DevTools,Enterprise,2024-11-14,,9950,switched to competitor,0,18.0,3,11.7,2024-11
A-bd4513,DevTools,Enterprise,2024-11-14,,9950,too expensive,0,18.0,3,11.7,2024-11
A-bd4513,DevTools,Basic,2024-12-15,2024-12-22,950,switched to competitor,1,0.2,3,7.8,2024-12
A-bd4513,DevTools,Basic,2024-12-15,2024-12-22,950,too expensive,1,0.2,3,7.8,2024-12
A-bd4513,DevTools,Pro,2024-12-01,,2450,switched to competitor,0,17.4,3,10.7,2024-12
A-bd4513,DevTools,Pro,2024-12-01,,2450,too expensive,0,17.4,3,10.7,2024-12
A-bd4513,DevTools,Pro,2024-12-17,2024-12-17,2450,switched to competitor,1,0.0,3,11.0,2024-12
A-bd4513,DevTools,Pro,2024-12-17,2024-12-17,2450,too expensive,1,0.0,3,11.0,2024-12
A-bd4513,DevTools,Enterprise,2024-11-12,,9950,switched to competitor,0,18.1,3,9.3,2024-11
A-bd4513,DevTools,Enterprise,2024-11-12,,9950,too expensive,0,18.1,3,9.3,2024-11
A-c222ab,Cybersecurity,Enterprise,2024-09-19,,6368,,0,19.8,4,9.4,2024-09
A-c222ab,Cybersecurity,Enterprise,2024-09-19,,6368,missing features,0,19.8,4,9.4,2024-09
A-c222ab,Cybersecurity,Enterprise,2024-09-19,,6368,too expensive,0,19.8,4,9.4,2024-09
A-c222ab,Cybersecurity,Pro,2024-08-27,,1568,,0,20.6,4,9.0,2024-08
A-c222ab,Cybersecurity,Pro,2024-08-27,,1568,missing features,0,20.6,4,9.0,2024-08
A-c222ab,Cybersecurity,Pro,2024-08-27,,1568,too expensive,0,20.6,4,9.0,2024-08
A-c222ab,Cybersecurity,Pro,2024-12-27,,1568,,0,16.6,4,10.3,2024-12
A-c222ab,Cybersecurity,Pro,2024-12-27,,1568,missing features,0,16.6,4,10.3,2024-12
A-c222ab,Cybersecurity,Pro,2024-12-27,,1568,too expensive,0,16.6,4,10.3,2024-12
A-c222ab,Cybersecurity,Pro,2024-08-24,,1568,,0,20.7,4,9.4,2024-08
A-c222ab,Cybersecurity,Pro,2024-08-24,,1568,missing features,0,20.7,4,9.4,2024-08
A-c222ab,Cybersecurity,Pro,2024-08-24,,1568,too expensive,0,20.7,4,9.4,2024-08
A-c222ab,Cybersecurity,Basic,2024-10-31,2024-11-29,608,,1,1.0,4,10.5,2024-10
A-c222ab,Cybersecurity,Basic,2024-10-31,2024-11-29,608,missing features,1,1.0,4,10.5,2024-10
A-c222ab,Cybersecurity,Basic,2024-10-31,2024-11-29,608,too expensive,1,1.0,4,10.5,2024-10
A-c222ab,Cybersecurity,Enterprise,2024-12-12,,6368,,0,17.1,4,8.5,2024-12
A-c222ab,Cybersecurity,Enterprise,2024-12-12,,6368,missing features,0,17.1,4,8.5,2024-12
A-c222ab,Cybersecurity,Enterprise,2024-12-12,,6368,too expensive,0,17.1,4,8.5,2024-12
A-c222ab,Cybersecurity,Basic,2024-10-07,,608,,0,19.3,4,9.6,2024-10
A-c222ab,Cybersecurity,Basic,2024-10-07,,608,missing features,0,19.3,4,9.6,2024-10
A-c222ab,Cybersecurity,Basic,2024-10-07,,608,too expensive,0,19.3,4,9.6,2024-10
A-34d880,Cybersecurity,Enterprise,2024-06-26,,0,missing features,0,22.6,5,11.6,2024-06
A-34d880,Cybersecurity,Enterprise,2024-04-18,,10547,missing features,0,24.9,5,12.2,2024-04
A-34d880,Cybersecurity,Enterprise,2024-10-11,,796,missing features,0,19.1,5,10.3,2024-10
A-34d880,Cybersecurity,Pro,2024-07-04,,686,missing features,0,22.4,5,8.1,2024-07
A-34d880,Cybersecurity,Pro,2024-04-21,,196,missing features,0,24.8,5,8.8,2024-04
A-34d880,Cybersecurity,Pro,2024-06-04,,0,missing features,0,23.4,5,10.5,2024-06
A-34d880,Cybersecurity,Enterprise,2024-07-22,,6965,missing features,0,21.8,5,9.0,2024-07
A-34d880,Cybersecurity,Enterprise,2024-10-21,,995,missing features,0,18.8,5,11.0,2024-10
A-34d880,Cybersecurity,Basic,2024-08-11,2024-09-18,779,missing features,1,1.2,5,9.5,2024-08
A-508199,FinTech,Enterprise,2024-04-26,,3781,,0,24.6,3,8.8,2024-04
A-508199,FinTech,Basic,2024-02-08,,513,,0,27.2,3,8.7,2024-02
A-508199,FinTech,Enterprise,2024-01-30,,3781,,0,27.5,3,10.0,2024-01
A-508199,FinTech,Enterprise,2024-12-11,,0,,0,17.1,3,10.1,2024-12
A-508199,FinTech,Basic,2024-02-20,,361,,0,26.8,3,10.2,2024-02
A-f03140,DevTools,Basic,2023-12-11,,513,missing features,0,29.1,7,10.5,2023-12
A-f03140,DevTools,Enterprise,2024-03-31,,5373,missing features,0,25.5,7,7.3,2024-03
A-f03140,DevTools,Pro,2024-05-28,,1372,missing features,0,23.6,7,11.1,2024-05
A-f03140,DevTools,Pro,2024-02-06,,1323,missing features,0,27.3,7,10.3,2024-02
A-f03140,DevTools,Enterprise,2024-07-17,,5373,missing features,0,21.9,7,12.5,2024-07
A-f03140,DevTools,Basic,2024-07-09,,513,missing features,0,22.2,7,8.6,2024-07
A-f03140,DevTools,Basic,2024-05-25,,513,missing features,0,23.7,7,10.1,2024-05
A-f03140,DevTools,Basic,2024-07-10,,722,missing features,0,22.2,7,9.5,2024-07
A-f03140,DevTools,Enterprise,2024-10-04,,5373,missing features,0,19.4,7,11.6,2024-10
A-f03140,DevTools,Pro,2024-11-06,,0,missing features,0,18.3,7,11.9,2024-11
A-410e86,FinTech,Pro,2024-12-02,,1176,,0,17.4,5,8.0,2024-12
A-410e86,FinTech,Enterprise,2024-12-25,,4776,,0,16.7,5,12.3,2024-12
A-410e86,FinTech,Pro,2024-12-17,,0,,0,16.9,5,10.0,2024-12
A-410e86,FinTech,Enterprise,2024-12-14,2024-12-25,0,,1,0.4,5,10.0,2024-12
A-410e86,FinTech,Enterprise,2024-11-16,2024-11-22,4776,,1,0.2,5,9.7,2024-11
A-410e86,FinTech,Basic,2024-12-01,,456,,0,17.4,5,10.7,2024-12
A-410e86,FinTech,Enterprise,2024-11-29,,4776,,0,17.5,5,8.4,2024-11
A-fa2041,HealthTech,Enterprise,2024-07-23,,2985,switched to competitor,0,21.7,1,7.8,2024-07
A-fa2041,HealthTech,Pro,2024-12-05,,0,switched to competitor,0,17.3,1,10.0,2024-12
A-fa2041,HealthTech,Pro,2024-08-13,,735,switched to competitor,0,21.1,1,9.8,2024-08
A-fa2041,HealthTech,Enterprise,2024-10-18,,2985,switched to competitor,0,18.9,1,9.0,2024-10
A-fa2041,HealthTech,Enterprise,2024-07-15,,3184,switched to competitor,0,22.0,1,8.5,2024-07
A-fa2041,HealthTech,Pro,2024-08-19,,1029,switched to competitor,0,20.9,1,8.6,2024-08
A-fa2041,HealthTech,Enterprise,2024-10-30,,3582,switched to competitor,0,18.5,1,7.0,2024-10
A-fa2041,HealthTech,Enterprise,2024-10-27,,3582,switched to competitor,0,18.6,1,10.1,2024-10
A-fa2041,HealthTech,Pro,2024-06-16,,2548,switched to competitor,0,23.0,1,10.0,2024-06
A-fa2041,HealthTech,Basic,2024-07-25,,285,switched to competitor,0,21.7,1,9.3,2024-07
A-fa2041,HealthTech,Basic,2024-07-16,,0,switched to competitor,0,22.0,1,7.0,2024-07
A-fa2041,HealthTech,Basic,2024-06-11,,0,switched to competitor,0,23.1,1,10.1,2024-06
A-de58ca,HealthTech,Pro,2024-01-06,,735,,0,28.3,5,11.0,2024-01
A-de58ca,HealthTech,Pro,2023-09-25,2024-01-07,735,,1,3.4,5,10.2,2023-09
A-de58ca,HealthTech,Basic,2023-07-09,,285,,0,34.2,5,14.0,2023-07
A-de58ca,HealthTech,Pro,2024-06-09,,735,,0,23.2,5,8.3,2024-06
A-de58ca,HealthTech,Basic,2024-08-09,,285,,0,21.2,5,10.3,2024-08
A-de58ca,HealthTech,Enterprise,2023-05-07,,0,,0,36.3,5,12.0,2023-05
A-de58ca,HealthTech,Enterprise,2024-09-01,,7164,,0,20.4,5,11.0,2024-09
A-de58ca,HealthTech,Basic,2023-12-24,2024-11-04,893,,1,10.4,5,9.3,2023-12
A-de58ca,HealthTech,Pro,2023-07-17,,0,,0,34.0,5,11.0,2023-07
A-de58ca,HealthTech,Pro,2023-04-20,,735,,0,36.9,5,8.7,2023-04
A-de58ca,HealthTech,Enterprise,2023-10-09,,12338,,0,31.2,5,10.0,2023-10
A-05d3b3,DevTools,Basic,2024-02-04,,532,switched to competitor,0,27.3,6,10.2,2024-02
A-05d3b3,DevTools,Basic,2024-02-04,,532,switched to competitor,0,27.3,6,10.2,2024-02
A-05d3b3,DevTools,Enterprise,2024-10-01,,3781,switched to competitor,0,19.5,6,10.9,2024-10
A-05d3b3,DevTools,Enterprise,2024-10-01,,3781,switched to competitor,0,19.5,6,10.9,2024-10
A-05d3b3,DevTools,Basic,2023-11-26,,209,switched to competitor,0,29.6,6,9.2,2023-11
A-05d3b3,DevTools,Basic,2023-11-26,,209,switched to competitor,0,29.6,6,9.2,2023-11
A-05d3b3,DevTools,Enterprise,2024-01-29,,2587,switched to competitor,0,27.5,6,9.3,2024-01
A-05d3b3,DevTools,Enterprise,2024-01-29,,2587,switched to competitor,0,27.5,6,9.3,2024-01
A-05d3b3,DevTools,Basic,2023-07-12,,171,switched to competitor,0,34.1,6,9.7,2023-07
A-05d3b3,DevTools,Basic,2023-07-12,,171,switched to competitor,0,34.1,6,9.7,2023-07
A-05d3b3,DevTools,Pro,2023-11-27,,0,switched to competitor,0,29.6,6,10.0,2023-11
A-05d3b3,DevTools,Pro,2023-11-27,,0,switched to competitor,0,29.6,6,10.0,2023-11
A-05d3b3,DevTools,Enterprise,2023-08-03,,3184,switched to competitor,0,33.4,6,8.7,2023-08
A-05d3b3,DevTools,Enterprise,2023-08-03,,3184,switched to competitor,0,33.4,6,8.7,2023-08
A-05d3b3,DevTools,Basic,2024-09-10,,171,switched to competitor,0,20.1,6,12.0,2024-09
A-05d3b3,DevTools,Basic,2024-09-10,,171,switched to competitor,0,20.1,6,12.0,2024-09
A-05d3b3,DevTools,Basic,2023-08-14,,0,switched to competitor,0,33.1,6,8.0,2023-08
A-05d3b3,DevTools,Basic,2023-08-14,,0,switched to competitor,0,33.1,6,8.0,2023-08
A-05d3b3,DevTools,Enterprise,2024-09-26,,0,switched to competitor,0,19.6,6,10.0,2024-09
A-05d3b3,DevTools,Enterprise,2024-09-26,,0,switched to competitor,0,19.6,6,10.0,2024-09
A-05d3b3,DevTools,Basic,2024-08-05,2024-08-12,456,switched to competitor,1,0.2,6,10.0,2024-08
A-05d3b3,DevTools,Basic,2024-08-05,2024-08-12,456,switched to competitor,1,0.2,6,10.0,2024-08
A-05d3b3,DevTools,Pro,2023-09-30,,1078,switched to competitor,0,31.5,6,12.5,2023-09
A-05d3b3,DevTools,Pro,2023-09-30,,1078,switched to competitor,0,31.5,6,12.5,2023-09
A-05d3b3,DevTools,Pro,2024-08-24,,441,switched to competitor,0,20.7,6,8.7,2024-08
A-05d3b3,DevTools,Pro,2024-08-24,,441,switched to competitor,0,20.7,6,8.7,2024-08
A-249769,Cybersecurity,Enterprise,2024-09-06,,796,,0,20.3,2,10.6,2024-09
A-249769,Cybersecurity,Enterprise,2024-09-06,,796,too expensive,0,20.3,2,10.6,2024-09
A-249769,Cybersecurity,Enterprise,2024-08-05,,11144,,0,21.3,2,10.0,2024-08
A-249769,Cybersecurity,Enterprise,2024-08-05,,11144,too expensive,0,21.3,2,10.0,2024-08
A-249769,Cybersecurity,Basic,2024-11-17,,171,,0,17.9,2,12.5,2024-11
A-249769,Cybersecurity,Basic,2024-11-17,,171,too expensive,0,17.9,2,12.5,2024-11
A-249769,Cybersecurity,Enterprise,2024-08-11,,1393,,0,21.1,2,9.5,2024-08
A-249769,Cybersecurity,Enterprise,2024-08-11,,1393,too expensive,0,21.1,2,9.5,2024-08
A-249769,Cybersecurity,Basic,2024-08-28,,76,,0,20.6,2,8.2,2024-08
A-249769,Cybersecurity,Basic,2024-08-28,,76,too expensive,0,20.6,2,8.2,2024-08
A-249769,Cybersecurity,Pro,2024-08-24,,0,,0,20.7,2,8.8,2024-08
A-249769,Cybersecurity,Pro,2024-08-24,,0,too expensive,0,20.7,2,8.8,2024-08
A-249769,Cybersecurity,Basic,2024-11-21,,133,,0,17.8,2,11.5,2024-11
A-249769,Cybersecurity,Basic,2024-11-21,,133,too expensive,0,17.8,2,11.5,2024-11
A-249769,Cybersecurity,Pro,2024-10-12,,294,,0,19.1,2,11.3,2024-10
A-249769,Cybersecurity,Pro,2024-10-12,,294,too expensive,0,19.1,2,11.3,2024-10
A-249769,Cybersecurity,Basic,2024-07-18,,95,,0,21.9,2,8.4,2024-07
A-249769,Cybersecurity,Basic,2024-07-18,,95,too expensive,0,21.9,2,8.4,2024-07
A-249769,Cybersecurity,Pro,2024-06-10,,539,,0,23.2,2,8.3,2024-06
A-249769,Cybersecurity,Pro,2024-06-10,,539,too expensive,0,23.2,2,8.3,2024-06
A-249769,Cybersecurity,Basic,2024-06-08,,285,,0,23.2,2,10.9,2024-06
A-249769,Cybersecurity,Basic,2024-06-08,,285,too expensive,0,23.2,2,10.9,2024-06
A-249769,Cybersecurity,Basic,2024-09-24,,399,,0,19.7,2,10.4,2024-09
A-249769,Cybersecurity,Basic,2024-09-24,,399,too expensive,0,19.7,2,10.4,2024-09
A-249769,Cybersecurity,Pro,2024-10-18,,392,,0,18.9,2,7.5,2024-10
A-249769,Cybersecurity,Pro,2024-10-18,,392,too expensive,0,18.9,2,7.5,2024-10
A-e43bf7,Cybersecurity,Enterprise,2023-05-21,,8756,missing features,0,35.8,5,8.8,2023-05
A-e43bf7,Cybersecurity,Pro,2024-06-02,,2156,missing features,0,23.4,5,8.4,2024-06
A-e43bf7,Cybersecurity,Enterprise,2023-07-05,,13930,missing features,0,34.4,5,8.2,2023-07
A-e43bf7,Cybersecurity,Enterprise,2024-07-28,,8756,missing features,0,21.6,5,13.3,2024-07
A-e43bf7,Cybersecurity,Pro,2024-02-26,,2156,missing features,0,26.6,5,8.0,2024-02
A-e43bf7,Cybersecurity,Enterprise,2024-12-29,,8756,missing features,0,16.5,5,6.8,2024-12
A-e43bf7,Cybersecurity,Pro,2024-01-24,,2156,missing features,0,27.7,5,12.7,2024-01
A-eb2fdc,DevTools,Pro,2024-11-02,,1519,missing features,0,18.4,5,10.5,2024-11
A-eb2fdc,DevTools,Enterprise,2024-05-22,,9353,missing features,0,23.8,5,10.5,2024-05
A-eb2fdc,DevTools,Basic,2024-06-13,,589,missing features,0,23.1,5,8.0,2024-06
A-eb2fdc,DevTools,Basic,2024-04-06,,589,missing features,0,25.3,5,12.0,2024-04
A-eb2fdc,DevTools,Pro,2024-05-31,2024-09-25,1617,missing features,1,3.8,5,9.8,2024-05
A-eb2fdc,DevTools,Enterprise,2024-11-07,,6169,missing features,0,18.2,5,8.5,2024-11
A-eb2fdc,DevTools,Pro,2024-02-24,,1519,missing features,0,26.7,5,8.3,2024-02
A-eb2fdc,DevTools,Pro,2024-11-14,,1519,missing features,0,18.0,5,9.5,2024-11
A-eb2fdc,DevTools,Basic,2024-12-19,,589,missing features,0,16.9,5,10.4,2024-12
A-eb2fdc,DevTools,Basic,2024-05-15,,817,missing features,0,24.0,5,10.7,2024-05
A-eb2fdc,DevTools,Enterprise,2024-07-07,,6169,missing features,0,22.3,5,14.5,2024-07
A-eb2fdc,DevTools,Pro,2024-05-25,,1519,missing features,0,23.7,5,11.4,2024-05
A-e1462e,FinTech,Pro,2023-07-27,,735,switched to competitor,0,33.6,2,8.8,2023-07
A-e1462e,FinTech,Pro,2023-07-27,,735,too expensive,0,33.6,2,8.8,2023-07
A-e1462e,FinTech,Basic,2023-07-23,,0,switched to competitor,0,33.8,2,9.8,2023-07
A-e1462e,FinTech,Basic,2023-07-23,,0,too expensive,0,33.8,2,9.8,2023-07
A-e1462e,FinTech,Enterprise,2023-04-03,,2985,switched to competitor,0,37.4,2,6.5,2023-04
A-e1462e,FinTech,Enterprise,2023-04-03,,2985,too expensive,0,37.4,2,6.5,2023-04
A-e1462e,FinTech,Basic,2024-11-20,,285,switched to competitor,0,17.8,2,11.3,2024-11
A-e1462e,FinTech,Basic,2024-11-20,,285,too expensive,0,17.8,2,11.3,2024-11
A-e1462e,FinTech,Enterprise,2023-12-01,,5771,switched to competitor,0,29.5,2,11.0,2023-12
A-e1462e,FinTech,Enterprise,2023-12-01,,5771,too expensive,0,29.5,2,11.0,2023-12
A-e1462e,FinTech,Enterprise,2024-10-06,,0,switched to competitor,0,19.3,2,9.2,2024-10
A-e1462e,FinTech,Enterprise,2024-10-06,,0,too expensive,0,19.3,2,9.2,2024-10
A-e1462e,FinTech,Pro,2024-07-07,,2254,switched to competitor,0,22.3,2,12.3,2024-07
A-e1462e,FinTech,Pro,2024-07-07,,2254,too expensive,0,22.3,2,12.3,2024-07
A-cab532,DevTools,Enterprise,2024-10-14,,2189,too expensive,0,19.0,1,12.0,2024-10
A-cab532,DevTools,Pro,2024-03-25,,539,too expensive,0,25.7,1,9.4,2024-03
A-cab532,DevTools,Basic,2024-05-21,,0,too expensive,0,23.8,1,10.2,2024-05
A-cab532,DevTools,Basic,2024-11-22,,912,too expensive,0,17.7,1,9.1,2024-11
A-cab532,DevTools,Pro,2024-07-23,,1127,too expensive,0,21.7,1,10.0,2024-07
A-cab532,DevTools,Pro,2024-05-12,,539,too expensive,0,24.1,1,9.4,2024-05
A-cab532,DevTools,Pro,2024-11-22,,1029,too expensive,0,17.7,1,9.2,2024-11
A-cab532,DevTools,Pro,2024-12-16,,1715,too expensive,0,17.0,1,9.8,2024-12
A-cab532,DevTools,Enterprise,2023-07-24,,2189,too expensive,0,33.7,1,8.3,2023-07
A-cab532,DevTools,Enterprise,2023-04-21,,2189,too expensive,0,36.8,1,11.8,2023-04
A-cab532,DevTools,Enterprise,2024-02-16,,0,too expensive,0,26.9,1,12.9,2024-02
A-cab532,DevTools,Pro,2023-11-03,2024-12-14,1519,too expensive,1,13.4,1,11.0,2023-11
A-cab532,DevTools,Pro,2024-07-07,,539,too expensive,0,22.3,1,8.5,2024-07
A-cab532,DevTools,Basic,2024-05-01,,627,too expensive,0,24.5,1,9.3,2024-05
A-cab532,DevTools,Enterprise,2023-05-27,,4975,too expensive,0,35.6,1,6.3,2023-05
A-9123ac,Cybersecurity,Basic,2024-05-27,,209,missing features,0,23.6,6,10.8,2024-05
A-9123ac,Cybersecurity,Basic,2024-05-27,,209,too expensive,0,23.6,6,10.8,2024-05
A-9123ac,Cybersecurity,Enterprise,2023-12-23,,8358,missing features,0,28.7,6,10.6,2023-12
A-9123ac,Cybersecurity,Enterprise,2023-12-23,,8358,too expensive,0,28.7,6,10.6,2023-12
A-9123ac,Cybersecurity,Basic,2023-10-25,,171,missing features,0,30.7,6,9.4,2023-10
A-9123ac,Cybersecurity,Basic,2023-10-25,,171,too expensive,0,30.7,6,9.4,2023-10
A-9123ac,Cybersecurity,Pro,2024-06-07,,441,missing features,0,23.3,6,10.4,2024-06
A-9123ac,Cybersecurity,Pro,2024-06-07,,441,too expensive,0,23.3,6,10.4,2024-06
A-9123ac,Cybersecurity,Enterprise,2024-05-10,,0,missing features,0,24.2,6,11.5,2024-05
A-9123ac,Cybersecurity,Enterprise,2024-05-10,,0,too expensive,0,24.2,6,11.5,2024-05
A-9123ac,Cybersecurity,Enterprise,2024-10-21,,3582,missing features,0,18.8,6,12.3,2024-10
A-9123ac,Cybersecurity,Enterprise,2024-10-21,,3582,too expensive,0,18.8,6,12.3,2024-10
A-9123ac,Cybersecurity,Enterprise,2024-10-19,,1990,missing features,0,18.9,6,9.5,2024-10
A-9123ac,Cybersecurity,Enterprise,2024-10-19,,1990,too expensive,0,18.9,6,9.5,2024-10
A-6e08f3,Cybersecurity,Pro,2024-07-20,,392,,0,21.8,2,10.0,2024-07
A-6e08f3,Cybersecurity,Basic,2024-12-27,,247,,0,16.6,2,12.0,2024-12
A-6e08f3,Cybersecurity,Enterprise,2024-12-24,,5572,,0,16.7,2,9.0,2024-12
A-6e08f3,Cybersecurity,Enterprise,2024-05-09,,3980,,0,24.2,2,9.2,2024-05
A-6e08f3,Cybersecurity,Pro,2024-08-11,,882,,0,21.1,2,9.8,2024-08
A-6e08f3,Cybersecurity,Basic,2024-07-14,,152,,0,22.0,2,12.5,2024-07
A-6e08f3,Cybersecurity,Enterprise,2024-02-22,,2189,,0,26.7,2,9.4,2024-02
A-6e08f3,Cybersecurity,Pro,2024-02-29,,0,,0,26.5,2,10.0,2024-02
A-6e08f3,Cybersecurity,Enterprise,2024-02-16,,4776,,0,26.9,2,9.7,2024-02
A-6e08f3,Cybersecurity,Enterprise,2023-07-25,,0,,0,33.7,2,9.4,2023-07
A-d922bf,HealthTech,Basic,2024-02-16,,0,too expensive,0,26.9,7,12.3,2024-02
A-d922bf,HealthTech,Enterprise,2024-09-01,2024-10-21,2985,too expensive,1,1.6,7,9.5,2024-09
A-d922bf,HealthTech,Enterprise,2024-12-10,,1791,too expensive,0,17.2,7,10.4,2024-12
A-d922bf,HealthTech,Enterprise,2024-08-12,,0,too expensive,0,21.1,7,8.7,2024-08
A-d922bf,HealthTech,Enterprise,2023-10-29,,5970,too expensive,0,30.6,7,11.0,2023-10
A-d922bf,HealthTech,Enterprise,2024-08-11,,0,too expensive,0,21.1,7,10.4,2024-08
A-d922bf,HealthTech,Enterprise,2023-11-21,,6368,too expensive,0,29.8,7,9.5,2023-11
A-8ed5dd,EdTech,Pro,2024-11-01,,245,,0,18.4,6,9.3,2024-11
A-8ed5dd,EdTech,Pro,2024-11-01,,245,switched to competitor,0,18.4,6,9.3,2024-11
A-8ed5dd,EdTech,Basic,2024-09-07,,437,,0,20.2,6,8.8,2024-09
A-8ed5dd,EdTech,Basic,2024-09-07,,437,switched to competitor,0,20.2,6,8.8,2024-09
A-8ed5dd,EdTech,Pro,2023-12-09,,2254,,0,29.2,6,9.5,2023-12
A-8ed5dd,EdTech,Pro,2023-12-09,,2254,switched to competitor,0,29.2,6,9.5,2023-12
A-8ed5dd,EdTech,Pro,2023-11-13,,245,,0,30.1,6,11.3,2023-11
A-8ed5dd,EdTech,Pro,2023-11-13,,245,switched to competitor,0,30.1,6,11.3,2023-11
A-8ed5dd,EdTech,Basic,2024-11-27,,285,,0,17.6,6,0.0,2024-11
A-8ed5dd,EdTech,Basic,2024-11-27,,285,switched to competitor,0,17.6,6,0.0,2024-11
A-8ed5dd,EdTech,Basic,2024-08-21,,95,,0,20.8,6,7.0,2024-08
A-8ed5dd,EdTech,Basic,2024-08-21,,95,switched to competitor,0,20.8,6,7.0,2024-08
A-8ed5dd,EdTech,Enterprise,2024-02-18,,5970,,0,26.9,6,13.0,2024-02
A-8ed5dd,EdTech,Enterprise,2024-02-18,,5970,switched to competitor,0,26.9,6,13.0,2024-02
A-8ed5dd,EdTech,Pro,2023-08-08,,245,,0,33.2,6,10.3,2023-08
A-8ed5dd,EdTech,Pro,2023-08-08,,245,switched to competitor,0,33.2,6,10.3,2023-08
A-8ed5dd,EdTech,Basic,2024-03-27,2024-10-08,95,,1,6.4,6,10.8,2024-03
A-8ed5dd,EdTech,Basic,2024-03-27,2024-10-08,95,switched to competitor,1,6.4,6,10.8,2024-03
A-8ed5dd,EdTech,Basic,2023-11-09,,95,,0,30.2,6,9.6,2023-11
A-8ed5dd,EdTech,Basic,2023-11-09,,95,switched to competitor,0,30.2,6,9.6,2023-11
A-8ed5dd,EdTech,Enterprise,2024-01-31,,995,,0,27.5,6,10.2,2024-01
A-8ed5dd,EdTech,Enterprise,2024-01-31,,995,switched to competitor,0,27.5,6,10.2,2024-01
A-8ed5dd,EdTech,Enterprise,2024-04-25,,995,,0,24.7,6,9.9,2024-04
A-8ed5dd,EdTech,Enterprise,2024-04-25,,995,switched to competitor,0,24.7,6,9.9,2024-04
A-7c6b6b,FinTech,Pro,2024-12-28,,1127,too expensive,0,16.6,5,7.8,2024-12
A-7c6b6b,FinTech,Pro,2024-12-25,,1372,too expensive,0,16.7,5,10.3,2024-12
A-7c6b6b,FinTech,Basic,2024-12-14,,114,too expensive,0,17.0,5,8.8,2024-12
A-7c6b6b,FinTech,Pro,2024-12-06,2024-12-26,1274,too expensive,1,0.7,5,7.8,2024-12
A-7c6b6b,FinTech,Pro,2024-12-16,2024-12-23,294,too expensive,1,0.2,5,8.3,2024-12
A-7c6b6b,FinTech,Pro,2024-12-10,,343,too expensive,0,17.2,5,10.0,2024-12
A-7c6b6b,FinTech,Pro,2024-12-21,,294,too expensive,0,16.8,5,8.3,2024-12
A-3c1a3f,DevTools,Enterprise,2024-09-30,,597,,0,19.5,4,10.7,2024-09
A-3c1a3f,DevTools,Pro,2024-10-07,,4018,,0,19.3,4,11.0,2024-10
A-3c1a3f,DevTools,Enterprise,2024-04-28,,398,,0,24.6,4,9.3,2024-04
A-3c1a3f,DevTools,Enterprise,2024-10-13,,199,,0,19.1,4,9.2,2024-10
A-3c1a3f,DevTools,Pro,2024-05-06,2024-11-25,931,,1,6.7,4,8.0,2024-05
A-3c1a3f,DevTools,Pro,2023-12-29,,0,,0,28.6,4,8.0,2023-12
A-3c1a3f,DevTools,Basic,2024-10-26,,133,,0,18.6,4,9.0,2024-10
A-3c1a3f,DevTools,Enterprise,2023-12-23,2024-04-12,2786,,1,3.6,4,10.5,2023-12
A-3c1a3f,DevTools,Basic,2023-08-31,,0,,0,32.5,4,8.2,2023-08
A-3c1a3f,DevTools,Basic,2023-12-18,,0,,0,28.9,4,12.8,2023-12
A-3c1a3f,DevTools,Basic,2024-03-25,,76,,0,25.7,4,10.4,2024-03
A-3c1a3f,DevTools,Enterprise,2023-12-28,,5771,,0,28.6,4,10.0,2023-12
A-b48f73,EdTech,Pro,2024-12-27,,3920,,0,16.6,3,8.6,2024-12
A-b48f73,EdTech,Enterprise,2024-12-13,,15920,,0,17.1,3,8.7,2024-12
A-b48f73,EdTech,Basic,2024-12-26,,1520,,0,16.6,3,10.5,2024-12
A-b48f73,EdTech,Basic,2024-11-15,,1520,,0,18.0,3,9.2,2024-11
A-b48f73,EdTech,Pro,2024-11-24,,3920,,0,17.7,3,9.4,2024-11
A-b48f73,EdTech,Basic,2024-11-23,,1520,,0,17.7,3,10.0,2024-11
A-b48f73,EdTech,Enterprise,2024-12-06,,0,,0,17.3,3,9.7,2024-12
A-76fa4d,HealthTech,Pro,2024-12-08,2024-12-28,0,too expensive,1,0.7,5,11.7,2024-12
A-76fa4d,HealthTech,Pro,2024-12-08,2024-12-28,0,too expensive,1,0.7,5,11.7,2024-12
A-76fa4d,HealthTech,Enterprise,2024-11-26,,13731,too expensive,0,17.6,5,12.3,2024-11
A-76fa4d,HealthTech,Enterprise,2024-11-26,,13731,too expensive,0,17.6,5,12.3,2024-11
A-76fa4d,HealthTech,Enterprise,2024-11-27,,13731,too expensive,0,17.6,5,9.0,2024-11
A-76fa4d,HealthTech,Enterprise,2024-11-27,,13731,too expensive,0,17.6,5,9.0,2024-11
A-76fa4d,HealthTech,Pro,2024-12-24,,3381,too expensive,0,16.7,5,7.7,2024-12
A-76fa4d,HealthTech,Pro,2024-12-24,,3381,too expensive,0,16.7,5,7.7,2024-12
A-76fa4d,HealthTech,Enterprise,2024-12-03,2024-12-31,13731,too expensive,1,0.9,5,13.0,2024-12
A-76fa4d,HealthTech,Enterprise,2024-12-03,2024-12-31,13731,too expensive,1,0.9,5,13.0,2024-12
A-76fa4d,HealthTech,Enterprise,2024-12-05,,13731,too expensive,0,17.3,5,9.2,2024-12
A-76fa4d,HealthTech,Enterprise,2024-12-05,,13731,too expensive,0,17.3,5,9.2,2024-12
A-76fa4d,HealthTech,Pro,2024-11-29,,3381,too expensive,0,17.5,5,8.6,2024-11
A-76fa4d,HealthTech,Pro,2024-11-29,,3381,too expensive,0,17.5,5,8.6,2024-11
A-b2af2e,Cybersecurity,Basic,2024-12-31,,1026,,0,16.5,2,11.0,2024-12
A-b2af2e,Cybersecurity,Enterprise,2024-10-14,,995,,0,19.0,2,10.3,2024-10
A-b2af2e,Cybersecurity,Pro,2024-08-27,,882,,0,20.6,2,8.9,2024-08
A-b2af2e,Cybersecurity,Basic,2024-08-26,,209,,0,20.6,2,8.5,2024-08
A-9bfc9f,DevTools,Pro,2024-07-11,,2597,,0,22.1,6,12.8,2024-07
A-9bfc9f,DevTools,Pro,2024-04-25,,0,,0,24.7,6,6.8,2024-04
A-9bfc9f,DevTools,Pro,2024-07-30,,2940,,0,21.5,6,10.3,2024-07
A-9bfc9f,DevTools,Pro,2023-09-19,2024-01-04,2597,,1,3.5,6,7.5,2023-09
A-9bfc9f,DevTools,Pro,2024-03-23,,2597,,0,25.8,6,12.7,2024-03
A-9bfc9f,DevTools,Pro,2024-03-15,,2597,,0,26.0,6,10.0,2024-03
A-9bfc9f,DevTools,Pro,2023-10-16,,0,,0,31.0,6,11.5,2023-10
A-9bfc9f,DevTools,Basic,2024-01-01,,1007,,0,28.5,6,11.0,2024-01
A-9bfc9f,DevTools,Basic,2024-03-14,,1007,,0,26.1,6,9.8,2024-03
A-4ae22a,EdTech,Pro,2024-08-20,,294,,0,20.8,3,10.7,2024-08
A-4ae22a,EdTech,Basic,2024-11-26,,114,,0,17.6,3,8.7,2024-11
A-4ae22a,EdTech,Basic,2024-12-23,,532,,0,16.7,3,9.5,2024-12
A-4ae22a,EdTech,Basic,2024-09-24,,532,,0,19.7,3,8.3,2024-09
A-4ae22a,EdTech,Enterprise,2024-07-24,,1194,,0,21.7,3,12.6,2024-07
A-4ae22a,EdTech,Enterprise,2024-05-28,2024-10-14,5572,,1,4.6,3,10.0,2024-05
A-4ae22a,EdTech,Enterprise,2024-10-17,,1194,,0,18.9,3,11.3,2024-10
A-fda07f,Cybersecurity,Pro,2024-09-14,,1666,missing features,0,20.0,5,9.7,2024-09
A-fda07f,Cybersecurity,Pro,2024-10-28,,0,missing features,0,18.6,5,9.8,2024-10
A-fda07f,Cybersecurity,Basic,2024-10-04,,152,missing features,0,19.4,5,11.0,2024-10
A-fda07f,Cybersecurity,Basic,2024-09-22,,133,missing features,0,19.7,5,11.0,2024-09
A-fda07f,Cybersecurity,Enterprise,2024-11-10,,13731,missing features,0,18.1,5,10.7,2024-11
A-fda07f,Cybersecurity,Enterprise,2024-10-01,,5373,missing features,0,19.5,5,10.5,2024-10
A-fda07f,Cybersecurity,Basic,2024-12-30,,266,missing features,0,16.5,5,11.1,2024-12
A-fda07f,Cybersecurity,Enterprise,2024-09-12,,3184,missing features,0,20.1,5,11.0,2024-09
A-fda07f,Cybersecurity,Enterprise,2024-10-10,,0,missing features,0,19.2,5,9.6,2024-10
A-fda07f,Cybersecurity,Pro,2024-11-28,,343,missing features,0,17.5,5,10.6,2024-11
A-fda07f,Cybersecurity,Enterprise,2024-08-24,,2786,missing features,0,20.7,5,10.5,2024-08
A-fda07f,Cybersecurity,Pro,2024-12-01,,784,missing features,0,17.4,5,10.1,2024-12
A-de24d5,DevTools,Basic,2024-11-17,,95,,0,17.9,7,9.7,2024-11
A-de24d5,DevTools,Enterprise,2024-11-19,,1393,,0,17.8,7,10.6,2024-11
A-de24d5,DevTools,Enterprise,2024-12-15,,2587,,0,17.0,7,10.4,2024-12
A-de24d5,DevTools,Enterprise,2024-12-19,,0,,0,16.9,7,9.0,2024-12
A-de24d5,DevTools,Pro,2024-11-06,,980,,0,18.3,7,9.8,2024-11
A-de24d5,DevTools,Basic,2024-12-26,,190,,0,16.6,7,12.5,2024-12
A-de24d5,DevTools,Pro,2024-12-09,2024-12-21,3773,,1,0.4,7,10.4,2024-12
A-de24d5,DevTools,Pro,2024-12-14,,0,,0,17.0,7,9.6,2024-12
A-de24d5,DevTools,Enterprise,2024-12-06,,995,,0,17.3,7,9.7,2024-12
A-de24d5,DevTools,Enterprise,2024-11-15,,3383,,0,18.0,7,11.0,2024-11
A-de24d5,DevTools,Pro,2024-12-28,,245,,0,16.6,7,8.3,2024-12
A-de24d5,DevTools,Enterprise,2024-11-18,,7363,,0,17.9,7,10.2,2024-11
A-de24d5,DevTools,Basic,2024-12-06,,323,,0,17.3,7,12.0,2024-12
A-977ca0,HealthTech,Enterprise,2024-04-08,,0,,0,25.2,3,9.2,2024-04
A-977ca0,HealthTech,Basic,2023-10-15,,209,,0,31.0,3,12.1,2023-10
A-977ca0,HealthTech,Pro,2024-08-02,,1715,,0,21.4,3,10.7,2024-08
A-977ca0,HealthTech,Basic,2024-07-03,,380,,0,22.4,3,9.9,2024-07
A-977ca0,HealthTech,Pro,2023-04-19,,833,,0,36.9,3,8.7,2023-04
A-977ca0,HealthTech,Basic,2023-03-20,,494,,0,37.9,3,12.2,2023-03
A-977ca0,HealthTech,Basic,2024-01-07,2024-06-06,114,,1,5.0,3,12.0,2024-01
A-977ca0,HealthTech,Basic,2024-02-02,,0,,0,27.4,3,12.0,2024-02
A-977ca0,HealthTech,Pro,2024-07-25,,1519,,0,21.7,3,8.3,2024-07
A-977ca0,HealthTech,Pro,2024-04-14,,0,,0,25.0,3,10.6,2024-04
A-977ca0,HealthTech,Pro,2024-11-24,2024-11-24,686,,1,0.0,3,7.2,2024-11
A-977ca0,HealthTech,Pro,2023-04-04,,4508,,0,37.4,3,12.3,2023-04
A-977ca0,HealthTech,Enterprise,2023-08-18,,18109,,0,32.9,3,12.0,2023-08
A-977ca0,HealthTech,Enterprise,2023-02-20,,1194,,0,38.8,3,10.5,2023-02
A-977ca0,HealthTech,Pro,2024-03-19,,294,,0,25.9,3,10.3,2024-03
A-977ca0,HealthTech,Pro,2023-06-10,,0,,0,35.2,3,13.2,2023-06
A-ab438f,Cybersecurity,Enterprise,2024-12-05,,2587,,0,17.3,2,10.0,2024-12
A-ab438f,Cybersecurity,Pro,2024-12-11,2024-12-15,637,,1,0.1,2,9.6,2024-12
A-ab438f,Cybersecurity,Enterprise,2024-11-28,,2587,,0,17.5,2,9.8,2024-11
A-ab438f,Cybersecurity,Enterprise,2024-10-23,,5970,,0,18.7,2,10.7,2024-10
A-ab438f,Cybersecurity,Enterprise,2024-11-26,2024-12-31,4577,,1,1.1,2,12.5,2024-11
A-ab438f,Cybersecurity,Basic,2024-10-18,,0,,0,18.9,2,8.6,2024-10
A-ab438f,Cybersecurity,Pro,2024-12-27,,0,,0,16.6,2,12.3,2024-12
A-ab438f,Cybersecurity,Pro,2024-10-20,2024-12-18,0,,1,1.9,2,10.5,2024-10
A-e89151,FinTech,Enterprise,2024-04-01,,1990,,0,25.5,2,9.6,2024-04
A-e89151,FinTech,Basic,2024-05-23,,152,,0,23.8,2,12.5,2024-05
A-e89151,FinTech,Pro,2024-04-20,,1176,,0,24.8,2,10.3,2024-04
A-e89151,FinTech,Pro,2024-11-14,,1519,,0,18.0,2,11.0,2024-11
A-e89151,FinTech,Enterprise,2024-12-17,,8756,,0,16.9,2,10.2,2024-12
A-e89151,FinTech,Enterprise,2024-03-28,,4577,,0,25.6,2,8.0,2024-03
A-e89151,FinTech,Enterprise,2023-11-14,,1592,,0,30.0,2,10.2,2023-11
A-e89151,FinTech,Enterprise,2024-02-16,2024-04-23,1592,,1,2.2,2,7.8,2024-02
A-e89151,FinTech,Basic,2024-04-15,2024-10-07,380,,1,5.7,2,11.1,2024-04
A-40906c,EdTech,Enterprise,2024-11-18,,18308,,0,17.9,5,10.0,2024-11
A-40906c,EdTech,Basic,2024-10-14,,1748,,0,19.0,5,11.0,2024-10
A-40906c,EdTech,Basic,2024-05-28,,0,,0,23.6,5,8.8,2024-05
A-40906c,EdTech,Pro,2024-06-06,,4508,,0,23.3,5,11.7,2024-06
A-40906c,EdTech,Pro,2024-12-01,,4508,,0,17.4,5,10.6,2024-12
A-40906c,EdTech,Basic,2024-09-11,,1748,,0,20.1,5,9.8,2024-09
A-40906c,EdTech,Enterprise,2024-06-19,,18308,,0,22.9,5,9.5,2024-06
A-40906c,EdTech,Basic,2024-06-19,,1748,,0,22.9,5,12.3,2024-06
A-40906c,EdTech,Pro,2024-11-06,,4508,,0,18.3,5,11.6,2024-11
A-40906c,EdTech,Pro,2024-09-28,,4508,,0,19.5,5,11.5,2024-09
A-40906c,EdTech,Pro,2024-11-13,,4508,,0,18.0,5,10.7,2024-11
A-40906c,EdTech,Enterprise,2024-06-21,,0,,0,22.8,5,12.7,2024-06
A-81edc3,Cybersecurity,Pro,2024-07-12,,245,missing features,0,22.1,3,7.6,2024-07
A-81edc3,Cybersecurity,Pro,2024-07-12,,245,too expensive,0,22.1,3,7.6,2024-07
A-81edc3,Cybersecurity,Pro,2024-07-12,,245,too expensive,0,22.1,3,7.6,2024-07
A-81edc3,Cybersecurity,Enterprise,2024-02-09,,0,missing features,0,27.2,3,13.0,2024-02
A-81edc3,Cybersecurity,Enterprise,2024-02-09,,0,too expensive,0,27.2,3,13.0,2024-02
A-81edc3,Cybersecurity,Enterprise,2024-02-09,,0,too expensive,0,27.2,3,13.0,2024-02
A-81edc3,Cybersecurity,Enterprise,2023-11-13,,995,missing features,0,30.1,3,9.7,2023-11
A-81edc3,Cybersecurity,Enterprise,2023-11-13,,995,too expensive,0,30.1,3,9.7,2023-11
A-81edc3,Cybersecurity,Enterprise,2023-11-13,,995,too expensive,0,30.1,3,9.7,2023-11
A-81edc3,Cybersecurity,Enterprise,2024-01-14,,995,missing features,0,28.0,3,8.8,2024-01
A-81edc3,Cybersecurity,Enterprise,2024-01-14,,995,too expensive,0,28.0,3,8.8,2024-01
A-81edc3,Cybersecurity,Enterprise,2024-01-14,,995,too expensive,0,28.0,3,8.8,2024-01
A-81edc3,Cybersecurity,Pro,2023-11-07,,588,missing features,0,30.3,3,9.6,2023-11
A-81edc3,Cybersecurity,Pro,2023-11-07,,588,too expensive,0,30.3,3,9.6,2023-11
A-81edc3,Cybersecurity,Pro,2023-11-07,,588,too expensive,0,30.3,3,9.6,2023-11
A-81edc3,Cybersecurity,Enterprise,2024-09-02,,8756,missing features,0,20.4,3,10.2,2024-09
A-81edc3,Cybersecurity,Enterprise,2024-09-02,,8756,too expensive,0,20.4,3,10.2,2024-09
A-81edc3,Cybersecurity,Enterprise,2024-09-02,,8756,too expensive,0,20.4,3,10.2,2024-09
A-81edc3,Cybersecurity,Enterprise,2024-12-16,,995,missing features,0,17.0,3,9.9,2024-12
A-81edc3,Cybersecurity,Enterprise,2024-12-16,,995,too expensive,0,17.0,3,9.9,2024-12
A-81edc3,Cybersecurity,Enterprise,2024-12-16,,995,too expensive,0,17.0,3,9.9,2024-12
A-81edc3,Cybersecurity,Enterprise,2024-11-28,,995,missing features,0,17.5,3,10.3,2024-11
A-81edc3,Cybersecurity,Enterprise,2024-11-28,,995,too expensive,0,17.5,3,10.3,2024-11
A-81edc3,Cybersecurity,Enterprise,2024-11-28,,995,too expensive,0,17.5,3,10.3,2024-11
A-81edc3,Cybersecurity,Basic,2024-11-02,,608,missing features,0,18.4,3,14.2,2024-11
A-81edc3,Cybersecurity,Basic,2024-11-02,,608,too expensive,0,18.4,3,14.2,2024-11
A-81edc3,Cybersecurity,Basic,2024-11-02,,608,too expensive,0,18.4,3,14.2,2024-11
A-81edc3,Cybersecurity,Pro,2024-06-08,,2009,missing features,0,23.2,3,10.0,2024-06
A-81edc3,Cybersecurity,Pro,2024-06-08,,2009,too expensive,0,23.2,3,10.0,2024-06
A-81edc3,Cybersecurity,Pro,2024-06-08,,2009,too expensive,0,23.2,3,10.0,2024-06
A-81edc3,Cybersecurity,Basic,2024-06-08,,456,missing features,0,23.2,3,12.2,2024-06
A-81edc3,Cybersecurity,Basic,2024-06-08,,456,too expensive,0,23.2,3,12.2,2024-06
A-81edc3,Cybersecurity,Basic,2024-06-08,,456,too expensive,0,23.2,3,12.2,2024-06
A-81edc3,Cybersecurity,Pro,2024-01-25,,882,missing features,0,27.7,3,11.5,2024-01
A-81edc3,Cybersecurity,Pro,2024-01-25,,882,too expensive,0,27.7,3,11.5,2024-01
A-81edc3,Cybersecurity,Pro,2024-01-25,,882,too expensive,0,27.7,3,11.5,2024-01
A-328bd0,HealthTech,Enterprise,2023-08-24,,3582,,0,32.7,5,9.8,2023-08
A-328bd0,HealthTech,Enterprise,2024-07-14,,3582,,0,22.0,5,10.3,2024-07
A-328bd0,HealthTech,Basic,2024-02-28,,342,,0,26.5,5,10.0,2024-02
A-328bd0,HealthTech,Basic,2024-02-11,2024-03-28,342,,1,1.5,5,7.6,2024-02
A-328bd0,HealthTech,Pro,2024-05-22,,1813,,0,23.8,5,11.0,2024-05
A-328bd0,HealthTech,Basic,2023-10-19,,342,,0,30.9,5,8.7,2023-10
A-328bd0,HealthTech,Basic,2024-08-20,,342,,0,20.8,5,6.5,2024-08
A-328bd0,HealthTech,Pro,2023-09-26,,1617,,0,31.6,5,8.5,2023-09
A-328bd0,HealthTech,Pro,2024-04-29,,882,,0,24.5,5,8.4,2024-04
A-328bd0,HealthTech,Pro,2024-12-18,,882,,0,16.9,5,12.3,2024-12
A-328bd0,HealthTech,Pro,2023-12-15,2024-01-11,1911,,1,0.9,5,8.8,2023-12
A-328bd0,HealthTech,Basic,2023-08-10,,0,,0,33.2,5,8.8,2023-08
A-328bd0,HealthTech,Basic,2023-10-11,,342,,0,31.1,5,9.1,2023-10
A-b3fe05,Cybersecurity,Basic,2024-10-07,,1045,,0,19.3,4,11.4,2024-10
A-b3fe05,Cybersecurity,Basic,2024-11-11,,285,,0,18.1,4,9.4,2024-11
A-b3fe05,Cybersecurity,Pro,2024-10-20,2024-11-18,392,,1,1.0,4,10.5,2024-10
A-b3fe05,Cybersecurity,Enterprise,2024-08-04,,9950,,0,21.4,4,11.0,2024-08
A-b3fe05,Cybersecurity,Pro,2024-06-06,,0,,0,23.3,4,9.4,2024-06
A-b3fe05,Cybersecurity,Basic,2024-11-04,,285,,0,18.3,4,16.0,2024-11
A-b3fe05,Cybersecurity,Enterprise,2024-10-31,,9154,,0,18.5,4,11.0,2024-10
A-b3fe05,Cybersecurity,Basic,2024-12-20,,0,,0,16.8,4,8.0,2024-12
A-b3fe05,Cybersecurity,Enterprise,2024-09-03,,3383,,0,20.4,4,10.0,2024-09
A-09540c,Cybersecurity,Enterprise,2024-05-28,,13333,,0,23.6,2,9.7,2024-05
A-09540c,Cybersecurity,Basic,2024-08-04,,1273,,0,21.4,2,11.6,2024-08
A-09540c,Cybersecurity,Basic,2024-08-03,2024-11-29,1273,,1,3.9,2,9.2,2024-08
A-09540c,Cybersecurity,Pro,2024-12-22,,3283,,0,16.8,2,14.5,2024-12
A-09540c,Cybersecurity,Basic,2024-04-11,,1273,,0,25.1,2,10.3,2024-04
A-09540c,Cybersecurity,Pro,2024-11-14,,3283,,0,18.0,2,11.0,2024-11
A-e693b6,FinTech,Basic,2024-05-04,,1045,missing features,0,24.4,1,11.0,2024-05
A-e693b6,FinTech,Pro,2024-05-11,,2695,missing features,0,24.1,1,12.3,2024-05
A-e693b6,FinTech,Enterprise,2024-11-19,,10945,missing features,0,17.8,1,11.8,2024-11
A-e693b6,FinTech,Basic,2023-08-01,,1045,missing features,0,33.5,1,11.3,2023-08
A-e693b6,FinTech,Enterprise,2024-07-19,,0,missing features,0,21.9,1,11.2,2024-07
A-e693b6,FinTech,Basic,2024-09-01,2024-09-06,1045,missing features,1,0.2,1,11.9,2024-09
A-e693b6,FinTech,Pro,2023-10-08,,2695,missing features,0,31.2,1,9.8,2023-10
A-e693b6,FinTech,Enterprise,2024-03-21,,0,missing features,0,25.8,1,11.9,2024-03
A-e693b6,FinTech,Pro,2023-09-23,2023-10-15,2695,missing features,1,0.7,1,9.3,2023-09
A-e693b6,FinTech,Enterprise,2024-03-14,,10945,missing features,0,26.1,1,12.2,2024-03
A-e693b6,FinTech,Basic,2024-09-26,,1045,missing features,0,19.6,1,11.2,2024-09
A-e693b6,FinTech,Enterprise,2024-08-31,,0,missing features,0,20.5,1,8.5,2024-08
A-2446e3,EdTech,Enterprise,2024-09-16,,5373,,0,19.9,3,10.9,2024-09
A-2446e3,EdTech,Enterprise,2024-09-16,,5373,missing features,0,19.9,3,10.9,2024-09
A-2446e3,EdTech,Enterprise,2024-04-18,,5373,,0,24.9,3,9.9,2024-04
A-2446e3,EdTech,Enterprise,2024-04-18,,5373,missing features,0,24.9,3,9.9,2024-04
A-2446e3,EdTech,Pro,2024-01-21,,1323,,0,27.8,3,10.2,2024-01
A-2446e3,EdTech,Pro,2024-01-21,,1323,missing features,0,27.8,3,10.2,2024-01
A-2446e3,EdTech,Pro,2024-07-14,,1323,,0,22.0,3,11.2,2024-07
A-2446e3,EdTech,Pro,2024-07-14,,1323,missing features,0,22.0,3,11.2,2024-07
A-2446e3,EdTech,Enterprise,2024-10-06,,5373,,0,19.3,3,10.0,2024-10
A-2446e3,EdTech,Enterprise,2024-10-06,,5373,missing features,0,19.3,3,10.0,2024-10
A-2446e3,EdTech,Basic,2024-09-02,,0,,0,20.4,3,11.7,2024-09
A-2446e3,EdTech,Basic,2024-09-02,,0,missing features,0,20.4,3,11.7,2024-09
A-2446e3,EdTech,Enterprise,2024-12-09,,5373,,0,17.2,3,8.9,2024-12
A-2446e3,EdTech,Enterprise,2024-12-09,,5373,missing features,0,17.2,3,8.9,2024-12
A-241e75,EdTech,Pro,2024-07-11,,2254,,0,22.1,4,10.0,2024-07
A-241e75,EdTech,Pro,2024-07-11,,2254,switched to competitor,0,22.1,4,10.0,2024-07
A-241e75,EdTech,Pro,2024-09-29,,637,,0,19.5,4,10.8,2024-09
A-241e75,EdTech,Pro,2024-09-29,,637,switched to competitor,0,19.5,4,10.8,2024-09
A-241e75,EdTech,Basic,2024-08-07,,342,,0,21.3,4,9.4,2024-08
A-241e75,EdTech,Basic,2024-08-07,,342,switched to competitor,0,21.3,4,9.4,2024-08
A-241e75,EdTech,Basic,2024-09-08,,266,,0,20.2,4,10.0,2024-09
A-241e75,EdTech,Basic,2024-09-08,,266,switched to competitor,0,20.2,4,10.0,2024-09
A-241e75,EdTech,Basic,2024-10-19,,95,,0,18.9,4,7.9,2024-10
A-241e75,EdTech,Basic,2024-10-19,,95,switched to competitor,0,18.9,4,7.9,2024-10
A-922109,Cybersecurity,Pro,2024-04-06,,147,,0,25.3,3,8.3,2024-04
A-922109,Cybersecurity,Pro,2024-04-06,,147,too expensive,0,25.3,3,8.3,2024-04
A-922109,Cybersecurity,Basic,2024-11-08,,209,,0,18.2,3,10.4,2024-11
A-922109,Cybersecurity,Basic,2024-11-08,,209,too expensive,0,18.2,3,10.4,2024-11
A-922109,Cybersecurity,Pro,2024-07-15,2024-12-27,441,,1,5.4,3,11.3,2024-07
A-922109,Cybersecurity,Pro,2024-07-15,2024-12-27,441,too expensive,1,5.4,3,11.3,2024-07
A-922109,Cybersecurity,Basic,2024-12-01,,0,,0,17.4,3,11.2,2024-12
A-922109,Cybersecurity,Basic,2024-12-01,,0,too expensive,0,17.4,3,11.2,2024-12
A-922109,Cybersecurity,Pro,2024-07-04,,147,,0,22.4,3,11.7,2024-07
A-922109,Cybersecurity,Pro,2024-07-04,,147,too expensive,0,22.4,3,11.7,2024-07
A-922109,Cybersecurity,Basic,2024-04-06,,1368,,0,25.3,3,9.4,2024-04
A-922109,Cybersecurity,Basic,2024-04-06,,1368,too expensive,0,25.3,3,9.4,2024-04
A-922109,Cybersecurity,Enterprise,2024-11-13,,597,,0,18.0,3,10.1,2024-11
A-922109,Cybersecurity,Enterprise,2024-11-13,,597,too expensive,0,18.0,3,10.1,2024-11
A-922109,Cybersecurity,Pro,2024-03-23,,1862,,0,25.8,3,11.1,2024-03
A-922109,Cybersecurity,Pro,2024-03-23,,1862,too expensive,0,25.8,3,11.1,2024-03
A-922109,Cybersecurity,Pro,2024-09-27,,392,,0,19.6,3,6.3,2024-09
A-922109,Cybersecurity,Pro,2024-09-27,,392,too expensive,0,19.6,3,6.3,2024-09
A-922109,Cybersecurity,Enterprise,2024-08-18,,0,,0,20.9,3,12.0,2024-08
A-922109,Cybersecurity,Enterprise,2024-08-18,,0,too expensive,0,20.9,3,12.0,2024-08
A-922109,Cybersecurity,Enterprise,2024-07-17,,8159,,0,21.9,3,8.5,2024-07
A-922109,Cybersecurity,Enterprise,2024-07-17,,8159,too expensive,0,21.9,3,8.5,2024-07
A-922109,Cybersecurity,Enterprise,2024-11-29,,796,,0,17.5,3,10.4,2024-11
A-922109,Cybersecurity,Enterprise,2024-11-29,,796,too expensive,0,17.5,3,10.4,2024-11
A-922109,Cybersecurity,Basic,2024-10-20,,0,,0,18.8,3,10.3,2024-10
A-922109,Cybersecurity,Basic,2024-10-20,,0,too expensive,0,18.8,3,10.3,2024-10
A-ff3c73,HealthTech,Basic,2023-06-26,,399,missing features,0,34.7,2,10.4,2023-06
A-ff3c73,HealthTech,Basic,2023-06-26,,399,missing features,0,34.7,2,10.4,2023-06
A-ff3c73,HealthTech,Basic,2024-09-17,,855,missing features,0,19.9,2,8.3,2024-09
A-ff3c73,HealthTech,Basic,2024-09-17,,855,missing features,0,19.9,2,8.3,2024-09
A-ff3c73,HealthTech,Enterprise,2023-10-14,2023-12-10,0,missing features,1,1.9,2,10.0,2023-10
A-ff3c73,HealthTech,Enterprise,2023-10-14,2023-12-10,0,missing features,1,1.9,2,10.0,2023-10
A-ff3c73,HealthTech,Pro,2023-04-06,,1029,missing features,0,37.3,2,8.3,2023-04
A-ff3c73,HealthTech,Pro,2023-04-06,,1029,missing features,0,37.3,2,8.3,2023-04
A-ff3c73,HealthTech,Basic,2023-07-19,,0,missing features,0,33.9,2,8.5,2023-07
A-ff3c73,HealthTech,Basic,2023-07-19,,0,missing features,0,33.9,2,8.5,2023-07
A-ff3c73,HealthTech,Basic,2024-09-23,,399,missing features,0,19.7,2,11.5,2024-09
A-ff3c73,HealthTech,Basic,2024-09-23,,399,missing features,0,19.7,2,11.5,2024-09
A-ff3c73,HealthTech,Enterprise,2024-06-13,,0,missing features,0,23.1,2,13.4,2024-06
A-ff3c73,HealthTech,Enterprise,2024-06-13,,0,missing features,0,23.1,2,13.4,2024-06
A-ff3c73,HealthTech,Basic,2023-04-08,,1254,missing features,0,37.3,2,9.0,2023-04
A-ff3c73,HealthTech,Basic,2023-04-08,,1254,missing features,0,37.3,2,9.0,2023-04
A-ff3c73,HealthTech,Basic,2024-10-20,,399,missing features,0,18.8,2,9.5,2024-10
A-ff3c73,HealthTech,Basic,2024-10-20,,399,missing features,0,18.8,2,9.5,2024-10
A-8b0451,FinTech,Basic,2024-12-09,,779,too expensive,0,17.2,7,9.3,2024-12
A-8b0451,FinTech,Enterprise,2024-12-21,,8159,too expensive,0,16.8,7,10.4,2024-12
A-8b0451,FinTech,Basic,2024-10-26,,779,too expensive,0,18.6,7,8.0,2024-10
A-8b0451,FinTech,Enterprise,2024-11-18,2024-12-31,8159,too expensive,1,1.4,7,11.5,2024-11
A-8b0451,FinTech,Pro,2024-12-10,,2009,too expensive,0,17.2,7,9.6,2024-12
A-8b0451,FinTech,Pro,2024-10-05,,2107,too expensive,0,19.3,7,10.0,2024-10
A-8b0451,FinTech,Enterprise,2024-12-22,,8159,too expensive,0,16.8,7,13.7,2024-12
A-8b0451,FinTech,Basic,2024-10-05,,0,too expensive,0,19.3,7,9.7,2024-10
A-8b0451,FinTech,Basic,2024-09-21,,779,too expensive,0,19.8,7,11.1,2024-09
A-8b0451,FinTech,Basic,2024-11-10,,779,too expensive,0,18.1,7,10.1,2024-11
A-331424,DevTools,Basic,2024-02-16,2024-08-12,209,switched to competitor,1,5.8,2,10.5,2024-02
A-331424,DevTools,Enterprise,2024-05-01,,2189,switched to competitor,0,24.5,2,8.6,2024-05
A-331424,DevTools,Enterprise,2024-08-28,,2189,switched to competitor,0,20.6,2,10.0,2024-08
A-331424,DevTools,Pro,2024-01-04,,0,switched to competitor,0,28.4,2,12.6,2024-01
A-331424,DevTools,Enterprise,2024-01-24,,2189,switched to competitor,0,27.7,2,11.8,2024-01
A-331424,DevTools,Pro,2024-11-04,,0,switched to competitor,0,18.3,2,10.0,2024-11
A-51ec1b,DevTools,Enterprise,2024-08-05,,3582,too expensive,0,21.3,3,11.5,2024-08
A-51ec1b,DevTools,Enterprise,2024-11-12,,3383,too expensive,0,18.1,3,10.6,2024-11
A-51ec1b,DevTools,Pro,2024-10-20,2024-11-27,1127,too expensive,1,1.2,3,8.3,2024-10
A-51ec1b,DevTools,Enterprise,2024-10-03,2024-11-27,1393,too expensive,1,1.8,3,9.0,2024-10
A-51ec1b,DevTools,Basic,2024-02-10,,209,too expensive,0,27.1,3,8.7,2024-02
A-51ec1b,DevTools,Enterprise,2024-04-01,,1393,too expensive,0,25.5,3,10.7,2024-04
A-bcf664,DevTools,Pro,2024-12-12,,2303,,0,17.1,5,8.5,2024-12
A-bcf664,DevTools,Pro,2024-12-12,,2303,,0,17.1,5,8.5,2024-12
A-bcf664,DevTools,Pro,2024-12-12,,2303,too expensive,0,17.1,5,8.5,2024-12
A-bcf664,DevTools,Enterprise,2024-11-11,,1393,,0,18.1,5,16.0,2024-11
A-bcf664,DevTools,Enterprise,2024-11-11,,1393,,0,18.1,5,16.0,2024-11
A-bcf664,DevTools,Enterprise,2024-11-11,,1393,too expensive,0,18.1,5,16.0,2024-11
A-bcf664,DevTools,Basic,2024-09-02,,114,,0,20.4,5,8.4,2024-09
A-bcf664,DevTools,Basic,2024-09-02,,114,,0,20.4,5,8.4,2024-09
A-bcf664,DevTools,Basic,2024-09-02,,114,too expensive,0,20.4,5,8.4,2024-09
A-bcf664,DevTools,Enterprise,2023-11-20,2023-12-06,2388,,1,0.5,5,12.0,2023-11
A-bcf664,DevTools,Enterprise,2023-11-20,2023-12-06,2388,,1,0.5,5,12.0,2023-11
A-bcf664,DevTools,Enterprise,2023-11-20,2023-12-06,2388,too expensive,1,0.5,5,12.0,2023-11
A-bcf664,DevTools,Basic,2023-10-05,,0,,0,31.3,5,11.7,2023-10
A-bcf664,DevTools,Basic,2023-10-05,,0,,0,31.3,5,11.7,2023-10
A-bcf664,DevTools,Basic,2023-10-05,,0,too expensive,0,31.3,5,11.7,2023-10
A-bcf664,DevTools,Enterprise,2024-04-04,,2587,,0,25.4,5,8.3,2024-04
A-bcf664,DevTools,Enterprise,2024-04-04,,2587,,0,25.4,5,8.3,2024-04
A-bcf664,DevTools,Enterprise,2024-04-04,,2587,too expensive,0,25.4,5,8.3,2024-04
A-bcf664,DevTools,Pro,2024-08-22,,392,,0,20.8,5,10.6,2024-08
A-bcf664,DevTools,Pro,2024-08-22,,392,,0,20.8,5,10.6,2024-08
A-bcf664,DevTools,Pro,2024-08-22,,392,too expensive,0,20.8,5,10.6,2024-08
A-bcf664,DevTools,Basic,2023-06-16,,1121,,0,35.0,5,11.0,2023-06
A-bcf664,DevTools,Basic,2023-06-16,,1121,,0,35.0,5,11.0,2023-06
A-bcf664,DevTools,Basic,2023-06-16,,1121,too expensive,0,35.0,5,11.0,2023-06
A-bcf664,DevTools,Basic,2023-12-01,,247,,0,29.5,5,10.0,2023-12
A-bcf664,DevTools,Basic,2023-12-01,,247,,0,29.5,5,10.0,2023-12
A-bcf664,DevTools,Basic,2023-12-01,,247,too expensive,0,29.5,5,10.0,2023-12
A-bcf664,DevTools,Basic,2024-08-29,,570,,0,20.5,5,8.0,2024-08
A-bcf664,DevTools,Basic,2024-08-29,,570,,0,20.5,5,8.0,2024-08
A-bcf664,DevTools,Basic,2024-08-29,,570,too expensive,0,20.5,5,8.0,2024-08
A-bcf664,DevTools,Basic,2023-08-30,,0,,0,32.5,5,11.0,2023-08
A-bcf664,DevTools,Basic,2023-08-30,,0,,0,32.5,5,11.0,2023-08
A-bcf664,DevTools,Basic,2023-08-30,,0,too expensive,0,32.5,5,11.0,2023-08
A-bcf664,DevTools,Pro,2023-08-11,,1568,,0,33.2,5,11.0,2023-08
A-bcf664,DevTools,Pro,2023-08-11,,1568,,0,33.2,5,11.0,2023-08
A-bcf664,DevTools,Pro,2023-08-11,,1568,too expensive,0,33.2,5,11.0,2023-08
A-bcf664,DevTools,Basic,2024-01-29,,1045,,0,27.5,5,11.7,2024-01
A-bcf664,DevTools,Basic,2024-01-29,,1045,,0,27.5,5,11.7,2024-01
A-bcf664,DevTools,Basic,2024-01-29,,1045,too expensive,0,27.5,5,11.7,2024-01
A-90a8c8,FinTech,Pro,2024-08-25,,1568,missing features,0,20.7,4,9.7,2024-08
A-90a8c8,FinTech,Pro,2024-09-19,,0,missing features,0,19.8,4,10.7,2024-09
A-90a8c8,FinTech,Enterprise,2024-12-03,,2985,missing features,0,17.4,4,8.7,2024-12
A-90a8c8,FinTech,Enterprise,2024-09-17,,14527,missing features,0,19.9,4,10.0,2024-09
A-90a8c8,FinTech,Enterprise,2024-09-21,,5572,missing features,0,19.8,4,9.4,2024-09
A-90a8c8,FinTech,Pro,2024-10-29,,735,missing features,0,18.5,4,12.0,2024-10
A-90a8c8,FinTech,Pro,2024-11-07,,1127,missing features,0,18.2,4,9.4,2024-11
A-86cdb4,DevTools,Basic,2024-12-14,,988,,0,17.0,5,10.0,2024-12
A-86cdb4,DevTools,Enterprise,2024-10-10,2024-12-29,398,,1,2.6,5,9.4,2024-10
A-86cdb4,DevTools,Pro,2024-10-06,,98,,0,19.3,5,11.0,2024-10
A-86cdb4,DevTools,Basic,2024-12-31,,323,,0,16.5,5,7.4,2024-12
A-86cdb4,DevTools,Pro,2024-10-23,2024-11-06,147,,1,0.5,5,11.3,2024-10
A-86cdb4,DevTools,Basic,2024-11-01,,0,,0,18.4,5,9.2,2024-11
A-86cdb4,DevTools,Pro,2024-12-19,,392,,0,16.9,5,11.6,2024-12
A-86cdb4,DevTools,Pro,2024-11-23,,882,,0,17.7,5,11.2,2024-11
A-86cdb4,DevTools,Basic,2024-10-13,,323,,0,19.1,5,9.4,2024-10
A-4bfa33,Cybersecurity,Basic,2024-12-13,,228,,0,17.1,4,9.3,2024-12
A-4bfa33,Cybersecurity,Basic,2024-12-13,,228,missing features,0,17.1,4,9.3,2024-12
A-4bfa33,Cybersecurity,Basic,2024-12-13,,228,switched to competitor,0,17.1,4,9.3,2024-12
A-4bfa33,Cybersecurity,Basic,2024-12-12,,380,,0,17.1,4,9.5,2024-12
A-4bfa33,Cybersecurity,Basic,2024-12-12,,380,missing features,0,17.1,4,9.5,2024-12
A-4bfa33,Cybersecurity,Basic,2024-12-12,,380,switched to competitor,0,17.1,4,9.5,2024-12
A-4bfa33,Cybersecurity,Pro,2024-12-19,,392,,0,16.9,4,10.5,2024-12
A-4bfa33,Cybersecurity,Pro,2024-12-19,,392,missing features,0,16.9,4,10.5,2024-12
A-4bfa33,Cybersecurity,Pro,2024-12-19,,392,switched to competitor,0,16.9,4,10.5,2024-12
A-4bfa33,Cybersecurity,Pro,2024-12-24,,3528,,0,16.7,4,9.3,2024-12
A-4bfa33,Cybersecurity,Pro,2024-12-24,,3528,missing features,0,16.7,4,9.3,2024-12
A-4bfa33,Cybersecurity,Pro,2024-12-24,,3528,switched to competitor,0,16.7,4,9.3,2024-12
A-4bfa33,Cybersecurity,Pro,2024-12-12,2024-12-29,441,,1,0.6,4,7.6,2024-12
A-4bfa33,Cybersecurity,Pro,2024-12-12,2024-12-29,441,missing features,1,0.6,4,7.6,2024-12
A-4bfa33,Cybersecurity,Pro,2024-12-12,2024-12-29,441,switched to competitor,1,0.6,4,7.6,2024-12
A-4bfa33,Cybersecurity,Enterprise,2024-12-25,,0,,0,16.7,4,8.3,2024-12
A-4bfa33,Cybersecurity,Enterprise,2024-12-25,,0,missing features,0,16.7,4,8.3,2024-12
A-4bfa33,Cybersecurity,Enterprise,2024-12-25,,0,switched to competitor,0,16.7,4,8.3,2024-12
A-4bfa33,Cybersecurity,Pro,2024-12-10,,637,,0,17.2,4,10.0,2024-12
A-4bfa33,Cybersecurity,Pro,2024-12-10,,637,missing features,0,17.2,4,10.0,2024-12
A-4bfa33,Cybersecurity,Pro,2024-12-10,,637,switched to competitor,0,17.2,4,10.0,2024-12
A-dbc825,EdTech,Pro,2024-03-06,,931,,0,26.3,6,9.0,2024-03
A-dbc825,EdTech,Pro,2024-03-06,,931,too expensive,0,26.3,6,9.0,2024-03
A-dbc825,EdTech,Enterprise,2024-01-19,,3781,,0,27.9,6,11.7,2024-01
A-dbc825,EdTech,Enterprise,2024-01-19,,3781,too expensive,0,27.9,6,11.7,2024-01
A-dbc825,EdTech,Basic,2024-11-12,,361,,0,18.1,6,11.7,2024-11
A-dbc825,EdTech,Basic,2024-11-12,,361,too expensive,0,18.1,6,11.7,2024-11
A-dbc825,EdTech,Basic,2024-05-20,,361,,0,23.9,6,9.7,2024-05
A-dbc825,EdTech,Basic,2024-05-20,,361,too expensive,0,23.9,6,9.7,2024-05
A-dbc825,EdTech,Enterprise,2024-01-26,,3781,,0,27.6,6,10.7,2024-01
A-dbc825,EdTech,Enterprise,2024-01-26,,3781,too expensive,0,27.6,6,10.7,2024-01
A-dbc825,EdTech,Basic,2024-07-10,,0,,0,22.2,6,10.3,2024-07
A-dbc825,EdTech,Basic,2024-07-10,,0,too expensive,0,22.2,6,10.3,2024-07
A-dbc825,EdTech,Pro,2024-07-27,,931,,0,21.6,6,10.6,2024-07
A-dbc825,EdTech,Pro,2024-07-27,,931,too expensive,0,21.6,6,10.6,2024-07
A-dbc825,EdTech,Enterprise,2024-07-30,,8955,,0,21.5,6,9.7,2024-07
A-dbc825,EdTech,Enterprise,2024-07-30,,8955,too expensive,0,21.5,6,9.7,2024-07
A-dbc825,EdTech,Enterprise,2024-04-08,2024-08-05,3781,,1,3.9,6,8.0,2024-04
A-dbc825,EdTech,Enterprise,2024-04-08,2024-08-05,3781,too expensive,1,3.9,6,8.0,2024-04
A-dbc825,EdTech,Basic,2024-04-26,2024-08-07,361,,1,3.4,6,9.8,2024-04
A-dbc825,EdTech,Basic,2024-04-26,2024-08-07,361,too expensive,1,3.4,6,9.8,2024-04
A-dbc825,EdTech,Basic,2024-06-29,2024-11-20,1615,,1,4.7,6,10.2,2024-06
A-dbc825,EdTech,Basic,2024-06-29,2024-11-20,1615,too expensive,1,4.7,6,10.2,2024-06
A-dbc825,EdTech,Pro,2024-05-02,,931,,0,24.4,6,8.4,2024-05
A-dbc825,EdTech,Pro,2024-05-02,,931,too expensive,0,24.4,6,8.4,2024-05
A-dbc825,EdTech,Pro,2024-04-27,,931,,0,24.6,6,9.3,2024-04
A-dbc825,EdTech,Pro,2024-04-27,,931,too expensive,0,24.6,6,9.3,2024-04
A-dbc825,EdTech,Basic,2024-11-25,,361,,0,17.6,6,10.2,2024-11
A-dbc825,EdTech,Basic,2024-11-25,,361,too expensive,0,17.6,6,10.2,2024-11
A-dbc825,EdTech,Enterprise,2024-07-01,,4378,,0,22.5,6,10.1,2024-07
A-dbc825,EdTech,Enterprise,2024-07-01,,4378,too expensive,0,22.5,6,10.1,2024-07
A-dbc825,EdTech,Enterprise,2024-10-19,2024-12-17,10945,,1,1.9,6,8.5,2024-10
A-dbc825,EdTech,Enterprise,2024-10-19,2024-12-17,10945,too expensive,1,1.9,6,8.5,2024-10
A-c70870,Cybersecurity,Pro,2024-11-14,,0,switched to competitor,0,18.0,5,11.4,2024-11
A-c70870,Cybersecurity,Pro,2024-12-29,,4606,switched to competitor,0,16.5,5,9.0,2024-12
A-c70870,Cybersecurity,Enterprise,2024-12-29,,33830,switched to competitor,0,16.5,5,10.7,2024-12
A-c70870,Cybersecurity,Basic,2024-12-09,,0,switched to competitor,0,17.2,5,8.5,2024-12
A-c70870,Cybersecurity,Basic,2024-11-11,,589,switched to competitor,0,18.1,5,9.0,2024-11
A-c70870,Cybersecurity,Basic,2024-12-06,,589,switched to competitor,0,17.3,5,11.0,2024-12
A-c70870,Cybersecurity,Pro,2024-12-15,,0,switched to competitor,0,17.0,5,8.9,2024-12
A-7c4956,DevTools,Enterprise,2024-08-14,,1194,,0,21.0,3,9.6,2024-08
A-7c4956,DevTools,Basic,2023-12-17,2024-03-29,0,,1,3.4,3,9.3,2023-12
A-7c4956,DevTools,Basic,2023-07-10,2023-11-30,95,,1,4.7,3,10.5,2023-07
A-7c4956,DevTools,Basic,2024-12-20,,513,,0,16.8,3,10.5,2024-12
A-7c4956,DevTools,Basic,2023-11-02,2024-10-10,0,,1,11.3,3,10.9,2023-11
A-7c4956,DevTools,Basic,2023-06-05,,171,,0,35.4,3,6.0,2023-06
A-7c4956,DevTools,Enterprise,2023-12-28,,995,,0,28.6,3,11.1,2023-12
A-7c4956,DevTools,Pro,2023-06-05,,441,,0,35.4,3,12.2,2023-06
A-0651a4,HealthTech,Pro,2024-12-15,,784,missing features,0,17.0,4,8.2,2024-12
A-0651a4,HealthTech,Pro,2024-12-15,,784,too expensive,0,17.0,4,8.2,2024-12
A-0651a4,HealthTech,Basic,2024-12-13,,0,missing features,0,17.1,4,11.7,2024-12
A-0651a4,HealthTech,Basic,2024-12-13,,0,too expensive,0,17.1,4,11.7,2024-12
A-0651a4,HealthTech,Enterprise,2024-11-02,,3781,missing features,0,18.4,4,10.5,2024-11
A-0651a4,HealthTech,Enterprise,2024-11-02,,3781,too expensive,0,18.4,4,10.5,2024-11
A-0651a4,HealthTech,Basic,2024-11-25,,304,missing features,0,17.6,4,10.4,2024-11
A-0651a4,HealthTech,Basic,2024-11-25,,304,too expensive,0,17.6,4,10.4,2024-11
A-0651a4,HealthTech,Enterprise,2024-11-16,,3184,missing features,0,17.9,4,8.8,2024-11
A-0651a4,HealthTech,Enterprise,2024-11-16,,3184,too expensive,0,17.9,4,8.8,2024-11
A-0651a4,HealthTech,Enterprise,2024-12-13,,3184,missing features,0,17.1,4,13.0,2024-12
A-0651a4,HealthTech,Enterprise,2024-12-13,,3184,too expensive,0,17.1,4,13.0,2024-12
A-0651a4,HealthTech,Basic,2024-12-06,,399,missing features,0,17.3,4,9.7,2024-12
A-0651a4,HealthTech,Basic,2024-12-06,,399,too expensive,0,17.3,4,9.7,2024-12
A-0651a4,HealthTech,Enterprise,2024-10-27,,11940,missing features,0,18.6,4,11.0,2024-10
A-0651a4,HealthTech,Enterprise,2024-10-27,,11940,too expensive,0,18.6,4,11.0,2024-10
A-0651a4,HealthTech,Enterprise,2024-12-25,,12935,missing features,0,16.7,4,12.3,2024-12
A-0651a4,HealthTech,Enterprise,2024-12-25,,12935,too expensive,0,16.7,4,12.3,2024-12
A-0651a4,HealthTech,Enterprise,2024-12-19,,0,missing features,0,16.9,4,9.5,2024-12
A-0651a4,HealthTech,Enterprise,2024-12-19,,0,too expensive,0,16.9,4,9.5,2024-12
A-0651a4,HealthTech,Basic,2024-11-10,,304,missing features,0,18.1,4,13.0,2024-11
A-0651a4,HealthTech,Basic,2024-11-10,,304,too expensive,0,18.1,4,13.0,2024-11
A-0651a4,HealthTech,Pro,2024-12-21,2024-12-23,0,missing features,1,0.1,4,7.3,2024-12
A-0651a4,HealthTech,Pro,2024-12-21,2024-12-23,0,too expensive,1,0.1,4,7.3,2024-12
A-0651a4,HealthTech,Enterprise,2024-11-24,,3781,missing features,0,17.7,4,11.0,2024-11
A-0651a4,HealthTech,Enterprise,2024-11-24,,3781,too expensive,0,17.7,4,11.0,2024-11
A-0651a4,HealthTech,Pro,2024-12-23,,784,missing features,0,16.7,4,9.6,2024-12
A-0651a4,HealthTech,Pro,2024-12-23,,784,too expensive,0,16.7,4,9.6,2024-12
A-0651a4,HealthTech,Enterprise,2024-12-04,,3184,missing features,0,17.3,4,9.4,2024-12
A-0651a4,HealthTech,Enterprise,2024-12-04,,3184,too expensive,0,17.3,4,9.4,2024-12
A-3ce5b8,FinTech,Pro,2024-03-05,,1764,too expensive,0,26.3,10,10.7,2024-03
A-3ce5b8,FinTech,Basic,2024-09-30,,152,too expensive,0,19.5,10,9.4,2024-09
A-3ce5b8,FinTech,Pro,2024-02-17,,392,too expensive,0,26.9,10,9.0,2024-02
A-3ce5b8,FinTech,Basic,2024-05-22,,703,too expensive,0,23.8,10,13.3,2024-05
A-3ce5b8,FinTech,Pro,2024-09-22,,0,too expensive,0,19.7,10,8.5,2024-09
A-3ce5b8,FinTech,Enterprise,2024-04-28,,2786,too expensive,0,24.6,10,11.4,2024-04
A-3ce5b8,FinTech,Pro,2023-12-15,,9261,too expensive,0,29.0,10,10.3,2023-12
A-3ce5b8,FinTech,Enterprise,2024-06-05,,1592,too expensive,0,23.3,10,10.8,2024-06
A-3ce5b8,FinTech,Enterprise,2024-10-03,,0,too expensive,0,19.4,10,11.3,2024-10
A-bd4708,FinTech,Pro,2024-12-02,,1813,,0,17.4,4,11.3,2024-12
A-bd4708,FinTech,Pro,2024-10-12,,0,,0,19.1,4,13.5,2024-10
A-bd4708,FinTech,Basic,2024-08-28,,0,,0,20.6,4,8.0,2024-08
A-bd4708,FinTech,Enterprise,2024-12-05,,0,,0,17.3,4,9.9,2024-12
A-bd4708,FinTech,Pro,2024-09-05,,1813,,0,20.3,4,10.0,2024-09
A-bd4708,FinTech,Basic,2024-12-16,,0,,0,17.0,4,9.5,2024-12
A-bd4708,FinTech,Enterprise,2024-12-14,,7363,,0,17.0,4,10.0,2024-12
A-bd4708,FinTech,Basic,2024-09-15,,703,,0,20.0,4,10.1,2024-09
A-bd4708,FinTech,Pro,2024-10-20,,1813,,0,18.8,4,8.8,2024-10
A-bd4708,FinTech,Enterprise,2024-12-18,,7363,,0,16.9,4,11.8,2024-12
A-bd4708,FinTech,Enterprise,2024-07-24,,7363,,0,21.7,4,9.5,2024-07
A-bd4708,FinTech,Enterprise,2024-08-31,,7363,,0,20.5,4,8.8,2024-08
A-bd4708,FinTech,Pro,2024-10-02,,3381,,0,19.4,4,10.0,2024-10
A-993085,HealthTech,Enterprise,2024-10-22,2024-11-10,8358,,1,0.6,4,7.8,2024-10
A-993085,HealthTech,Enterprise,2024-10-22,2024-11-10,8358,,1,0.6,4,7.8,2024-10
A-993085,HealthTech,Basic,2023-08-09,,589,,0,33.2,4,9.6,2023-08
A-993085,HealthTech,Basic,2023-08-09,,589,,0,33.2,4,9.6,2023-08
A-993085,HealthTech,Enterprise,2023-10-15,,9751,,0,31.0,4,10.8,2023-10
A-993085,HealthTech,Enterprise,2023-10-15,,9751,,0,31.0,4,10.8,2023-10
A-993085,HealthTech,Basic,2023-11-23,,589,,0,29.7,4,8.7,2023-11
A-993085,HealthTech,Basic,2023-11-23,,589,,0,29.7,4,8.7,2023-11
A-993085,HealthTech,Basic,2024-08-17,,589,,0,20.9,4,6.5,2024-08
A-993085,HealthTech,Basic,2024-08-17,,589,,0,20.9,4,6.5,2024-08
A-993085,HealthTech,Enterprise,2023-10-30,,6169,,0,30.5,4,10.3,2023-10
A-993085,HealthTech,Enterprise,2023-10-30,,6169,,0,30.5,4,10.3,2023-10
A-993085,HealthTech,Enterprise,2023-09-30,,6169,,0,31.5,4,6.5,2023-09
A-993085,HealthTech,Enterprise,2023-09-30,,6169,,0,31.5,4,6.5,2023-09
A-993085,HealthTech,Enterprise,2024-05-11,,0,,0,24.1,4,8.0,2024-05
A-993085,HealthTech,Enterprise,2024-05-11,,0,,0,24.1,4,8.0,2024-05
A-993085,HealthTech,Pro,2024-06-28,,1519,,0,22.6,4,13.0,2024-06
A-993085,HealthTech,Pro,2024-06-28,,1519,,0,22.6,4,13.0,2024-06
A-993085,HealthTech,Pro,2024-09-09,,1519,,0,20.2,4,9.7,2024-09
A-993085,HealthTech,Pro,2024-09-09,,1519,,0,20.2,4,9.7,2024-09
A-993085,HealthTech,Basic,2023-08-05,,589,,0,33.3,4,9.4,2023-08
A-993085,HealthTech,Basic,2023-08-05,,589,,0,33.3,4,9.4,2023-08
A-993085,HealthTech,Pro,2024-09-14,,1519,,0,20.0,4,9.7,2024-09
A-993085,HealthTech,Pro,2024-09-14,,1519,,0,20.0,4,9.7,2024-09
A-993085,HealthTech,Pro,2023-08-18,,1519,,0,32.9,4,10.0,2023-08
A-993085,HealthTech,Pro,2023-08-18,,1519,,0,32.9,4,10.0,2023-08
A-993085,HealthTech,Pro,2024-09-23,,1617,,0,19.7,4,9.8,2024-09
A-993085,HealthTech,Pro,2024-09-23,,1617,,0,19.7,4,9.8,2024-09
A-993085,HealthTech,Enterprise,2023-09-22,,7960,,0,31.8,4,8.3,2023-09
A-993085,HealthTech,Enterprise,2023-09-22,,7960,,0,31.8,4,8.3,2023-09
A-92a3af,Cybersecurity,Pro,2024-09-17,,1470,,0,19.9,4,14.7,2024-09
A-92a3af,Cybersecurity,Enterprise,2024-09-01,,4975,,0,20.4,4,10.1,2024-09
A-92a3af,Cybersecurity,Pro,2024-10-30,,3773,,0,18.5,4,8.3,2024-10
A-92a3af,Cybersecurity,Pro,2024-07-23,,1225,,0,21.7,4,9.8,2024-07
A-92a3af,Cybersecurity,Enterprise,2024-11-07,,6965,,0,18.2,4,11.0,2024-11
A-92a3af,Cybersecurity,Pro,2024-08-14,,1666,,0,21.0,4,10.8,2024-08
A-92a3af,Cybersecurity,Enterprise,2024-09-19,,5373,,0,19.8,4,9.7,2024-09
A-92a3af,Cybersecurity,Pro,2024-11-24,,1225,,0,17.7,4,8.0,2024-11
A-92a3af,Cybersecurity,Pro,2024-10-26,,1225,,0,18.6,4,11.0,2024-10
A-92a3af,Cybersecurity,Enterprise,2024-09-18,,4975,,0,19.9,4,10.2,2024-09
A-92a3af,Cybersecurity,Pro,2024-07-24,,1666,,0,21.7,4,10.5,2024-07
A-151c9a,FinTech,Enterprise,2024-02-10,,4577,missing features,0,27.1,2,12.3,2024-02
A-151c9a,FinTech,Pro,2024-06-26,,2548,missing features,0,22.6,2,9.7,2024-06
A-151c9a,FinTech,Pro,2023-05-08,,1127,missing features,0,36.3,2,9.9,2023-05
A-151c9a,FinTech,Pro,2023-07-14,,1421,missing features,0,34.1,2,11.6,2023-07
A-151c9a,FinTech,Enterprise,2024-06-10,,4577,missing features,0,23.2,2,10.3,2024-06
A-474ad4,EdTech,Pro,2023-12-10,,0,,0,29.2,3,12.0,2023-12
A-474ad4,EdTech,Enterprise,2024-12-14,,0,,0,17.0,3,9.7,2024-12
A-474ad4,EdTech,Pro,2024-07-02,,833,,0,22.4,3,9.2,2024-07
A-474ad4,EdTech,Enterprise,2024-07-03,,0,,0,22.4,3,9.4,2024-07
A-474ad4,EdTech,Basic,2024-04-18,,152,,0,24.9,3,9.0,2024-04
A-474ad4,EdTech,Enterprise,2024-11-28,2024-12-30,0,,1,1.1,3,9.5,2024-11
A-474ad4,EdTech,Pro,2024-03-23,,2597,,0,25.8,3,9.3,2024-03
A-474ad4,EdTech,Basic,2023-12-20,,323,,0,28.8,3,9.5,2023-12
A-474ad4,EdTech,Pro,2024-01-15,,392,,0,28.0,3,8.3,2024-01
A-474ad4,EdTech,Basic,2024-01-06,,437,,0,28.3,3,11.0,2024-01
A-474ad4,EdTech,Enterprise,2024-11-30,2024-12-07,1592,,1,0.2,3,9.0,2024-11
A-474ad4,EdTech,Basic,2023-12-04,,190,,0,29.4,3,11.0,2023-12
A-474ad4,EdTech,Enterprise,2024-12-29,,4776,,0,16.5,3,9.0,2024-12
A-474ad4,EdTech,Pro,2024-09-13,,392,,0,20.0,3,7.3,2024-09
A-474ad4,EdTech,Pro,2024-01-29,,441,,0,27.5,3,10.2,2024-01
A-4ef964,HealthTech,Enterprise,2024-04-01,,3383,too expensive,0,25.5,3,11.4,2024-04
A-4ef964,HealthTech,Pro,2024-08-28,,0,too expensive,0,20.6,3,10.8,2024-08
A-4ef964,HealthTech,Pro,2024-11-15,,1372,too expensive,0,18.0,3,7.7,2024-11
A-4ef964,HealthTech,Enterprise,2024-07-28,,3383,too expensive,0,21.6,3,11.0,2024-07
A-4ef964,HealthTech,Pro,2024-06-17,,833,too expensive,0,22.9,3,10.5,2024-06
A-4ef964,HealthTech,Pro,2024-05-01,,833,too expensive,0,24.5,3,8.6,2024-05
A-4ef964,HealthTech,Pro,2024-09-06,,3430,too expensive,0,20.3,3,5.0,2024-09
A-4ef964,HealthTech,Basic,2024-11-11,,323,too expensive,0,18.1,3,10.3,2024-11
A-4ef964,HealthTech,Basic,2024-09-27,2024-10-29,722,too expensive,1,1.1,3,9.4,2024-09
A-fd9422,Cybersecurity,Pro,2024-05-08,,0,,0,24.2,6,12.0,2024-05
A-fd9422,Cybersecurity,Pro,2024-12-11,,0,,0,17.1,6,9.0,2024-12
A-fd9422,Cybersecurity,Basic,2024-10-01,,1102,,0,19.5,6,11.3,2024-10
A-fd9422,Cybersecurity,Enterprise,2024-07-12,,0,,0,22.1,6,8.4,2024-07
A-fd9422,Cybersecurity,Pro,2024-12-20,,2842,,0,16.8,6,10.8,2024-12
A-fd9422,Cybersecurity,Basic,2024-08-25,2024-10-02,1102,,1,1.2,6,9.6,2024-08
A-fd9422,Cybersecurity,Enterprise,2024-11-01,,11542,,0,18.4,6,12.3,2024-11
A-fd9422,Cybersecurity,Enterprise,2024-11-25,,0,,0,17.6,6,9.6,2024-11
A-fd9422,Cybersecurity,Enterprise,2024-05-09,,11542,,0,24.2,6,12.0,2024-05
A-0baac2,FinTech,Basic,2024-12-10,,361,missing features,0,17.2,6,9.5,2024-12
A-0baac2,FinTech,Basic,2024-12-10,,361,switched to competitor,0,17.2,6,9.5,2024-12
A-0baac2,FinTech,Basic,2024-12-10,,361,too expensive,0,17.2,6,9.5,2024-12
A-0baac2,FinTech,Basic,2024-12-10,,361,too expensive,0,17.2,6,9.5,2024-12
A-0baac2,FinTech,Enterprise,2024-10-27,,6169,missing features,0,18.6,6,10.8,2024-10
A-0baac2,FinTech,Enterprise,2024-10-27,,6169,switched to competitor,0,18.6,6,10.8,2024-10
A-0baac2,FinTech,Enterprise,2024-10-27,,6169,too expensive,0,18.6,6,10.8,2024-10
A-0baac2,FinTech,Enterprise,2024-10-27,,6169,too expensive,0,18.6,6,10.8,2024-10
A-0baac2,FinTech,Enterprise,2024-12-11,2024-12-12,2786,missing features,1,0.0,6,9.0,2024-12
A-0baac2,FinTech,Enterprise,2024-12-11,2024-12-12,2786,switched to competitor,1,0.0,6,9.0,2024-12
A-0baac2,FinTech,Enterprise,2024-12-11,2024-12-12,2786,too expensive,1,0.0,6,9.0,2024-12
A-0baac2,FinTech,Enterprise,2024-12-11,2024-12-12,2786,too expensive,1,0.0,6,9.0,2024-12
A-0baac2,FinTech,Enterprise,2024-06-02,2024-09-13,5771,missing features,1,3.4,6,9.0,2024-06
A-0baac2,FinTech,Enterprise,2024-06-02,2024-09-13,5771,switched to competitor,1,3.4,6,9.0,2024-06
A-0baac2,FinTech,Enterprise,2024-06-02,2024-09-13,5771,too expensive,1,3.4,6,9.0,2024-06
A-0baac2,FinTech,Enterprise,2024-06-02,2024-09-13,5771,too expensive,1,3.4,6,9.0,2024-06
A-0baac2,FinTech,Basic,2024-10-14,,627,missing features,0,19.0,6,9.3,2024-10
A-0baac2,FinTech,Basic,2024-10-14,,627,switched to competitor,0,19.0,6,9.3,2024-10
A-0baac2,FinTech,Basic,2024-10-14,,627,too expensive,0,19.0,6,9.3,2024-10
A-0baac2,FinTech,Basic,2024-10-14,,627,too expensive,0,19.0,6,9.3,2024-10
A-0baac2,FinTech,Enterprise,2024-12-11,,2786,missing features,0,17.1,6,9.0,2024-12
A-0baac2,FinTech,Enterprise,2024-12-11,,2786,switched to competitor,0,17.1,6,9.0,2024-12
A-0baac2,FinTech,Enterprise,2024-12-11,,2786,too expensive,0,17.1,6,9.0,2024-12
A-0baac2,FinTech,Enterprise,2024-12-11,,2786,too expensive,0,17.1,6,9.0,2024-12
A-bb1486,HealthTech,Basic,2024-12-09,,779,switched to competitor,0,17.2,3,7.5,2024-12
A-bb1486,HealthTech,Basic,2024-12-09,,779,switched to competitor,0,17.2,3,7.5,2024-12
A-bb1486,HealthTech,Pro,2024-11-18,,2009,switched to competitor,0,17.9,3,11.2,2024-11
A-bb1486,HealthTech,Pro,2024-11-18,,2009,switched to competitor,0,17.9,3,11.2,2024-11
A-bb1486,HealthTech,Basic,2024-12-06,2024-12-19,779,switched to competitor,1,0.4,3,9.8,2024-12
A-bb1486,HealthTech,Basic,2024-12-06,2024-12-19,779,switched to competitor,1,0.4,3,9.8,2024-12
A-bb1486,HealthTech,Pro,2024-11-23,,2009,switched to competitor,0,17.7,3,11.2,2024-11
A-bb1486,HealthTech,Pro,2024-11-23,,2009,switched to competitor,0,17.7,3,11.2,2024-11
A-bb1486,HealthTech,Pro,2024-11-13,,2058,switched to competitor,0,18.0,3,8.0,2024-11
A-bb1486,HealthTech,Pro,2024-11-13,,2058,switched to competitor,0,18.0,3,8.0,2024-11
A-bb1486,HealthTech,Pro,2024-12-18,,2009,switched to competitor,0,16.9,3,10.7,2024-12
A-bb1486,HealthTech,Pro,2024-12-18,,2009,switched to competitor,0,16.9,3,10.7,2024-12
A-bb1486,HealthTech,Pro,2024-12-25,,3283,switched to competitor,0,16.7,3,8.0,2024-12
A-bb1486,HealthTech,Pro,2024-12-25,,3283,switched to competitor,0,16.7,3,8.0,2024-12
A-bb1486,HealthTech,Pro,2024-11-17,,3381,switched to competitor,0,17.9,3,8.8,2024-11
A-bb1486,HealthTech,Pro,2024-11-17,,3381,switched to competitor,0,17.9,3,8.8,2024-11
A-560d27,DevTools,Enterprise,2024-05-31,,14129,,0,23.5,4,8.8,2024-05
A-560d27,DevTools,Enterprise,2024-07-31,,4577,,0,21.5,4,13.0,2024-07
A-560d27,DevTools,Pro,2024-06-01,,1127,,0,23.5,4,10.1,2024-06
A-560d27,DevTools,Enterprise,2024-10-25,,4577,,0,18.7,4,10.2,2024-10
A-560d27,DevTools,Basic,2024-11-04,,437,,0,18.3,4,10.0,2024-11
A-560d27,DevTools,Enterprise,2024-11-07,,0,,0,18.2,4,11.0,2024-11
A-560d27,DevTools,Enterprise,2024-07-23,,11343,,0,21.7,4,8.0,2024-07
A-560d27,DevTools,Basic,2024-11-12,,437,,0,18.1,4,10.5,2024-11
A-560d27,DevTools,Enterprise,2024-11-17,,0,,0,17.9,4,11.0,2024-11
A-560d27,DevTools,Enterprise,2024-10-21,2024-11-18,4577,,1,0.9,4,9.3,2024-10
A-560d27,DevTools,Basic,2024-12-17,,0,,0,16.9,4,8.5,2024-12
A-560d27,DevTools,Basic,2024-10-07,,437,,0,19.3,4,9.0,2024-10
A-0b0d6d,DevTools,Basic,2024-12-30,,228,,0,16.5,5,7.0,2024-12
A-0b0d6d,DevTools,Enterprise,2024-12-31,,8955,,0,16.5,5,11.0,2024-12
A-0b0d6d,DevTools,Basic,2024-12-31,,247,,0,16.5,5,10.0,2024-12
A-0b0d6d,DevTools,Pro,2024-12-31,,1029,,0,16.5,5,9.2,2024-12
A-0b0d6d,DevTools,Pro,2024-12-31,,294,,0,16.5,5,11.3,2024-12
A-0b0d6d,DevTools,Basic,2024-12-30,2024-12-31,475,,1,0.0,5,7.5,2024-12
A-0b0d6d,DevTools,Enterprise,2024-12-31,2024-12-31,2587,,1,0.0,5,9.0,2024-12
A-0b0d6d,DevTools,Enterprise,2024-12-31,,10348,,0,16.5,5,7.5,2024-12
A-0b0d6d,DevTools,Pro,2024-12-30,,1078,,0,16.5,5,10.0,2024-12
A-0b0d6d,DevTools,Basic,2024-12-30,,57,,0,16.5,5,8.4,2024-12
A-0b0d6d,DevTools,Pro,2024-12-31,,147,,0,16.5,5,9.7,2024-12
A-0b0d6d,DevTools,Pro,2024-12-31,,882,,0,16.5,5,10.8,2024-12
A-0b0d6d,DevTools,Enterprise,2024-12-30,,7164,,0,16.5,5,9.0,2024-12
A-2789e3,FinTech,Enterprise,2024-10-11,,2189,,0,19.1,4,9.0,2024-10
A-2789e3,FinTech,Enterprise,2024-12-04,,5970,,0,17.3,4,9.5,2024-12
A-2789e3,FinTech,Basic,2024-10-03,,209,,0,19.4,4,9.2,2024-10
A-2789e3,FinTech,Enterprise,2024-11-06,,12139,,0,18.3,4,10.6,2024-11
A-2789e3,FinTech,Enterprise,2024-11-06,,2189,,0,18.3,4,13.0,2024-11
A-2789e3,FinTech,Pro,2024-12-10,,539,,0,17.2,4,11.3,2024-12
A-2789e3,FinTech,Basic,2024-09-18,,627,,0,19.9,4,10.6,2024-09
A-2789e3,FinTech,Basic,2024-10-21,,209,,0,18.8,4,9.8,2024-10
A-2789e3,FinTech,Basic,2024-10-22,,209,,0,18.8,4,8.0,2024-10
A-2789e3,FinTech,Basic,2024-10-14,,209,,0,19.0,4,11.0,2024-10
A-2789e3,FinTech,Pro,2024-12-14,,0,,0,17.0,4,11.6,2024-12
A-2789e3,FinTech,Enterprise,2024-10-10,,0,,0,19.2,4,11.8,2024-10
A-b07346,HealthTech,Enterprise,2024-12-08,,10149,missing features,0,17.2,3,9.0,2024-12
A-b07346,HealthTech,Enterprise,2024-12-22,,10149,missing features,0,16.8,3,11.3,2024-12
A-b07346,HealthTech,Enterprise,2024-11-21,,10149,missing features,0,17.8,3,8.7,2024-11
A-b07346,HealthTech,Basic,2024-11-06,,969,missing features,0,18.3,3,9.7,2024-11
A-b07346,HealthTech,Enterprise,2024-12-28,,0,missing features,0,16.6,3,9.6,2024-12
A-902ef7,HealthTech,Pro,2024-09-05,,4067,too expensive,0,20.3,2,9.3,2024-09
A-902ef7,HealthTech,Enterprise,2024-12-11,,16517,too expensive,0,17.1,2,9.2,2024-12
A-902ef7,HealthTech,Basic,2024-12-18,,0,too expensive,0,16.9,2,6.8,2024-12
A-902ef7,HealthTech,Enterprise,2024-09-30,,16517,too expensive,0,19.5,2,12.0,2024-09
A-902ef7,HealthTech,Pro,2024-12-05,,4067,too expensive,0,17.3,2,11.5,2024-12
A-902ef7,HealthTech,Basic,2024-11-07,,1577,too expensive,0,18.2,2,12.5,2024-11
A-902ef7,HealthTech,Basic,2024-12-25,,1577,too expensive,0,16.7,2,11.0,2024-12
A-902ef7,HealthTech,Pro,2024-11-23,,0,too expensive,0,17.7,2,10.1,2024-11
A-20736a,EdTech,Enterprise,2024-11-23,,9950,too expensive,0,17.7,4,11.3,2024-11
A-20736a,EdTech,Enterprise,2024-10-13,,12736,too expensive,0,19.1,4,7.6,2024-10
A-20736a,EdTech,Enterprise,2024-09-03,,9950,too expensive,0,20.4,4,9.7,2024-09
A-20736a,EdTech,Pro,2024-10-03,,2989,too expensive,0,19.4,4,10.3,2024-10
A-20736a,EdTech,Enterprise,2024-10-02,,0,too expensive,0,19.4,4,11.6,2024-10
A-20736a,EdTech,Pro,2024-05-09,,2450,too expensive,0,24.2,4,8.6,2024-05
A-20736a,EdTech,Pro,2024-08-07,,2450,too expensive,0,21.3,4,11.7,2024-08
A-e4bf56,HealthTech,Enterprise,2024-12-02,2024-12-19,7363,,1,0.6,8,10.0,2024-12
A-e4bf56,HealthTech,Pro,2024-11-26,,1715,,0,17.6,8,10.7,2024-11
A-e4bf56,HealthTech,Enterprise,2024-12-25,,4378,,0,16.7,8,12.2,2024-12
A-e4bf56,HealthTech,Pro,2024-12-12,,833,,0,17.1,8,7.5,2024-12
A-e4bf56,HealthTech,Pro,2024-12-12,,931,,0,17.1,8,10.8,2024-12
A-e4bf56,HealthTech,Basic,2024-12-17,,323,,0,16.9,8,12.2,2024-12
A-e4bf56,HealthTech,Enterprise,2024-11-17,,3383,,0,17.9,8,10.0,2024-11
A-cea1f0,FinTech,Basic,2024-06-24,,570,,0,22.7,5,10.5,2024-06
A-cea1f0,FinTech,Enterprise,2024-12-22,,4179,,0,16.8,5,9.3,2024-12
A-cea1f0,FinTech,Enterprise,2024-10-18,,4378,,0,18.9,5,10.1,2024-10
A-cea1f0,FinTech,Basic,2024-10-21,,266,,0,18.8,5,8.0,2024-10
A-cea1f0,FinTech,Pro,2024-06-09,,0,,0,23.2,5,10.5,2024-06
A-cea1f0,FinTech,Basic,2024-06-01,,475,,0,23.5,5,11.1,2024-06
A-cea1f0,FinTech,Enterprise,2024-12-27,,1592,,0,16.6,5,13.0,2024-12
A-cea1f0,FinTech,Pro,2024-10-07,,392,,0,19.3,5,12.0,2024-10
A-cea1f0,FinTech,Pro,2024-11-19,,0,,0,17.8,5,11.4,2024-11
A-cea1f0,FinTech,Pro,2024-08-06,,392,,0,21.3,5,10.3,2024-08
A-ef84cf,EdTech,Basic,2024-08-08,,152,switched to competitor,0,21.2,5,11.5,2024-08
A-ef84cf,EdTech,Basic,2024-08-08,,152,too expensive,0,21.2,5,11.5,2024-08
A-ef84cf,EdTech,Basic,2024-08-08,,152,too expensive,0,21.2,5,11.5,2024-08
A-ef84cf,EdTech,Enterprise,2024-03-12,,0,switched to competitor,0,26.1,5,10.9,2024-03
A-ef84cf,EdTech,Enterprise,2024-03-12,,0,too expensive,0,26.1,5,10.9,2024-03
A-ef84cf,EdTech,Enterprise,2024-03-12,,0,too expensive,0,26.1,5,10.9,2024-03
A-ef84cf,EdTech,Basic,2024-07-25,,437,switched to competitor,0,21.7,5,11.3,2024-07
A-ef84cf,EdTech,Basic,2024-07-25,,437,too expensive,0,21.7,5,11.3,2024-07
A-ef84cf,EdTech,Basic,2024-07-25,,437,too expensive,0,21.7,5,11.3,2024-07
A-ef84cf,EdTech,Basic,2024-06-06,2024-08-13,152,switched to competitor,1,2.2,5,12.5,2024-06
A-ef84cf,EdTech,Basic,2024-06-06,2024-08-13,152,too expensive,1,2.2,5,12.5,2024-06
A-ef84cf,EdTech,Basic,2024-06-06,2024-08-13,152,too expensive,1,2.2,5,12.5,2024-06
A-ef84cf,EdTech,Enterprise,2024-05-22,,6766,switched to competitor,0,23.8,5,8.8,2024-05
A-ef84cf,EdTech,Enterprise,2024-05-22,,6766,too expensive,0,23.8,5,8.8,2024-05
A-ef84cf,EdTech,Enterprise,2024-05-22,,6766,too expensive,0,23.8,5,8.8,2024-05
A-d49cc5,Cybersecurity,Basic,2024-02-13,,950,missing features,0,27.0,4,9.8,2024-02
A-d49cc5,Cybersecurity,Basic,2024-06-25,,950,missing features,0,22.7,4,11.0,2024-06
A-d49cc5,Cybersecurity,Pro,2024-03-26,,2450,missing features,0,25.7,4,13.0,2024-03
A-d49cc5,Cybersecurity,Basic,2024-12-10,,950,missing features,0,17.2,4,10.6,2024-12
A-d49cc5,Cybersecurity,Basic,2024-07-06,,950,missing features,0,22.3,4,8.3,2024-07
A-d49cc5,Cybersecurity,Pro,2024-05-10,,2450,missing features,0,24.2,4,10.4,2024-05
A-d49cc5,Cybersecurity,Basic,2024-09-28,,950,missing features,0,19.5,4,11.2,2024-09
A-d49cc5,Cybersecurity,Pro,2024-10-09,,3675,missing features,0,19.2,4,9.0,2024-10
A-67be94,EdTech,Basic,2024-04-03,,494,missing features,0,25.4,5,9.5,2024-04
A-67be94,EdTech,Basic,2024-04-03,,494,too expensive,0,25.4,5,9.5,2024-04
A-67be94,EdTech,Basic,2024-01-18,,1178,missing features,0,27.9,5,9.6,2024-01
A-67be94,EdTech,Basic,2024-01-18,,1178,too expensive,0,27.9,5,9.6,2024-01
A-67be94,EdTech,Enterprise,2024-06-20,,10348,missing features,0,22.8,5,10.0,2024-06
A-67be94,EdTech,Enterprise,2024-06-20,,10348,too expensive,0,22.8,5,10.0,2024-06
A-67be94,EdTech,Pro,2024-12-18,,1274,missing features,0,16.9,5,9.7,2024-12
A-67be94,EdTech,Pro,2024-12-18,,1274,too expensive,0,16.9,5,9.7,2024-12
A-67be94,EdTech,Enterprise,2023-09-17,2024-02-18,7363,missing features,1,5.1,5,9.5,2023-09
A-67be94,EdTech,Enterprise,2023-09-17,2024-02-18,7363,too expensive,1,5.1,5,9.5,2023-09
A-67be94,EdTech,Basic,2023-08-29,,494,missing features,0,32.6,5,10.7,2023-08
A-67be94,EdTech,Basic,2023-08-29,,494,too expensive,0,32.6,5,10.7,2023-08
A-67be94,EdTech,Basic,2023-11-21,,779,missing features,0,29.8,5,10.4,2023-11
A-67be94,EdTech,Basic,2023-11-21,,779,too expensive,0,29.8,5,10.4,2023-11
A-4e960a,FinTech,Basic,2024-06-01,,760,,0,23.5,6,10.3,2024-06
A-4e960a,FinTech,Enterprise,2024-04-11,,14129,,0,25.1,6,9.6,2024-04
A-4e960a,FinTech,Enterprise,2024-07-10,,2388,,0,22.2,6,13.0,2024-07
A-4e960a,FinTech,Basic,2024-09-23,,228,,0,19.7,6,9.0,2024-09
A-4e960a,FinTech,Pro,2024-08-03,,588,,0,21.4,6,10.0,2024-08
A-4e960a,FinTech,Basic,2024-06-04,,228,,0,23.4,6,5.5,2024-06
A-4e960a,FinTech,Enterprise,2024-02-07,,0,,0,27.2,6,9.7,2024-02
A-4e960a,FinTech,Pro,2024-11-24,,588,,0,17.7,6,12.5,2024-11
A-4e960a,FinTech,Basic,2024-03-11,,228,,0,26.2,6,8.8,2024-03
A-4e960a,FinTech,Enterprise,2024-04-02,,4577,,0,25.4,6,11.3,2024-04
A-4e960a,FinTech,Basic,2024-04-02,,0,,0,25.4,6,10.9,2024-04
A-4e960a,FinTech,Basic,2024-12-08,,228,,0,17.2,6,10.3,2024-12
A-c37cab,Cybersecurity,Pro,2024-10-26,,637,missing features,0,18.6,4,9.6,2024-10
A-c37cab,Cybersecurity,Pro,2024-10-26,,637,switched to competitor,0,18.6,4,9.6,2024-10
A-c37cab,Cybersecurity,Pro,2024-12-13,,637,missing features,0,17.1,4,10.0,2024-12
A-c37cab,Cybersecurity,Pro,2024-12-13,,637,switched to competitor,0,17.1,4,10.0,2024-12
A-c37cab,Cybersecurity,Pro,2024-08-07,,0,missing features,0,21.3,4,12.0,2024-08
A-c37cab,Cybersecurity,Pro,2024-08-07,,0,switched to competitor,0,21.3,4,12.0,2024-08
A-c37cab,Cybersecurity,Basic,2024-11-26,,247,missing features,0,17.6,4,10.7,2024-11
A-c37cab,Cybersecurity,Basic,2024-11-26,,247,switched to competitor,0,17.6,4,10.7,2024-11
A-c37cab,Cybersecurity,Enterprise,2024-08-01,,2587,missing features,0,21.5,4,11.0,2024-08
A-c37cab,Cybersecurity,Enterprise,2024-08-01,,2587,switched to competitor,0,21.5,4,11.0,2024-08
A-c37cab,Cybersecurity,Pro,2024-10-18,,0,missing features,0,18.9,4,8.0,2024-10
A-c37cab,Cybersecurity,Pro,2024-10-18,,0,switched to competitor,0,18.9,4,8.0,2024-10
A-c37cab,Cybersecurity,Pro,2024-10-19,,637,missing features,0,18.9,4,9.9,2024-10
A-c37cab,Cybersecurity,Pro,2024-10-19,,637,switched to competitor,0,18.9,4,9.9,2024-10
A-c37cab,Cybersecurity,Enterprise,2024-07-30,,4179,missing features,0,21.5,4,10.1,2024-07
A-c37cab,Cybersecurity,Enterprise,2024-07-30,,4179,switched to competitor,0,21.5,4,10.1,2024-07
A-c37cab,Cybersecurity,Enterprise,2024-08-10,2024-09-29,0,missing features,1,1.6,4,10.3,2024-08
A-c37cab,Cybersecurity,Enterprise,2024-08-10,2024-09-29,0,switched to competitor,1,1.6,4,10.3,2024-08
A-c37cab,Cybersecurity,Basic,2024-09-27,,570,missing features,0,19.6,4,8.0,2024-09
A-c37cab,Cybersecurity,Basic,2024-09-27,,570,switched to competitor,0,19.6,4,8.0,2024-09
A-c37cab,Cybersecurity,Basic,2024-12-17,,437,missing features,0,16.9,4,10.4,2024-12
A-c37cab,Cybersecurity,Basic,2024-12-17,,437,switched to competitor,0,16.9,4,10.4,2024-12
A-c37cab,Cybersecurity,Enterprise,2024-10-05,2024-12-13,19502,missing features,1,2.3,4,9.8,2024-10
A-c37cab,Cybersecurity,Enterprise,2024-10-05,2024-12-13,19502,switched to competitor,1,2.3,4,9.8,2024-10
A-533452,DevTools,Enterprise,2024-11-28,,2985,,0,17.5,4,8.3,2024-11
A-533452,DevTools,Enterprise,2024-11-28,,2985,missing features,0,17.5,4,8.3,2024-11
A-533452,DevTools,Enterprise,2024-11-28,,2985,missing features,0,17.5,4,8.3,2024-11
A-533452,DevTools,Enterprise,2024-11-28,,2985,missing features,0,17.5,4,8.3,2024-11
A-533452,DevTools,Basic,2024-12-18,,171,,0,16.9,4,9.3,2024-12
A-533452,DevTools,Basic,2024-12-18,,171,missing features,0,16.9,4,9.3,2024-12
A-533452,DevTools,Basic,2024-12-18,,171,missing features,0,16.9,4,9.3,2024-12
A-533452,DevTools,Basic,2024-12-18,,171,missing features,0,16.9,4,9.3,2024-12
A-533452,DevTools,Enterprise,2024-11-28,,5174,,0,17.5,4,10.1,2024-11
A-533452,DevTools,Enterprise,2024-11-28,,5174,missing features,0,17.5,4,10.1,2024-11
A-533452,DevTools,Enterprise,2024-11-28,,5174,missing features,0,17.5,4,10.1,2024-11
A-533452,DevTools,Enterprise,2024-11-28,,5174,missing features,0,17.5,4,10.1,2024-11
A-533452,DevTools,Pro,2024-11-24,,2499,,0,17.7,4,9.7,2024-11
A-533452,DevTools,Pro,2024-11-24,,2499,missing features,0,17.7,4,9.7,2024-11
A-533452,DevTools,Pro,2024-11-24,,2499,missing features,0,17.7,4,9.7,2024-11
A-533452,DevTools,Pro,2024-11-24,,2499,missing features,0,17.7,4,9.7,2024-11
A-533452,DevTools,Enterprise,2024-12-16,,1791,,0,17.0,4,10.4,2024-12
A-533452,DevTools,Enterprise,2024-12-16,,1791,missing features,0,17.0,4,10.4,2024-12
A-533452,DevTools,Enterprise,2024-12-16,,1791,missing features,0,17.0,4,10.4,2024-12
A-533452,DevTools,Enterprise,2024-12-16,,1791,missing features,0,17.0,4,10.4,2024-12
A-533452,DevTools,Basic,2024-12-25,,988,,0,16.7,4,11.5,2024-12
A-533452,DevTools,Basic,2024-12-25,,988,missing features,0,16.7,4,11.5,2024-12
A-533452,DevTools,Basic,2024-12-25,,988,missing features,0,16.7,4,11.5,2024-12
A-533452,DevTools,Basic,2024-12-25,,988,missing features,0,16.7,4,11.5,2024-12
A-533452,DevTools,Pro,2024-12-15,,441,,0,17.0,4,8.3,2024-12
A-533452,DevTools,Pro,2024-12-15,,441,missing features,0,17.0,4,8.3,2024-12
A-533452,DevTools,Pro,2024-12-15,,441,missing features,0,17.0,4,8.3,2024-12
A-533452,DevTools,Pro,2024-12-15,,441,missing features,0,17.0,4,8.3,2024-12
A-533452,DevTools,Pro,2024-11-23,2024-12-20,441,,1,0.9,4,9.6,2024-11
A-533452,DevTools,Pro,2024-11-23,2024-12-20,441,missing features,1,0.9,4,9.6,2024-11
A-533452,DevTools,Pro,2024-11-23,2024-12-20,441,missing features,1,0.9,4,9.6,2024-11
A-533452,DevTools,Pro,2024-11-23,2024-12-20,441,missing features,1,0.9,4,9.6,2024-11
A-533452,DevTools,Enterprise,2024-11-27,,0,,0,17.6,4,9.6,2024-11
A-533452,DevTools,Enterprise,2024-11-27,,0,missing features,0,17.6,4,9.6,2024-11
A-533452,DevTools,Enterprise,2024-11-27,,0,missing features,0,17.6,4,9.6,2024-11
A-533452,DevTools,Enterprise,2024-11-27,,0,missing features,0,17.6,4,9.6,2024-11
A-533452,DevTools,Pro,2024-11-25,,4949,,0,17.6,4,9.7,2024-11
A-533452,DevTools,Pro,2024-11-25,,4949,missing features,0,17.6,4,9.7,2024-11
A-533452,DevTools,Pro,2024-11-25,,4949,missing features,0,17.6,4,9.7,2024-11
A-533452,DevTools,Pro,2024-11-25,,4949,missing features,0,17.6,4,9.7,2024-11
A-533452,DevTools,Pro,2024-11-21,,1225,,0,17.8,4,7.6,2024-11
A-533452,DevTools,Pro,2024-11-21,,1225,missing features,0,17.8,4,7.6,2024-11
A-533452,DevTools,Pro,2024-11-21,,1225,missing features,0,17.8,4,7.6,2024-11
A-533452,DevTools,Pro,2024-11-21,,1225,missing features,0,17.8,4,7.6,2024-11
A-443b7c,Cybersecurity,Basic,2024-10-20,,456,,0,18.8,8,10.5,2024-10
A-443b7c,Cybersecurity,Basic,2024-12-29,,152,,0,16.5,8,7.0,2024-12
A-443b7c,Cybersecurity,Pro,2024-11-11,,1862,,0,18.1,8,4.0,2024-11
A-443b7c,Cybersecurity,Basic,2024-11-29,,152,,0,17.5,8,9.5,2024-11
A-443b7c,Cybersecurity,Enterprise,2024-10-26,,0,,0,18.6,8,10.8,2024-10
A-443b7c,Cybersecurity,Pro,2024-10-27,,637,,0,18.6,8,10.5,2024-10
A-443b7c,Cybersecurity,Pro,2024-09-16,,245,,0,19.9,8,9.2,2024-09
A-443b7c,Cybersecurity,Basic,2024-09-30,,684,,0,19.5,8,8.6,2024-09
A-443b7c,Cybersecurity,Basic,2024-11-01,,57,,0,18.4,8,11.3,2024-11
A-443b7c,Cybersecurity,Basic,2024-10-06,,76,,0,19.3,8,10.9,2024-10
A-443b7c,Cybersecurity,Pro,2024-10-08,,1372,,0,19.2,8,12.0,2024-10
A-443b7c,Cybersecurity,Basic,2024-12-26,2024-12-29,323,,1,0.1,8,7.0,2024-12
A-443b7c,Cybersecurity,Pro,2024-11-13,2024-11-21,0,,1,0.3,8,12.5,2024-11
A-443b7c,Cybersecurity,Basic,2024-11-18,,0,,0,17.9,8,9.8,2024-11
A-443b7c,Cybersecurity,Pro,2024-10-01,,4116,,0,19.5,8,10.8,2024-10
A-443b7c,Cybersecurity,Enterprise,2024-09-25,,13930,,0,19.6,8,9.4,2024-09
A-1f7acb,FinTech,Enterprise,2024-07-05,,12736,,0,22.3,7,10.7,2024-07
A-1f7acb,FinTech,Basic,2024-06-03,,0,,0,23.4,7,10.4,2024-06
A-1f7acb,FinTech,Basic,2023-10-14,,1216,,0,31.0,7,9.5,2023-10
A-1f7acb,FinTech,Pro,2024-08-27,,3136,,0,20.6,7,8.8,2024-08
A-1f7acb,FinTech,Enterprise,2023-09-01,,12736,,0,32.5,7,10.1,2023-09
A-1f7acb,FinTech,Pro,2024-07-03,,3136,,0,22.4,7,9.8,2024-07
A-1f7acb,FinTech,Basic,2023-10-31,,1216,,0,30.5,7,9.5,2023-10
A-1f7acb,FinTech,Enterprise,2024-09-22,,12736,,0,19.7,7,6.5,2024-09
A-f51f16,HealthTech,Pro,2024-03-15,,2940,switched to competitor,0,26.0,4,11.5,2024-03
A-f51f16,HealthTech,Pro,2024-03-15,,2940,too expensive,0,26.0,4,11.5,2024-03
A-f51f16,HealthTech,Enterprise,2024-03-14,,1990,switched to competitor,0,26.1,4,13.5,2024-03
A-f51f16,HealthTech,Enterprise,2024-03-14,,1990,too expensive,0,26.1,4,13.5,2024-03
A-f51f16,HealthTech,Basic,2024-02-18,,456,switched to competitor,0,26.9,4,8.0,2024-02
A-f51f16,HealthTech,Basic,2024-02-18,,456,too expensive,0,26.9,4,8.0,2024-02
A-f51f16,HealthTech,Basic,2024-02-23,,76,switched to competitor,0,26.7,4,11.2,2024-02
A-f51f16,HealthTech,Basic,2024-02-23,,76,too expensive,0,26.7,4,11.2,2024-02
A-f51f16,HealthTech,Enterprise,2024-05-06,,7761,switched to competitor,0,24.3,4,6.0,2024-05
A-f51f16,HealthTech,Enterprise,2024-05-06,,7761,too expensive,0,24.3,4,6.0,2024-05
A-f51f16,HealthTech,Pro,2024-04-01,2024-08-23,49,switched to competitor,1,4.7,4,10.7,2024-04
A-f51f16,HealthTech,Pro,2024-04-01,2024-08-23,49,too expensive,1,4.7,4,10.7,2024-04
A-f51f16,HealthTech,Enterprise,2024-04-06,,0,switched to competitor,0,25.3,4,10.7,2024-04
A-f51f16,HealthTech,Enterprise,2024-04-06,,0,too expensive,0,25.3,4,10.7,2024-04
A-f51f16,HealthTech,Basic,2024-08-27,,38,switched to competitor,0,20.6,4,9.0,2024-08
A-f51f16,HealthTech,Basic,2024-08-27,,38,too expensive,0,20.6,4,9.0,2024-08
A-5a3eb9,DevTools,Pro,2023-09-20,,3185,,0,31.8,3,9.2,2023-09
A-5a3eb9,DevTools,Pro,2023-09-20,,3185,missing features,0,31.8,3,9.2,2023-09
A-5a3eb9,DevTools,Pro,2023-09-20,,3185,missing features,0,31.8,3,9.2,2023-09
A-5a3eb9,DevTools,Pro,2024-08-18,,1029,,0,20.9,3,12.8,2024-08
A-5a3eb9,DevTools,Pro,2024-08-18,,1029,missing features,0,20.9,3,12.8,2024-08
A-5a3eb9,DevTools,Pro,2024-08-18,,1029,missing features,0,20.9,3,12.8,2024-08
A-5a3eb9,DevTools,Pro,2024-06-14,,3381,,0,23.0,3,7.3,2024-06
A-5a3eb9,DevTools,Pro,2024-06-14,,3381,missing features,0,23.0,3,7.3,2024-06
A-5a3eb9,DevTools,Pro,2024-06-14,,3381,missing features,0,23.0,3,7.3,2024-06
A-5a3eb9,DevTools,Basic,2024-03-15,,342,,0,26.0,3,11.0,2024-03
A-5a3eb9,DevTools,Basic,2024-03-15,,342,missing features,0,26.0,3,11.0,2024-03
A-5a3eb9,DevTools,Basic,2024-03-15,,342,missing features,0,26.0,3,11.0,2024-03
A-5a3eb9,DevTools,Basic,2023-12-15,,551,,0,29.0,3,12.0,2023-12
A-5a3eb9,DevTools,Basic,2023-12-15,,551,missing features,0,29.0,3,12.0,2023-12
A-5a3eb9,DevTools,Basic,2023-12-15,,551,missing features,0,29.0,3,12.0,2023-12
A-5a3eb9,DevTools,Basic,2024-06-19,,760,,0,22.9,3,10.7,2024-06
A-5a3eb9,DevTools,Basic,2024-06-19,,760,missing features,0,22.9,3,10.7,2024-06
A-5a3eb9,DevTools,Basic,2024-06-19,,760,missing features,0,22.9,3,10.7,2024-06
A-5a3eb9,DevTools,Basic,2024-08-26,,836,,0,20.6,3,8.9,2024-08
A-5a3eb9,DevTools,Basic,2024-08-26,,836,missing features,0,20.6,3,8.9,2024-08
A-5a3eb9,DevTools,Basic,2024-08-26,,836,missing features,0,20.6,3,8.9,2024-08
A-5a3eb9,DevTools,Enterprise,2024-11-09,,3582,,0,18.2,3,11.0,2024-11
A-5a3eb9,DevTools,Enterprise,2024-11-09,,3582,missing features,0,18.2,3,11.0,2024-11
A-5a3eb9,DevTools,Enterprise,2024-11-09,,3582,missing features,0,18.2,3,11.0,2024-11
A-5a3eb9,DevTools,Basic,2024-10-30,,399,,0,18.5,3,10.9,2024-10
A-5a3eb9,DevTools,Basic,2024-10-30,,399,missing features,0,18.5,3,10.9,2024-10
A-5a3eb9,DevTools,Basic,2024-10-30,,399,missing features,0,18.5,3,10.9,2024-10
A-5a3eb9,DevTools,Pro,2024-03-15,,882,,0,26.0,3,10.8,2024-03
A-5a3eb9,DevTools,Pro,2024-03-15,,882,missing features,0,26.0,3,10.8,2024-03
A-5a3eb9,DevTools,Pro,2024-03-15,,882,missing features,0,26.0,3,10.8,2024-03
A-5a3eb9,DevTools,Enterprise,2024-05-28,,3582,,0,23.6,3,13.0,2024-05
A-5a3eb9,DevTools,Enterprise,2024-05-28,,3582,missing features,0,23.6,3,13.0,2024-05
A-5a3eb9,DevTools,Enterprise,2024-05-28,,3582,missing features,0,23.6,3,13.0,2024-05
A-5a3eb9,DevTools,Pro,2024-12-10,2024-12-28,882,,1,0.6,3,9.4,2024-12
A-5a3eb9,DevTools,Pro,2024-12-10,2024-12-28,882,missing features,1,0.6,3,9.4,2024-12
A-5a3eb9,DevTools,Pro,2024-12-10,2024-12-28,882,missing features,1,0.6,3,9.4,2024-12
A-5a3eb9,DevTools,Pro,2023-09-21,,882,,0,31.8,3,11.0,2023-09
A-5a3eb9,DevTools,Pro,2023-09-21,,882,missing features,0,31.8,3,11.0,2023-09
A-5a3eb9,DevTools,Pro,2023-09-21,,882,missing features,0,31.8,3,11.0,2023-09
A-5f2961,HealthTech,Enterprise,2024-11-27,,1393,switched to competitor,0,17.6,1,9.3,2024-11
A-5f2961,HealthTech,Basic,2024-12-02,,1045,switched to competitor,0,17.4,1,9.3,2024-12
A-5f2961,HealthTech,Pro,2024-12-02,,2401,switched to competitor,0,17.4,1,10.6,2024-12
A-5f2961,HealthTech,Basic,2024-12-23,,304,switched to competitor,0,16.7,1,13.0,2024-12
A-5f2961,HealthTech,Enterprise,2024-12-03,,3184,switched to competitor,0,17.4,1,9.0,2024-12
A-5f2961,HealthTech,Pro,2024-12-20,,1176,switched to competitor,0,16.8,1,9.3,2024-12
A-5f2961,HealthTech,Enterprise,2024-12-17,,796,switched to competitor,0,16.9,1,7.8,2024-12
A-417d2f,Cybersecurity,Pro,2024-12-28,,1617,missing features,0,16.6,6,11.5,2024-12
A-417d2f,Cybersecurity,Basic,2024-10-30,,0,missing features,0,18.5,6,9.2,2024-10
A-417d2f,Cybersecurity,Pro,2024-10-14,,196,missing features,0,19.0,6,9.3,2024-10
A-417d2f,Cybersecurity,Enterprise,2024-02-02,2024-05-03,5174,missing features,1,3.0,6,9.8,2024-02
A-417d2f,Cybersecurity,Basic,2023-07-04,,95,missing features,0,34.4,6,9.2,2023-07
A-417d2f,Cybersecurity,Pro,2024-09-14,,196,missing features,0,20.0,6,11.3,2024-09
A-417d2f,Cybersecurity,Pro,2024-12-09,,1274,missing features,0,17.2,6,10.8,2024-12
A-417d2f,Cybersecurity,Basic,2023-08-14,,703,missing features,0,33.1,6,8.7,2023-08
A-417d2f,Cybersecurity,Pro,2024-06-23,,196,missing features,0,22.7,6,10.8,2024-06
A-417d2f,Cybersecurity,Basic,2024-10-31,,703,missing features,0,18.5,6,8.5,2024-10
A-417d2f,Cybersecurity,Basic,2024-09-08,,931,missing features,0,20.2,6,10.0,2024-09
A-417d2f,Cybersecurity,Basic,2024-01-24,,266,missing features,0,27.7,6,9.7,2024-01
A-417d2f,Cybersecurity,Enterprise,2023-12-30,,796,missing features,0,28.5,6,11.0,2023-12
A-417d2f,Cybersecurity,Pro,2024-03-29,,637,missing features,0,25.6,6,10.7,2024-03
A-417d2f,Cybersecurity,Enterprise,2024-09-21,,0,missing features,0,19.8,6,11.0,2024-09
A-417d2f,Cybersecurity,Enterprise,2023-07-16,,10149,missing features,0,34.0,6,11.3,2023-07
A-e98302,EdTech,Pro,2024-12-23,2024-12-28,2842,,1,0.2,9,6.0,2024-12
A-e98302,EdTech,Basic,2024-09-09,,646,,0,20.2,9,9.4,2024-09
A-e98302,EdTech,Enterprise,2024-02-01,,6766,,0,27.4,9,8.0,2024-02
A-e98302,EdTech,Basic,2024-11-22,,304,,0,17.7,9,6.3,2024-11
A-e98302,EdTech,Pro,2024-01-21,,882,,0,27.8,9,12.0,2024-01
A-e98302,EdTech,Pro,2024-07-14,,1127,,0,22.0,9,10.7,2024-07
A-8bde0c,DevTools,Basic,2024-12-15,,0,,0,17.0,3,8.0,2024-12
A-8bde0c,DevTools,Basic,2024-12-15,,0,missing features,0,17.0,3,8.0,2024-12
A-8bde0c,DevTools,Basic,2024-12-19,,437,,0,16.9,3,7.5,2024-12
A-8bde0c,DevTools,Basic,2024-12-19,,437,missing features,0,16.9,3,7.5,2024-12
A-8bde0c,DevTools,Enterprise,2024-12-12,,2388,,0,17.1,3,9.8,2024-12
A-8bde0c,DevTools,Enterprise,2024-12-12,,2388,missing features,0,17.1,3,9.8,2024-12
A-8bde0c,DevTools,Pro,2024-12-23,,735,,0,16.7,3,10.0,2024-12
A-8bde0c,DevTools,Pro,2024-12-23,,735,missing features,0,16.7,3,10.0,2024-12
A-8bde0c,DevTools,Pro,2024-12-19,2024-12-30,1225,,1,0.4,3,10.7,2024-12
A-8bde0c,DevTools,Pro,2024-12-19,2024-12-30,1225,missing features,1,0.4,3,10.7,2024-12
A-8bde0c,DevTools,Enterprise,2024-12-26,,5572,,0,16.6,3,12.0,2024-12
A-8bde0c,DevTools,Enterprise,2024-12-26,,5572,missing features,0,16.6,3,12.0,2024-12
A-8bde0c,DevTools,Pro,2024-11-13,,588,,0,18.0,3,9.0,2024-11
A-8bde0c,DevTools,Pro,2024-11-13,,588,missing features,0,18.0,3,9.0,2024-11
A-8bde0c,DevTools,Enterprise,2024-12-28,,2388,,0,16.6,3,7.4,2024-12
A-8bde0c,DevTools,Enterprise,2024-12-28,,2388,missing features,0,16.6,3,7.4,2024-12
A-8bde0c,DevTools,Basic,2024-12-14,,1159,,0,17.0,3,9.5,2024-12
A-8bde0c,DevTools,Basic,2024-12-14,,1159,missing features,0,17.0,3,9.5,2024-12
A-8bde0c,DevTools,Enterprise,2024-12-24,,2388,,0,16.7,3,10.0,2024-12
A-8bde0c,DevTools,Enterprise,2024-12-24,,2388,missing features,0,16.7,3,10.0,2024-12
A-8bde0c,DevTools,Basic,2024-12-19,,1007,,0,16.9,3,11.7,2024-12
A-8bde0c,DevTools,Basic,2024-12-19,,1007,missing features,0,16.9,3,11.7,2024-12
A-8bde0c,DevTools,Pro,2024-12-23,,4557,,0,16.7,3,5.0,2024-12
A-8bde0c,DevTools,Pro,2024-12-23,,4557,missing features,0,16.7,3,5.0,2024-12
A-8bde0c,DevTools,Pro,2024-12-14,,637,,0,17.0,3,11.6,2024-12
A-8bde0c,DevTools,Pro,2024-12-14,,637,missing features,0,17.0,3,11.6,2024-12
A-8bde0c,DevTools,Pro,2024-11-04,,588,,0,18.3,3,11.3,2024-11
A-8bde0c,DevTools,Pro,2024-11-04,,588,missing features,0,18.3,3,11.3,2024-11
A-8bde0c,DevTools,Pro,2024-12-21,,588,,0,16.8,3,5.5,2024-12
A-8bde0c,DevTools,Pro,2024-12-21,,588,missing features,0,16.8,3,5.5,2024-12
A-8bde0c,DevTools,Enterprise,2024-12-13,,3781,,0,17.1,3,10.0,2024-12
A-8bde0c,DevTools,Enterprise,2024-12-13,,3781,missing features,0,17.1,3,10.0,2024-12
A-8bde0c,DevTools,Enterprise,2024-12-15,,5572,,0,17.0,3,10.8,2024-12
A-8bde0c,DevTools,Enterprise,2024-12-15,,5572,missing features,0,17.0,3,10.8,2024-12
A-8bde0c,DevTools,Pro,2024-12-20,2024-12-22,588,,1,0.1,3,8.0,2024-12
A-8bde0c,DevTools,Pro,2024-12-20,2024-12-22,588,missing features,1,0.1,3,8.0,2024-12
A-bcf87c,FinTech,Pro,2024-11-27,,1029,,0,17.6,2,7.4,2024-11
A-bcf87c,FinTech,Basic,2024-12-10,,0,,0,17.2,2,11.0,2024-12
A-bcf87c,FinTech,Basic,2024-10-28,,190,,0,18.6,2,10.7,2024-10
A-bcf87c,FinTech,Enterprise,2024-08-27,2024-12-11,1990,,1,3.5,2,9.5,2024-08
A-bcf87c,FinTech,Enterprise,2024-12-13,,3383,,0,17.1,2,7.8,2024-12
A-bcf87c,FinTech,Enterprise,2024-08-22,2024-09-28,6169,,1,1.2,2,8.1,2024-08
A-bcf87c,FinTech,Enterprise,2024-11-09,,3184,,0,18.2,2,11.6,2024-11
A-bcf87c,FinTech,Pro,2024-07-22,,833,,0,21.8,2,9.5,2024-07
A-bcf87c,FinTech,Enterprise,2024-12-09,,4179,,0,17.2,2,10.0,2024-12
A-bcf87c,FinTech,Basic,2024-10-25,,323,,0,18.7,2,8.6,2024-10
A-bcf87c,FinTech,Pro,2024-08-14,,490,,0,21.0,2,11.0,2024-08
A-54ecc2,Cybersecurity,Basic,2024-09-27,,114,,0,19.6,5,12.5,2024-09
A-54ecc2,Cybersecurity,Basic,2024-09-27,,114,missing features,0,19.6,5,12.5,2024-09
A-54ecc2,Cybersecurity,Basic,2024-09-27,,114,too expensive,0,19.6,5,12.5,2024-09
A-54ecc2,Cybersecurity,Basic,2024-08-29,,76,,0,20.5,5,10.3,2024-08
A-54ecc2,Cybersecurity,Basic,2024-08-29,,76,missing features,0,20.5,5,10.3,2024-08
A-54ecc2,Cybersecurity,Basic,2024-08-29,,76,too expensive,0,20.5,5,10.3,2024-08
A-54ecc2,Cybersecurity,Enterprise,2023-09-16,,2189,,0,32.0,5,10.8,2023-09
A-54ecc2,Cybersecurity,Enterprise,2023-09-16,,2189,missing features,0,32.0,5,10.8,2023-09
A-54ecc2,Cybersecurity,Enterprise,2023-09-16,,2189,too expensive,0,32.0,5,10.8,2023-09
A-54ecc2,Cybersecurity,Pro,2024-09-16,,343,,0,19.9,5,11.3,2024-09
A-54ecc2,Cybersecurity,Pro,2024-09-16,,343,missing features,0,19.9,5,11.3,2024-09
A-54ecc2,Cybersecurity,Pro,2024-09-16,,343,too expensive,0,19.9,5,11.3,2024-09
A-54ecc2,Cybersecurity,Enterprise,2024-10-16,,995,,0,19.0,5,9.8,2024-10
A-54ecc2,Cybersecurity,Enterprise,2024-10-16,,995,missing features,0,19.0,5,9.8,2024-10
A-54ecc2,Cybersecurity,Enterprise,2024-10-16,,995,too expensive,0,19.0,5,9.8,2024-10
A-54ecc2,Cybersecurity,Enterprise,2024-04-29,,5970,,0,24.5,5,12.0,2024-04
A-54ecc2,Cybersecurity,Enterprise,2024-04-29,,5970,missing features,0,24.5,5,12.0,2024-04
A-54ecc2,Cybersecurity,Enterprise,2024-04-29,,5970,too expensive,0,24.5,5,12.0,2024-04
A-54ecc2,Cybersecurity,Enterprise,2023-09-13,,0,,0,32.1,5,9.3,2023-09
A-54ecc2,Cybersecurity,Enterprise,2023-09-13,,0,missing features,0,32.1,5,9.3,2023-09
A-54ecc2,Cybersecurity,Enterprise,2023-09-13,,0,too expensive,0,32.1,5,9.3,2023-09
A-54ecc2,Cybersecurity,Pro,2024-08-25,,637,,0,20.7,5,9.3,2024-08
A-54ecc2,Cybersecurity,Pro,2024-08-25,,637,missing features,0,20.7,5,9.3,2024-08
A-54ecc2,Cybersecurity,Pro,2024-08-25,,637,too expensive,0,20.7,5,9.3,2024-08
A-54ecc2,Cybersecurity,Basic,2023-11-26,,76,,0,29.6,5,12.8,2023-11
A-54ecc2,Cybersecurity,Basic,2023-11-26,,76,missing features,0,29.6,5,12.8,2023-11
A-54ecc2,Cybersecurity,Basic,2023-11-26,,76,too expensive,0,29.6,5,12.8,2023-11
A-54ecc2,Cybersecurity,Pro,2023-08-16,,196,,0,33.0,5,11.8,2023-08
A-54ecc2,Cybersecurity,Pro,2023-08-16,,196,missing features,0,33.0,5,11.8,2023-08
A-54ecc2,Cybersecurity,Pro,2023-08-16,,196,too expensive,0,33.0,5,11.8,2023-08
A-54ecc2,Cybersecurity,Enterprise,2024-10-30,,5572,,0,18.5,5,10.2,2024-10
A-54ecc2,Cybersecurity,Enterprise,2024-10-30,,5572,missing features,0,18.5,5,10.2,2024-10
A-54ecc2,Cybersecurity,Enterprise,2024-10-30,,5572,too expensive,0,18.5,5,10.2,2024-10
A-625d0b,EdTech,Pro,2024-10-14,,441,,0,19.0,5,9.0,2024-10
A-625d0b,EdTech,Enterprise,2024-12-29,,1791,,0,16.5,5,8.4,2024-12
A-625d0b,EdTech,Basic,2024-10-15,,0,,0,19.0,5,8.9,2024-10
A-625d0b,EdTech,Enterprise,2024-10-07,,1791,,0,19.3,5,10.1,2024-10
A-625d0b,EdTech,Pro,2024-11-09,,686,,0,18.2,5,9.0,2024-11
A-625d0b,EdTech,Pro,2024-11-21,,1862,,0,17.8,5,8.3,2024-11
A-625d0b,EdTech,Pro,2024-10-17,,2058,,0,18.9,5,10.0,2024-10
A-625d0b,EdTech,Pro,2024-11-22,,441,,0,17.7,5,10.3,2024-11
A-625d0b,EdTech,Pro,2024-12-24,,833,,0,16.7,5,11.9,2024-12
A-625d0b,EdTech,Enterprise,2024-11-16,2024-11-22,1990,,1,0.2,5,9.3,2024-11
A-625d0b,EdTech,Basic,2024-09-25,,0,,0,19.6,5,10.5,2024-09
A-fce879,EdTech,Basic,2024-12-13,,399,switched to competitor,0,17.1,2,8.7,2024-12
A-fce879,EdTech,Basic,2024-12-13,,399,switched to competitor,0,17.1,2,8.7,2024-12
A-fce879,EdTech,Enterprise,2024-10-18,,1990,switched to competitor,0,18.9,2,11.4,2024-10
A-fce879,EdTech,Enterprise,2024-10-18,,1990,switched to competitor,0,18.9,2,11.4,2024-10
A-fce879,EdTech,Enterprise,2024-10-27,,3781,switched to competitor,0,18.6,2,12.3,2024-10
A-fce879,EdTech,Enterprise,2024-10-27,,3781,switched to competitor,0,18.6,2,12.3,2024-10
A-fce879,EdTech,Basic,2024-09-28,,627,switched to competitor,0,19.5,2,9.6,2024-09
A-fce879,EdTech,Basic,2024-09-28,,627,switched to competitor,0,19.5,2,9.6,2024-09
A-fce879,EdTech,Pro,2024-10-18,,0,switched to competitor,0,18.9,2,15.0,2024-10
A-fce879,EdTech,Pro,2024-10-18,,0,switched to competitor,0,18.9,2,15.0,2024-10
A-b07b56,DevTools,Pro,2024-12-16,,1323,switched to competitor,0,17.0,4,12.7,2024-12
A-b07b56,DevTools,Pro,2024-12-02,,1470,switched to competitor,0,17.4,4,12.0,2024-12
A-b07b56,DevTools,Pro,2024-12-19,,1666,switched to competitor,0,16.9,4,9.0,2024-12
A-b07b56,DevTools,Basic,2024-11-26,,0,switched to competitor,0,17.6,4,10.7,2024-11
A-b07b56,DevTools,Pro,2024-12-08,,1225,switched to competitor,0,17.2,4,10.0,2024-12
A-b07b56,DevTools,Enterprise,2024-12-18,,4975,switched to competitor,0,16.9,4,9.8,2024-12
A-b07b56,DevTools,Pro,2024-11-24,,1225,switched to competitor,0,17.7,4,8.3,2024-11
A-b07b56,DevTools,Basic,2024-11-29,,475,switched to competitor,0,17.5,4,10.7,2024-11
A-b07b56,DevTools,Basic,2024-12-21,,0,switched to competitor,0,16.8,4,7.0,2024-12
A-b07b56,DevTools,Pro,2024-11-20,,1225,switched to competitor,0,17.8,4,9.8,2024-11
A-b07b56,DevTools,Enterprise,2024-12-03,2024-12-09,0,switched to competitor,1,0.2,4,8.8,2024-12
A-b07b56,DevTools,Basic,2024-11-25,,475,switched to competitor,0,17.6,4,8.8,2024-11
A-b07b56,DevTools,Pro,2024-12-16,,1225,switched to competitor,0,17.0,4,11.0,2024-12
A-b07b56,DevTools,Basic,2024-11-16,,475,switched to competitor,0,17.9,4,9.9,2024-11
A-b07b56,DevTools,Pro,2024-11-19,,1225,switched to competitor,0,17.8,4,10.2,2024-11
A-6da850,FinTech,Basic,2024-04-12,,228,missing features,0,25.1,5,8.7,2024-04
A-6da850,FinTech,Basic,2024-04-12,,228,switched to competitor,0,25.1,5,8.7,2024-04
A-6da850,FinTech,Basic,2024-04-12,,228,too expensive,0,25.1,5,8.7,2024-04
A-6da850,FinTech,Basic,2024-12-31,2024-12-31,114,missing features,1,0.0,5,10.0,2024-12
A-6da850,FinTech,Basic,2024-12-31,2024-12-31,114,switched to competitor,1,0.0,5,10.0,2024-12
A-6da850,FinTech,Basic,2024-12-31,2024-12-31,114,too expensive,1,0.0,5,10.0,2024-12
A-6da850,FinTech,Basic,2024-12-28,,0,missing features,0,16.6,5,9.8,2024-12
A-6da850,FinTech,Basic,2024-12-28,,0,switched to competitor,0,16.6,5,9.8,2024-12
A-6da850,FinTech,Basic,2024-12-28,,0,too expensive,0,16.6,5,9.8,2024-12
A-6da850,FinTech,Pro,2023-12-04,,245,missing features,0,29.4,5,10.0,2023-12
A-6da850,FinTech,Pro,2023-12-04,,245,switched to competitor,0,29.4,5,10.0,2023-12
A-6da850,FinTech,Pro,2023-12-04,,245,too expensive,0,29.4,5,10.0,2023-12
A-6da850,FinTech,Basic,2024-01-08,,475,missing features,0,28.2,5,9.3,2024-01
A-6da850,FinTech,Basic,2024-01-08,,475,switched to competitor,0,28.2,5,9.3,2024-01
A-6da850,FinTech,Basic,2024-01-08,,475,too expensive,0,28.2,5,9.3,2024-01
A-6da850,FinTech,Enterprise,2024-02-20,,0,missing features,0,26.8,5,8.0,2024-02
A-6da850,FinTech,Enterprise,2024-02-20,,0,switched to competitor,0,26.8,5,8.0,2024-02
A-6da850,FinTech,Enterprise,2024-02-20,,0,too expensive,0,26.8,5,8.0,2024-02
A-6da850,FinTech,Basic,2024-08-05,,0,missing features,0,21.3,5,12.0,2024-08
A-6da850,FinTech,Basic,2024-08-05,,0,switched to competitor,0,21.3,5,12.0,2024-08
A-6da850,FinTech,Basic,2024-08-05,,0,too expensive,0,21.3,5,12.0,2024-08
A-6da850,FinTech,Pro,2024-11-10,2024-12-09,392,missing features,1,1.0,5,10.7,2024-11
A-6da850,FinTech,Pro,2024-11-10,2024-12-09,392,switched to competitor,1,1.0,5,10.7,2024-11
A-6da850,FinTech,Pro,2024-11-10,2024-12-09,392,too expensive,1,1.0,5,10.7,2024-11
A-6da850,FinTech,Enterprise,2024-10-09,,4975,missing features,0,19.2,5,7.8,2024-10
A-6da850,FinTech,Enterprise,2024-10-09,,4975,switched to competitor,0,19.2,5,7.8,2024-10
A-6da850,FinTech,Enterprise,2024-10-09,,4975,too expensive,0,19.2,5,7.8,2024-10
A-6da850,FinTech,Basic,2024-02-09,,342,missing features,0,27.2,5,15.0,2024-02
A-6da850,FinTech,Basic,2024-02-09,,342,switched to competitor,0,27.2,5,15.0,2024-02
A-6da850,FinTech,Basic,2024-02-09,,342,too expensive,0,27.2,5,15.0,2024-02
A-6da850,FinTech,Enterprise,2024-01-17,,995,missing features,0,27.9,5,12.0,2024-01
A-6da850,FinTech,Enterprise,2024-01-17,,995,switched to competitor,0,27.9,5,12.0,2024-01
A-6da850,FinTech,Enterprise,2024-01-17,,995,too expensive,0,27.9,5,12.0,2024-01
A-6da850,FinTech,Pro,2024-09-01,,245,missing features,0,20.4,5,12.5,2024-09
A-6da850,FinTech,Pro,2024-09-01,,245,switched to competitor,0,20.4,5,12.5,2024-09
A-6da850,FinTech,Pro,2024-09-01,,245,too expensive,0,20.4,5,12.5,2024-09
A-6da850,FinTech,Basic,2024-04-29,,0,missing features,0,24.5,5,9.9,2024-04
A-6da850,FinTech,Basic,2024-04-29,,0,switched to competitor,0,24.5,5,9.9,2024-04
A-6da850,FinTech,Basic,2024-04-29,,0,too expensive,0,24.5,5,9.9,2024-04
A-6da850,FinTech,Enterprise,2024-06-02,,7363,missing features,0,23.4,5,9.5,2024-06
A-6da850,FinTech,Enterprise,2024-06-02,,7363,switched to competitor,0,23.4,5,9.5,2024-06
A-6da850,FinTech,Enterprise,2024-06-02,,7363,too expensive,0,23.4,5,9.5,2024-06
A-6da850,FinTech,Pro,2024-10-16,2024-12-08,1519,missing features,1,1.7,5,10.7,2024-10
A-6da850,FinTech,Pro,2024-10-16,2024-12-08,1519,switched to competitor,1,1.7,5,10.7,2024-10
A-6da850,FinTech,Pro,2024-10-16,2024-12-08,1519,too expensive,1,1.7,5,10.7,2024-10
A-6da850,FinTech,Pro,2023-10-08,,1666,missing features,0,31.2,5,12.0,2023-10
A-6da850,FinTech,Pro,2023-10-08,,1666,switched to competitor,0,31.2,5,12.0,2023-10
A-6da850,FinTech,Pro,2023-10-08,,1666,too expensive,0,31.2,5,12.0,2023-10
A-342303,EdTech,Enterprise,2024-11-30,,0,switched to competitor,0,17.5,3,8.8,2024-11
A-342303,EdTech,Basic,2024-05-03,,323,switched to competitor,0,24.4,3,10.1,2024-05
A-342303,EdTech,Pro,2024-07-10,,1372,switched to competitor,0,22.2,3,7.0,2024-07
A-e7a1e2,Cybersecurity,Pro,2024-11-22,,1617,,0,17.7,1,10.5,2024-11
A-e7a1e2,Cybersecurity,Pro,2024-11-22,,1617,,0,17.7,1,10.5,2024-11
A-e7a1e2,Cybersecurity,Pro,2024-11-22,,1617,missing features,0,17.7,1,10.5,2024-11
A-e7a1e2,Cybersecurity,Enterprise,2024-07-19,,2786,,0,21.9,1,7.8,2024-07
A-e7a1e2,Cybersecurity,Enterprise,2024-07-19,,2786,,0,21.9,1,7.8,2024-07
A-e7a1e2,Cybersecurity,Enterprise,2024-07-19,,2786,missing features,0,21.9,1,7.8,2024-07
A-e7a1e2,Cybersecurity,Basic,2024-11-03,,57,,0,18.4,1,8.0,2024-11
A-e7a1e2,Cybersecurity,Basic,2024-11-03,,57,,0,18.4,1,8.0,2024-11
A-e7a1e2,Cybersecurity,Basic,2024-11-03,,57,missing features,0,18.4,1,8.0,2024-11
A-e7a1e2,Cybersecurity,Enterprise,2024-10-23,,0,,0,18.7,1,10.7,2024-10
A-e7a1e2,Cybersecurity,Enterprise,2024-10-23,,0,,0,18.7,1,10.7,2024-10
A-e7a1e2,Cybersecurity,Enterprise,2024-10-23,,0,missing features,0,18.7,1,10.7,2024-10
A-e7a1e2,Cybersecurity,Basic,2024-10-28,,228,,0,18.6,1,10.9,2024-10
A-e7a1e2,Cybersecurity,Basic,2024-10-28,,228,,0,18.6,1,10.9,2024-10
A-e7a1e2,Cybersecurity,Basic,2024-10-28,,228,missing features,0,18.6,1,10.9,2024-10
A-e7a1e2,Cybersecurity,Basic,2024-12-26,,190,,0,16.6,1,0.0,2024-12
A-e7a1e2,Cybersecurity,Basic,2024-12-26,,190,,0,16.6,1,0.0,2024-12
A-e7a1e2,Cybersecurity,Basic,2024-12-26,,190,missing features,0,16.6,1,0.0,2024-12
A-e7a1e2,Cybersecurity,Pro,2024-10-07,,637,,0,19.3,1,11.5,2024-10
A-e7a1e2,Cybersecurity,Pro,2024-10-07,,637,,0,19.3,1,11.5,2024-10
A-e7a1e2,Cybersecurity,Pro,2024-10-07,,637,missing features,0,19.3,1,11.5,2024-10
A-e7a1e2,Cybersecurity,Enterprise,2024-10-26,,2388,,0,18.6,1,10.8,2024-10
A-e7a1e2,Cybersecurity,Enterprise,2024-10-26,,2388,,0,18.6,1,10.8,2024-10
A-e7a1e2,Cybersecurity,Enterprise,2024-10-26,,2388,missing features,0,18.6,1,10.8,2024-10
A-e7a1e2,Cybersecurity,Enterprise,2024-08-09,,2388,,0,21.2,1,10.9,2024-08
A-e7a1e2,Cybersecurity,Enterprise,2024-08-09,,2388,,0,21.2,1,10.9,2024-08
A-e7a1e2,Cybersecurity,Enterprise,2024-08-09,,2388,missing features,0,21.2,1,10.9,2024-08
A-e7a1e2,Cybersecurity,Enterprise,2024-10-10,,0,,0,19.2,1,11.6,2024-10
A-e7a1e2,Cybersecurity,Enterprise,2024-10-10,,0,,0,19.2,1,11.6,2024-10
A-e7a1e2,Cybersecurity,Enterprise,2024-10-10,,0,missing features,0,19.2,1,11.6,2024-10
A-e7a1e2,Cybersecurity,Enterprise,2024-12-29,,8756,,0,16.5,1,11.7,2024-12
A-e7a1e2,Cybersecurity,Enterprise,2024-12-29,,8756,,0,16.5,1,11.7,2024-12
A-e7a1e2,Cybersecurity,Enterprise,2024-12-29,,8756,missing features,0,16.5,1,11.7,2024-12
A-e7a1e2,Cybersecurity,Enterprise,2024-11-23,2024-12-13,995,,1,0.7,1,9.3,2024-11
A-e7a1e2,Cybersecurity,Enterprise,2024-11-23,2024-12-13,995,,1,0.7,1,9.3,2024-11
A-e7a1e2,Cybersecurity,Enterprise,2024-11-23,2024-12-13,995,missing features,1,0.7,1,9.3,2024-11
A-f1f639,EdTech,Basic,2023-07-03,,95,,0,34.4,7,11.5,2023-07
A-f1f639,EdTech,Basic,2023-07-03,,95,missing features,0,34.4,7,11.5,2023-07
A-f1f639,EdTech,Enterprise,2023-08-18,,995,,0,32.9,7,5.7,2023-08
A-f1f639,EdTech,Enterprise,2023-08-18,,995,missing features,0,32.9,7,5.7,2023-08
A-f1f639,EdTech,Basic,2024-01-16,,38,,0,28.0,7,10.5,2024-01
A-f1f639,EdTech,Basic,2024-01-16,,38,missing features,0,28.0,7,10.5,2024-01
A-f1f639,EdTech,Enterprise,2024-09-19,,1791,,0,19.8,7,11.0,2024-09
A-f1f639,EdTech,Enterprise,2024-09-19,,1791,missing features,0,19.8,7,11.0,2024-09
A-a865bd,Cybersecurity,Pro,2024-09-19,,2744,,0,19.8,2,10.3,2024-09
A-a865bd,Cybersecurity,Pro,2024-09-19,,2744,missing features,0,19.8,2,10.3,2024-09
A-a865bd,Cybersecurity,Basic,2024-04-26,,1292,,0,24.6,2,9.0,2024-04
A-a865bd,Cybersecurity,Basic,2024-04-26,,1292,missing features,0,24.6,2,9.0,2024-04
A-a865bd,Cybersecurity,Enterprise,2024-05-22,,7562,,0,23.8,2,10.2,2024-05
A-a865bd,Cybersecurity,Enterprise,2024-05-22,,7562,missing features,0,23.8,2,10.2,2024-05
A-a865bd,Cybersecurity,Enterprise,2024-04-11,,7562,,0,25.1,2,8.9,2024-04
A-a865bd,Cybersecurity,Enterprise,2024-04-11,,7562,missing features,0,25.1,2,8.9,2024-04
A-a865bd,Cybersecurity,Pro,2024-01-17,,1862,,0,27.9,2,9.3,2024-01
A-a865bd,Cybersecurity,Pro,2024-01-17,,1862,missing features,0,27.9,2,9.3,2024-01
A-4e631b,FinTech,Basic,2024-11-22,,418,,0,17.7,2,10.3,2024-11
A-4e631b,FinTech,Enterprise,2024-05-13,,4378,,0,24.1,2,13.5,2024-05
A-4e631b,FinTech,Basic,2024-10-13,,418,,0,19.1,2,12.0,2024-10
A-4e631b,FinTech,Basic,2024-08-22,,418,,0,20.8,2,7.4,2024-08
A-4e631b,FinTech,Enterprise,2024-03-18,,7960,,0,25.9,2,8.0,2024-03
A-4e631b,FinTech,Basic,2024-07-26,,418,,0,21.7,2,9.9,2024-07
A-4e631b,FinTech,Basic,2024-11-05,,418,,0,18.3,2,11.8,2024-11
A-4e631b,FinTech,Enterprise,2024-11-06,,5174,,0,18.3,2,10.7,2024-11
A-4e631b,FinTech,Pro,2024-11-12,,0,,0,18.1,2,11.5,2024-11
A-4e631b,FinTech,Enterprise,2024-10-15,,4378,,0,19.0,2,10.4,2024-10
A-4e631b,FinTech,Basic,2024-12-10,,418,,0,17.2,2,10.3,2024-12
A-7f6b86,HealthTech,Basic,2023-10-15,,855,,0,31.0,7,9.5,2023-10
A-7f6b86,HealthTech,Basic,2024-05-21,,855,,0,23.8,7,10.8,2024-05
A-7f6b86,HealthTech,Basic,2024-12-06,,855,,0,17.3,7,11.5,2024-12
A-7f6b86,HealthTech,Enterprise,2024-10-27,,0,,0,18.6,7,9.3,2024-10
A-7f6b86,HealthTech,Pro,2024-07-05,,0,,0,22.3,7,10.0,2024-07
A-7f6b86,HealthTech,Pro,2023-08-30,,0,,0,32.5,7,10.7,2023-08
A-7f6b86,HealthTech,Pro,2023-10-24,,2891,,0,30.7,7,9.3,2023-10
A-7f6b86,HealthTech,Enterprise,2024-09-16,,11741,,0,19.9,7,10.2,2024-09
A-7f6b86,HealthTech,Pro,2024-01-21,2024-03-21,2205,,1,2.0,7,11.0,2024-01
A-8adedc,EdTech,Enterprise,2024-07-17,2024-10-30,3184,,1,3.4,4,9.3,2024-07
A-8adedc,EdTech,Basic,2024-08-21,,418,,0,20.8,4,9.0,2024-08
A-8adedc,EdTech,Pro,2024-09-07,,3332,,0,20.2,4,9.5,2024-09
A-8adedc,EdTech,Basic,2024-06-08,,361,,0,23.2,4,12.3,2024-06
A-8adedc,EdTech,Enterprise,2024-07-21,,0,,0,21.8,4,8.8,2024-07
A-8adedc,EdTech,Enterprise,2024-02-22,2024-03-09,11343,,1,0.5,4,9.4,2024-02
A-8adedc,EdTech,Pro,2024-04-02,,3871,,0,25.4,4,10.3,2024-04
A-8adedc,EdTech,Enterprise,2024-03-21,,2786,,0,25.8,4,11.7,2024-03
A-8adedc,EdTech,Basic,2024-05-23,,95,,0,23.8,4,8.4,2024-05
A-8adedc,EdTech,Enterprise,2024-05-23,,0,,0,23.8,4,6.0,2024-05
A-8adedc,EdTech,Basic,2024-03-16,,76,,0,26.0,4,8.3,2024-03
A-8adedc,EdTech,Enterprise,2024-04-24,,2786,,0,24.7,4,8.5,2024-04
A-8adedc,EdTech,Basic,2024-05-18,,76,,0,23.9,4,0.0,2024-05
A-8adedc,EdTech,Enterprise,2024-05-24,,0,,0,23.7,4,12.3,2024-05
A-2edab2,HealthTech,Pro,2023-11-28,,833,switched to competitor,0,29.6,4,14.3,2023-11
A-2edab2,HealthTech,Pro,2023-11-28,,833,too expensive,0,29.6,4,14.3,2023-11
A-2edab2,HealthTech,Pro,2024-03-29,,833,switched to competitor,0,25.6,4,9.2,2024-03
A-2edab2,HealthTech,Pro,2024-03-29,,833,too expensive,0,25.6,4,9.2,2024-03
A-2edab2,HealthTech,Basic,2023-11-22,,323,switched to competitor,0,29.8,4,8.6,2023-11
A-2edab2,HealthTech,Basic,2023-11-22,,323,too expensive,0,29.8,4,8.6,2023-11
A-2edab2,HealthTech,Basic,2024-10-03,,323,switched to competitor,0,19.4,4,11.2,2024-10
A-2edab2,HealthTech,Basic,2024-10-03,,323,too expensive,0,19.4,4,11.2,2024-10
A-2edab2,HealthTech,Pro,2024-03-05,2024-10-11,833,switched to competitor,1,7.2,4,11.3,2024-03
A-2edab2,HealthTech,Pro,2024-03-05,2024-10-11,833,too expensive,1,7.2,4,11.3,2024-03
A-2edab2,HealthTech,Basic,2023-12-05,,323,switched to competitor,0,29.3,4,10.8,2023-12
A-2edab2,HealthTech,Basic,2023-12-05,,323,too expensive,0,29.3,4,10.8,2023-12
A-2edab2,HealthTech,Enterprise,2024-06-19,,3383,switched to competitor,0,22.9,4,9.2,2024-06
A-2edab2,HealthTech,Enterprise,2024-06-19,,3383,too expensive,0,22.9,4,9.2,2024-06
A-2edab2,HealthTech,Enterprise,2024-11-30,,3383,switched to competitor,0,17.5,4,13.0,2024-11
A-2edab2,HealthTech,Enterprise,2024-11-30,,3383,too expensive,0,17.5,4,13.0,2024-11
A-2edab2,HealthTech,Pro,2024-12-15,,833,switched to competitor,0,17.0,4,10.2,2024-12
A-2edab2,HealthTech,Pro,2024-12-15,,833,too expensive,0,17.0,4,10.2,2024-12
A-2edab2,HealthTech,Basic,2024-07-24,,323,switched to competitor,0,21.7,4,10.3,2024-07
A-2edab2,HealthTech,Basic,2024-07-24,,323,too expensive,0,21.7,4,10.3,2024-07
A-149a69,DevTools,Basic,2024-12-19,,646,,0,16.9,8,10.8,2024-12
A-149a69,DevTools,Enterprise,2024-12-14,,6766,,0,17.0,8,12.2,2024-12
A-149a69,DevTools,Basic,2024-12-05,,646,,0,17.3,8,11.6,2024-12
A-a6d261,FinTech,Enterprise,2024-01-14,,2985,missing features,0,28.0,4,12.6,2024-01
A-a6d261,FinTech,Basic,2023-12-13,,171,missing features,0,29.1,4,12.0,2023-12
A-a6d261,FinTech,Basic,2024-06-08,,912,missing features,0,23.2,4,10.4,2024-06
A-a6d261,FinTech,Enterprise,2024-04-26,2024-11-26,20497,missing features,1,7.0,4,11.7,2024-04
A-a6d261,FinTech,Basic,2024-11-19,,247,missing features,0,17.8,4,12.8,2024-11
A-a6d261,FinTech,Enterprise,2024-09-18,,5373,missing features,0,19.9,4,9.9,2024-09
A-a6d261,FinTech,Enterprise,2024-01-11,,0,missing features,0,28.1,4,9.0,2024-01
A-a6d261,FinTech,Pro,2024-02-25,,441,missing features,0,26.6,4,9.6,2024-02
A-a6d261,FinTech,Enterprise,2024-05-09,,1791,missing features,0,24.2,4,9.4,2024-05
A-a6d261,FinTech,Pro,2024-09-20,,1274,missing features,0,19.8,4,9.5,2024-09
A-a6d261,FinTech,Enterprise,2024-03-07,,2786,missing features,0,26.3,4,5.3,2024-03
A-a6d261,FinTech,Basic,2024-07-16,,171,missing features,0,22.0,4,8.3,2024-07
A-a6d261,FinTech,Pro,2024-02-06,,1372,missing features,0,27.3,4,8.0,2024-02
A-a6d261,FinTech,Basic,2024-07-08,,171,missing features,0,22.2,4,11.3,2024-07
A-443f6f,Cybersecurity,Pro,2024-12-10,,931,,0,17.2,4,9.4,2024-12
A-443f6f,Cybersecurity,Pro,2024-12-15,,1225,,0,17.0,4,9.6,2024-12
A-443f6f,Cybersecurity,Enterprise,2024-12-24,,3781,,0,16.7,4,9.9,2024-12
A-443f6f,Cybersecurity,Basic,2024-12-26,,361,,0,16.6,4,7.3,2024-12
A-443f6f,Cybersecurity,Pro,2024-12-10,,931,,0,17.2,4,9.0,2024-12
A-443f6f,Cybersecurity,Enterprise,2024-12-08,,3781,,0,17.2,4,10.1,2024-12
A-443f6f,Cybersecurity,Basic,2024-12-19,,722,,0,16.9,4,7.0,2024-12
A-443f6f,Cybersecurity,Pro,2024-12-21,2024-12-22,931,,1,0.0,4,10.8,2024-12
A-443f6f,Cybersecurity,Pro,2024-12-26,,931,,0,16.6,4,8.7,2024-12
A-202b67,HealthTech,Pro,2024-05-31,,539,,0,23.5,4,10.7,2024-05
A-202b67,HealthTech,Pro,2024-05-31,,539,,0,23.5,4,10.7,2024-05
A-202b67,HealthTech,Pro,2024-03-27,,539,,0,25.6,4,8.6,2024-03
A-202b67,HealthTech,Pro,2024-03-27,,539,,0,25.6,4,8.6,2024-03
A-202b67,HealthTech,Enterprise,2024-06-22,,4975,,0,22.8,4,11.3,2024-06
A-202b67,HealthTech,Enterprise,2024-06-22,,4975,,0,22.8,4,11.3,2024-06
A-202b67,HealthTech,Basic,2024-08-28,,418,,0,20.6,4,9.5,2024-08
A-202b67,HealthTech,Basic,2024-08-28,,418,,0,20.6,4,9.5,2024-08
A-202b67,HealthTech,Pro,2024-05-18,,2989,,0,23.9,4,8.0,2024-05
A-202b67,HealthTech,Pro,2024-05-18,,2989,,0,23.9,4,8.0,2024-05
A-202b67,HealthTech,Enterprise,2024-10-09,,5771,,0,19.2,4,0.0,2024-10
A-202b67,HealthTech,Enterprise,2024-10-09,,5771,,0,19.2,4,0.0,2024-10
A-202b67,HealthTech,Basic,2024-07-18,,209,,0,21.9,4,9.7,2024-07
A-202b67,HealthTech,Basic,2024-07-18,,209,,0,21.9,4,9.7,2024-07
A-202b67,HealthTech,Enterprise,2024-07-07,2024-12-23,2189,,1,5.6,4,10.8,2024-07
A-202b67,HealthTech,Enterprise,2024-07-07,2024-12-23,2189,,1,5.6,4,10.8,2024-07
A-202b67,HealthTech,Pro,2024-09-04,,539,,0,20.3,4,7.0,2024-09
A-202b67,HealthTech,Pro,2024-09-04,,539,,0,20.3,4,7.0,2024-09
A-00bed1,Cybersecurity,Enterprise,2024-09-01,,5572,,0,20.4,4,8.0,2024-09
A-00bed1,Cybersecurity,Pro,2024-04-06,,1372,,0,25.3,4,10.3,2024-04
A-00bed1,Cybersecurity,Pro,2024-08-06,,1372,,0,21.3,4,9.8,2024-08
A-00bed1,Cybersecurity,Enterprise,2024-05-06,,5572,,0,24.3,4,11.1,2024-05
A-00bed1,Cybersecurity,Enterprise,2024-07-16,,5572,,0,22.0,4,10.0,2024-07
A-00bed1,Cybersecurity,Enterprise,2024-05-14,,9751,,0,24.0,4,11.7,2024-05
A-00bed1,Cybersecurity,Pro,2024-07-20,,1372,,0,21.8,4,9.4,2024-07
A-00bed1,Cybersecurity,Basic,2023-11-16,,1159,,0,30.0,4,11.8,2023-11
A-00bed1,Cybersecurity,Pro,2024-08-18,,1764,,0,20.9,4,10.0,2024-08
A-00bed1,Cybersecurity,Enterprise,2024-08-28,,0,,0,20.6,4,8.0,2024-08
A-ffc04f,EdTech,Basic,2024-11-06,,304,,0,18.3,7,10.0,2024-11
A-ffc04f,EdTech,Pro,2024-10-22,,980,,0,18.8,7,9.3,2024-10
A-ffc04f,EdTech,Pro,2024-11-30,2024-12-21,2009,,1,0.7,7,10.4,2024-11
A-ffc04f,EdTech,Enterprise,2024-09-09,,3781,,0,20.2,7,10.3,2024-09
A-ffc04f,EdTech,Enterprise,2024-12-01,,2985,,0,17.4,7,9.0,2024-12
A-ffc04f,EdTech,Enterprise,2024-06-08,,2587,,0,23.2,7,11.5,2024-06
A-ffc04f,EdTech,Basic,2024-10-04,,247,,0,19.4,7,10.7,2024-10
A-ffc04f,EdTech,Enterprise,2024-09-19,,2587,,0,19.8,7,10.8,2024-09
A-ffc04f,EdTech,Pro,2024-12-21,2024-12-21,637,,1,0.0,7,9.8,2024-12
A-ffc04f,EdTech,Enterprise,2024-09-19,,0,,0,19.8,7,8.4,2024-09
A-ffc04f,EdTech,Pro,2024-08-05,,0,,0,21.3,7,6.8,2024-08
A-ffc04f,EdTech,Pro,2024-09-08,,980,,0,20.2,7,9.1,2024-09
A-ffc04f,EdTech,Basic,2024-12-28,,247,,0,16.6,7,9.8,2024-12
A-ffc04f,EdTech,Pro,2024-09-14,,0,,0,20.0,7,10.2,2024-09
A-ffc04f,EdTech,Pro,2024-07-31,,2695,,0,21.5,7,11.3,2024-07
A-65c341,FinTech,Basic,2024-10-03,,0,switched to competitor,0,19.4,5,10.8,2024-10
A-65c341,FinTech,Basic,2024-10-03,,0,too expensive,0,19.4,5,10.8,2024-10
A-65c341,FinTech,Enterprise,2024-10-05,,2189,switched to competitor,0,19.3,5,8.9,2024-10
A-65c341,FinTech,Enterprise,2024-10-05,,2189,too expensive,0,19.3,5,8.9,2024-10
A-65c341,FinTech,Pro,2024-11-15,2024-11-23,1911,switched to competitor,1,0.3,5,10.7,2024-11
A-65c341,FinTech,Pro,2024-11-15,2024-11-23,1911,too expensive,1,0.3,5,10.7,2024-11
A-65c341,FinTech,Enterprise,2024-03-14,,16716,switched to competitor,0,26.1,5,11.0,2024-03
A-65c341,FinTech,Enterprise,2024-03-14,,16716,too expensive,0,26.1,5,11.0,2024-03
A-65c341,FinTech,Enterprise,2024-02-26,2024-07-18,6169,switched to competitor,1,4.7,5,12.2,2024-02
A-65c341,FinTech,Enterprise,2024-02-26,2024-07-18,6169,too expensive,1,4.7,5,12.2,2024-02
A-65c341,FinTech,Pro,2024-02-15,,833,switched to competitor,0,27.0,5,11.0,2024-02
A-65c341,FinTech,Pro,2024-02-15,,833,too expensive,0,27.0,5,11.0,2024-02
A-65c341,FinTech,Pro,2024-09-21,,539,switched to competitor,0,19.8,5,11.3,2024-09
A-65c341,FinTech,Pro,2024-09-21,,539,too expensive,0,19.8,5,11.3,2024-09
A-65c341,FinTech,Enterprise,2024-10-01,,2189,switched to competitor,0,19.5,5,11.4,2024-10
A-65c341,FinTech,Enterprise,2024-10-01,,2189,too expensive,0,19.5,5,11.4,2024-10
A-dcc2f0,FinTech,Basic,2023-12-23,,475,,0,28.7,2,12.8,2023-12
A-dcc2f0,FinTech,Enterprise,2023-11-29,,2985,,0,29.5,2,10.0,2023-11
A-dcc2f0,FinTech,Pro,2024-03-13,,1078,,0,26.1,2,9.6,2024-03
A-dcc2f0,FinTech,Enterprise,2023-11-22,,0,,0,29.8,2,11.6,2023-11
A-dcc2f0,FinTech,Basic,2024-10-13,,285,,0,19.1,2,12.9,2024-10
A-dcc2f0,FinTech,Pro,2023-12-03,,735,,0,29.4,2,9.0,2023-12
A-dcc2f0,FinTech,Basic,2024-09-02,,0,,0,20.4,2,9.0,2024-09
A-dcc2f0,FinTech,Pro,2024-09-16,2024-11-03,735,,1,1.6,2,10.3,2024-09
A-dcc2f0,FinTech,Pro,2024-10-03,,735,,0,19.4,2,13.0,2024-10
A-dcc2f0,FinTech,Basic,2024-11-13,,418,,0,18.0,2,12.0,2024-11
A-dcc2f0,FinTech,Enterprise,2024-01-16,,2985,,0,28.0,2,12.8,2024-01
A-dcc2f0,FinTech,Enterprise,2024-10-25,,2985,,0,18.7,2,9.5,2024-10
A-dcc2f0,FinTech,Enterprise,2024-01-15,,3184,,0,28.0,2,11.0,2024-01
A-dcc2f0,FinTech,Basic,2023-10-02,,285,,0,31.4,2,10.0,2023-10
A-dcc2f0,FinTech,Basic,2024-11-30,,608,,0,17.5,2,10.3,2024-11
A-ced9aa,DevTools,Enterprise,2024-12-04,2024-12-20,1194,,1,0.5,7,10.0,2024-12
A-ced9aa,DevTools,Basic,2024-12-01,,57,,0,17.4,7,10.6,2024-12
A-ced9aa,DevTools,Enterprise,2024-10-11,,1194,,0,19.1,7,8.8,2024-10
A-ced9aa,DevTools,Basic,2024-11-08,,418,,0,18.2,7,9.1,2024-11
A-ced9aa,DevTools,Pro,2024-11-07,,147,,0,18.2,7,10.0,2024-11
A-ced9aa,DevTools,Pro,2024-12-31,,147,,0,16.5,7,8.5,2024-12
A-ced9aa,DevTools,Pro,2024-11-23,,147,,0,17.7,7,12.5,2024-11
A-ced9aa,DevTools,Enterprise,2024-12-10,,597,,0,17.2,7,11.5,2024-12
A-ced9aa,DevTools,Enterprise,2024-12-21,,995,,0,16.8,7,8.3,2024-12
A-ced9aa,DevTools,Enterprise,2024-12-16,,995,,0,17.0,7,8.0,2024-12
A-ced9aa,DevTools,Basic,2024-11-23,2024-11-25,361,,1,0.1,7,12.2,2024-11
A-3d957b,HealthTech,Basic,2024-08-30,,1387,too expensive,0,20.5,3,14.0,2024-08
A-3d957b,HealthTech,Enterprise,2024-10-16,,2786,too expensive,0,19.0,3,7.3,2024-10
A-3d957b,HealthTech,Enterprise,2024-08-18,2024-10-28,2786,too expensive,1,2.3,3,9.3,2024-08
A-3d957b,HealthTech,Enterprise,2024-08-05,,2786,too expensive,0,21.3,3,10.3,2024-08
A-3d957b,HealthTech,Pro,2024-07-30,,1421,too expensive,0,21.5,3,0.0,2024-07
A-3d957b,HealthTech,Pro,2024-07-15,,686,too expensive,0,22.0,3,8.5,2024-07
A-89ee83,Cybersecurity,Basic,2024-10-29,,513,,0,18.5,5,9.0,2024-10
A-89ee83,Cybersecurity,Pro,2024-11-29,,98,,0,17.5,5,9.2,2024-11
A-89ee83,Cybersecurity,Enterprise,2024-12-20,,3184,,0,16.8,5,11.6,2024-12
A-89ee83,Cybersecurity,Enterprise,2024-12-21,2024-12-31,4577,,1,0.3,5,8.5,2024-12
A-89ee83,Cybersecurity,Enterprise,2024-10-25,,7960,,0,18.7,5,13.7,2024-10
A-89ee83,Cybersecurity,Pro,2024-11-22,,3626,,0,17.7,5,9.4,2024-11
A-89ee83,Cybersecurity,Enterprise,2024-12-27,,3582,,0,16.6,5,9.0,2024-12
A-89ee83,Cybersecurity,Enterprise,2024-11-23,,398,,0,17.7,5,8.7,2024-11
A-89ee83,Cybersecurity,Basic,2024-12-20,,57,,0,16.8,5,9.6,2024-12
A-89ee83,Cybersecurity,Basic,2024-10-18,,722,,0,18.9,5,8.6,2024-10
A-89ee83,Cybersecurity,Basic,2024-12-26,2024-12-29,190,,1,0.1,5,10.0,2024-12
A-883b7d,Cybersecurity,Basic,2024-04-26,,589,,0,24.6,7,9.3,2024-04
A-883b7d,Cybersecurity,Pro,2024-08-03,,0,,0,21.4,7,11.1,2024-08
A-883b7d,Cybersecurity,Pro,2024-04-21,,833,,0,24.8,7,11.3,2024-04
A-883b7d,Cybersecurity,Basic,2024-08-17,,1482,,0,20.9,7,11.0,2024-08
A-883b7d,Cybersecurity,Pro,2024-08-19,,1323,,0,20.9,7,13.0,2024-08
A-883b7d,Cybersecurity,Enterprise,2024-08-16,,3383,,0,21.0,7,9.2,2024-08
A-883b7d,Cybersecurity,Pro,2024-05-01,,2597,,0,24.5,7,8.8,2024-05
A-883b7d,Cybersecurity,Enterprise,2024-05-12,,0,,0,24.1,7,8.8,2024-05
A-883b7d,Cybersecurity,Enterprise,2024-08-22,,9950,,0,20.8,7,9.3,2024-08
A-883b7d,Cybersecurity,Enterprise,2024-05-29,,4975,,0,23.6,7,8.1,2024-05
A-883b7d,Cybersecurity,Pro,2024-04-24,2024-09-07,2009,,1,4.5,7,10.8,2024-04
A-883b7d,Cybersecurity,Enterprise,2024-08-10,,3383,,0,21.2,7,9.8,2024-08
A-dcc3f1,HealthTech,Pro,2024-01-17,,2499,switched to competitor,0,27.9,9,10.6,2024-01
A-dcc3f1,HealthTech,Pro,2024-01-17,,2499,too expensive,0,27.9,9,10.6,2024-01
A-dcc3f1,HealthTech,Basic,2024-11-20,,399,switched to competitor,0,17.8,9,11.5,2024-11
A-dcc3f1,HealthTech,Basic,2024-11-20,,399,too expensive,0,17.8,9,11.5,2024-11
A-dcc3f1,HealthTech,Basic,2024-10-13,,399,switched to competitor,0,19.1,9,11.0,2024-10
A-dcc3f1,HealthTech,Basic,2024-10-13,,399,too expensive,0,19.1,9,11.0,2024-10
A-dcc3f1,HealthTech,Enterprise,2024-08-05,,4378,switched to competitor,0,21.3,9,7.8,2024-08
A-dcc3f1,HealthTech,Enterprise,2024-08-05,,4378,too expensive,0,21.3,9,7.8,2024-08
A-dcc3f1,HealthTech,Enterprise,2024-03-22,,0,switched to competitor,0,25.8,9,10.0,2024-03
A-dcc3f1,HealthTech,Enterprise,2024-03-22,,0,too expensive,0,25.8,9,10.0,2024-03
A-dcc3f1,HealthTech,Basic,2023-12-27,,399,switched to competitor,0,28.6,9,10.3,2023-12
A-dcc3f1,HealthTech,Basic,2023-12-27,,399,too expensive,0,28.6,9,10.3,2023-12
A-dcc3f1,HealthTech,Basic,2024-05-29,,494,switched to competitor,0,23.6,9,11.2,2024-05
A-dcc3f1,HealthTech,Basic,2024-05-29,,494,too expensive,0,23.6,9,11.2,2024-05
A-dcc3f1,HealthTech,Enterprise,2024-10-29,,4179,switched to competitor,0,18.5,9,10.4,2024-10
A-dcc3f1,HealthTech,Enterprise,2024-10-29,,4179,too expensive,0,18.5,9,10.4,2024-10
A-c62e55,EdTech,Pro,2024-12-31,,686,,0,16.5,4,10.7,2024-12
A-c62e55,EdTech,Enterprise,2024-05-05,,2985,,0,24.3,4,10.3,2024-05
A-c62e55,EdTech,Pro,2024-03-07,,1176,,0,26.3,4,8.3,2024-03
A-c62e55,EdTech,Pro,2024-02-07,,2744,,0,27.2,4,10.0,2024-02
A-c62e55,EdTech,Pro,2024-02-22,,833,,0,26.7,4,11.2,2024-02
A-c62e55,EdTech,Pro,2023-11-15,,1666,,0,30.0,4,10.0,2023-11
A-c62e55,EdTech,Basic,2024-04-04,,152,,0,25.4,4,10.5,2024-04
A-c62e55,EdTech,Basic,2024-01-15,,190,,0,28.0,4,10.3,2024-01
A-c62e55,EdTech,Pro,2024-11-28,,1470,,0,17.5,4,15.0,2024-11
A-e4144b,EdTech,Enterprise,2024-11-28,,0,,0,17.5,3,6.0,2024-11
A-e4144b,EdTech,Basic,2024-12-12,,779,,0,17.1,3,10.2,2024-12
A-e4144b,EdTech,Enterprise,2024-12-22,,8159,,0,16.8,3,8.3,2024-12
A-e4144b,EdTech,Enterprise,2024-12-15,,8159,,0,17.0,3,12.2,2024-12
A-e4144b,EdTech,Pro,2024-12-18,,2009,,0,16.9,3,19.0,2024-12
A-e4144b,EdTech,Basic,2024-12-18,,0,,0,16.9,3,8.8,2024-12
A-e4144b,EdTech,Enterprise,2024-11-25,,0,,0,17.6,3,10.5,2024-11
A-e4144b,EdTech,Enterprise,2024-11-10,,8159,,0,18.1,3,9.2,2024-11
A-e4144b,EdTech,Enterprise,2024-11-11,,8159,,0,18.1,3,11.8,2024-11
A-e4144b,EdTech,Basic,2024-12-06,,0,,0,17.3,3,8.5,2024-12
A-e40f45,HealthTech,Basic,2024-06-04,,399,missing features,0,23.4,7,7.1,2024-06
A-e40f45,HealthTech,Pro,2024-05-15,,2156,missing features,0,24.0,7,10.4,2024-05
A-e40f45,HealthTech,Basic,2024-11-24,2024-12-22,399,missing features,1,0.9,7,7.7,2024-11
A-e40f45,HealthTech,Enterprise,2024-05-17,,4179,missing features,0,24.0,7,9.0,2024-05
A-e40f45,HealthTech,Pro,2024-08-25,,0,missing features,0,20.7,7,9.8,2024-08
A-e40f45,HealthTech,Basic,2024-05-23,,513,missing features,0,23.8,7,8.8,2024-05
A-e40f45,HealthTech,Enterprise,2024-08-20,,4179,missing features,0,20.8,7,10.6,2024-08
A-96215d,FinTech,Pro,2024-09-12,,833,,0,20.1,1,12.3,2024-09
A-96215d,FinTech,Enterprise,2024-09-13,,2786,,0,20.0,1,11.1,2024-09
A-96215d,FinTech,Enterprise,2024-08-17,,1990,,0,20.9,1,10.2,2024-08
A-96215d,FinTech,Pro,2024-11-04,,490,,0,18.3,1,9.0,2024-11
A-96215d,FinTech,Enterprise,2024-09-30,,3184,,0,19.5,1,11.0,2024-09
A-96215d,FinTech,Pro,2024-10-13,,1029,,0,19.1,1,13.3,2024-10
A-2b9d3e,EdTech,Enterprise,2024-03-27,,0,,0,25.6,3,9.0,2024-03
A-2b9d3e,EdTech,Basic,2023-09-06,,209,,0,32.3,3,11.0,2023-09
A-2b9d3e,EdTech,Enterprise,2023-11-21,,995,,0,29.8,3,9.7,2023-11
A-2b9d3e,EdTech,Enterprise,2024-12-26,,398,,0,16.6,3,9.8,2024-12
A-2b9d3e,EdTech,Pro,2024-11-08,,1421,,0,18.2,3,11.4,2024-11
A-2b9d3e,EdTech,Pro,2024-11-12,,686,,0,18.1,3,9.9,2024-11
A-2b9d3e,EdTech,Basic,2024-08-29,,532,,0,20.5,3,10.7,2024-08
A-2b9d3e,EdTech,Basic,2024-04-28,,19,,0,24.6,3,9.0,2024-04
A-2b9d3e,EdTech,Pro,2024-03-23,,882,,0,25.8,3,6.5,2024-03
A-b7724f,HealthTech,Pro,2024-09-15,2024-10-02,49,missing features,1,0.6,3,8.8,2024-09
A-b7724f,HealthTech,Pro,2024-09-15,2024-10-02,49,missing features,1,0.6,3,8.8,2024-09
A-b7724f,HealthTech,Pro,2024-09-15,2024-10-02,49,switched to competitor,1,0.6,3,8.8,2024-09
A-b7724f,HealthTech,Basic,2024-09-20,2024-11-19,190,missing features,1,2.0,3,10.5,2024-09
A-b7724f,HealthTech,Basic,2024-09-20,2024-11-19,190,missing features,1,2.0,3,10.5,2024-09
A-b7724f,HealthTech,Basic,2024-09-20,2024-11-19,190,switched to competitor,1,2.0,3,10.5,2024-09
A-b7724f,HealthTech,Basic,2024-12-26,,1349,missing features,0,16.6,3,9.5,2024-12
A-b7724f,HealthTech,Basic,2024-12-26,,1349,missing features,0,16.6,3,9.5,2024-12
A-b7724f,HealthTech,Basic,2024-12-26,,1349,switched to competitor,0,16.6,3,9.5,2024-12
A-b7724f,HealthTech,Basic,2024-07-21,,228,missing features,0,21.8,3,10.0,2024-07
A-b7724f,HealthTech,Basic,2024-07-21,,228,missing features,0,21.8,3,10.0,2024-07
A-b7724f,HealthTech,Basic,2024-07-21,,228,switched to competitor,0,21.8,3,10.0,2024-07
A-b7724f,HealthTech,Basic,2023-06-03,,627,missing features,0,35.4,3,12.7,2023-06
A-b7724f,HealthTech,Basic,2023-06-03,,627,missing features,0,35.4,3,12.7,2023-06
A-b7724f,HealthTech,Basic,2023-06-03,,627,switched to competitor,0,35.4,3,12.7,2023-06
A-b7724f,HealthTech,Basic,2024-09-15,,19,missing features,0,20.0,3,9.4,2024-09
A-b7724f,HealthTech,Basic,2024-09-15,,19,missing features,0,20.0,3,9.4,2024-09
A-b7724f,HealthTech,Basic,2024-09-15,,19,switched to competitor,0,20.0,3,9.4,2024-09
A-b7724f,HealthTech,Basic,2024-06-20,2024-12-30,209,missing features,1,6.3,3,8.3,2024-06
A-b7724f,HealthTech,Basic,2024-06-20,2024-12-30,209,missing features,1,6.3,3,8.3,2024-06
A-b7724f,HealthTech,Basic,2024-06-20,2024-12-30,209,switched to competitor,1,6.3,3,8.3,2024-06
A-b7724f,HealthTech,Basic,2024-12-27,,551,missing features,0,16.6,3,12.5,2024-12
A-b7724f,HealthTech,Basic,2024-12-27,,551,missing features,0,16.6,3,12.5,2024-12
A-b7724f,HealthTech,Basic,2024-12-27,,551,switched to competitor,0,16.6,3,12.5,2024-12
A-310452,DevTools,Pro,2024-12-29,,441,,0,16.5,5,8.5,2024-12
A-310452,DevTools,Pro,2024-12-29,,441,too expensive,0,16.5,5,8.5,2024-12
A-310452,DevTools,Basic,2024-12-29,,171,,0,16.5,5,11.8,2024-12
A-310452,DevTools,Basic,2024-12-29,,171,too expensive,0,16.5,5,11.8,2024-12
A-310452,DevTools,Pro,2024-12-26,,441,,0,16.6,5,10.8,2024-12
A-310452,DevTools,Pro,2024-12-26,,441,too expensive,0,16.6,5,10.8,2024-12
A-310452,DevTools,Enterprise,2024-12-28,,9950,,0,16.6,5,10.8,2024-12
A-310452,DevTools,Enterprise,2024-12-28,,9950,too expensive,0,16.6,5,10.8,2024-12
A-310452,DevTools,Pro,2024-12-28,,0,,0,16.6,5,12.3,2024-12
A-310452,DevTools,Pro,2024-12-28,,0,too expensive,0,16.6,5,12.3,2024-12
A-eb1312,FinTech,Basic,2024-12-28,,475,,0,16.6,1,9.7,2024-12
A-eb1312,FinTech,Basic,2024-12-28,,475,switched to competitor,0,16.6,1,9.7,2024-12
A-eb1312,FinTech,Basic,2024-10-08,,475,,0,19.2,1,12.6,2024-10
A-eb1312,FinTech,Basic,2024-10-08,,475,switched to competitor,0,19.2,1,12.6,2024-10
A-eb1312,FinTech,Pro,2024-09-18,,1225,,0,19.9,1,7.5,2024-09
A-eb1312,FinTech,Pro,2024-09-18,,1225,switched to competitor,0,19.9,1,7.5,2024-09
A-eb1312,FinTech,Pro,2024-12-13,,1225,,0,17.1,1,8.6,2024-12
A-eb1312,FinTech,Pro,2024-12-13,,1225,switched to competitor,0,17.1,1,8.6,2024-12
A-eb1312,FinTech,Enterprise,2024-11-11,,4975,,0,18.1,1,12.3,2024-11
A-eb1312,FinTech,Enterprise,2024-11-11,,4975,switched to competitor,0,18.1,1,12.3,2024-11
A-eb1312,FinTech,Basic,2024-10-09,,1349,,0,19.2,1,9.0,2024-10
A-eb1312,FinTech,Basic,2024-10-09,,1349,switched to competitor,0,19.2,1,9.0,2024-10
A-eb1312,FinTech,Basic,2024-11-20,2024-12-26,475,,1,1.2,1,10.3,2024-11
A-eb1312,FinTech,Basic,2024-11-20,2024-12-26,475,switched to competitor,1,1.2,1,10.3,2024-11
A-eb1312,FinTech,Basic,2024-12-02,,475,,0,17.4,1,11.4,2024-12
A-eb1312,FinTech,Basic,2024-12-02,,475,switched to competitor,0,17.4,1,11.4,2024-12
A-eb1312,FinTech,Basic,2024-12-18,,798,,0,16.9,1,9.8,2024-12
A-eb1312,FinTech,Basic,2024-12-18,,798,switched to competitor,0,16.9,1,9.8,2024-12
A-eb1312,FinTech,Pro,2024-11-21,,1225,,0,17.8,1,10.0,2024-11
A-eb1312,FinTech,Pro,2024-11-21,,1225,switched to competitor,0,17.8,1,10.0,2024-11
A-eb1312,FinTech,Basic,2024-12-10,,475,,0,17.2,1,9.8,2024-12
A-eb1312,FinTech,Basic,2024-12-10,,475,switched to competitor,0,17.2,1,9.8,2024-12
A-eb1312,FinTech,Enterprise,2024-12-27,,4975,,0,16.6,1,8.6,2024-12
A-eb1312,FinTech,Enterprise,2024-12-27,,4975,switched to competitor,0,16.6,1,8.6,2024-12
A-df1e44,Cybersecurity,Enterprise,2024-10-29,,2587,missing features,0,18.5,2,10.3,2024-10
A-df1e44,Cybersecurity,Enterprise,2024-10-29,,2587,too expensive,0,18.5,2,10.3,2024-10
A-df1e44,Cybersecurity,Enterprise,2024-03-08,,0,missing features,0,26.3,2,13.0,2024-03
A-df1e44,Cybersecurity,Enterprise,2024-03-08,,0,too expensive,0,26.3,2,13.0,2024-03
A-df1e44,Cybersecurity,Basic,2024-06-03,,0,missing features,0,23.4,2,8.0,2024-06
A-df1e44,Cybersecurity,Basic,2024-06-03,,0,too expensive,0,23.4,2,8.0,2024-06
A-df1e44,Cybersecurity,Basic,2024-06-28,,228,missing features,0,22.6,2,0.0,2024-06
A-df1e44,Cybersecurity,Basic,2024-06-28,,228,too expensive,0,22.6,2,0.0,2024-06
A-df1e44,Cybersecurity,Enterprise,2024-08-08,,2388,missing features,0,21.2,2,8.7,2024-08
A-df1e44,Cybersecurity,Enterprise,2024-08-08,,2388,too expensive,0,21.2,2,8.7,2024-08
A-df1e44,Cybersecurity,Pro,2024-06-12,,588,missing features,0,23.1,2,6.0,2024-06
A-df1e44,Cybersecurity,Pro,2024-06-12,,588,too expensive,0,23.1,2,6.0,2024-06
A-df1e44,Cybersecurity,Enterprise,2024-09-08,2024-12-15,2388,missing features,1,3.2,2,11.0,2024-09
A-df1e44,Cybersecurity,Enterprise,2024-09-08,2024-12-15,2388,too expensive,1,3.2,2,11.0,2024-09
A-df1e44,Cybersecurity,Pro,2024-05-23,,3087,missing features,0,23.8,2,12.0,2024-05
A-df1e44,Cybersecurity,Pro,2024-05-23,,3087,too expensive,0,23.8,2,12.0,2024-05
A-df1e44,Cybersecurity,Pro,2024-12-18,,588,missing features,0,16.9,2,8.3,2024-12
A-df1e44,Cybersecurity,Pro,2024-12-18,,588,too expensive,0,16.9,2,8.3,2024-12
A-df1e44,Cybersecurity,Basic,2024-12-17,,665,missing features,0,16.9,2,10.0,2024-12
A-df1e44,Cybersecurity,Basic,2024-12-17,,665,too expensive,0,16.9,2,10.0,2024-12
A-df1e44,Cybersecurity,Pro,2024-04-09,,588,missing features,0,25.2,2,12.0,2024-04
A-df1e44,Cybersecurity,Pro,2024-04-09,,588,too expensive,0,25.2,2,12.0,2024-04
A-6a7c9d,Cybersecurity,Basic,2024-12-09,,513,missing features,0,17.2,3,7.4,2024-12
A-6a7c9d,Cybersecurity,Basic,2024-12-09,,513,too expensive,0,17.2,3,7.4,2024-12
A-6a7c9d,Cybersecurity,Basic,2024-12-11,2024-12-20,893,missing features,1,0.3,3,8.0,2024-12
A-6a7c9d,Cybersecurity,Basic,2024-12-11,2024-12-20,893,too expensive,1,0.3,3,8.0,2024-12
A-6a7c9d,Cybersecurity,Enterprise,2024-11-29,,5174,missing features,0,17.5,3,11.0,2024-11
A-6a7c9d,Cybersecurity,Enterprise,2024-11-29,,5174,too expensive,0,17.5,3,11.0,2024-11
A-6a7c9d,Cybersecurity,Enterprise,2024-11-12,,5174,missing features,0,18.1,3,11.3,2024-11
A-6a7c9d,Cybersecurity,Enterprise,2024-11-12,,5174,too expensive,0,18.1,3,11.3,2024-11
A-6a7c9d,Cybersecurity,Pro,2024-12-26,,1274,missing features,0,16.6,3,11.0,2024-12
A-6a7c9d,Cybersecurity,Pro,2024-12-26,,1274,too expensive,0,16.6,3,11.0,2024-12
A-cbd1a3,DevTools,Pro,2024-11-30,,294,,0,17.5,4,11.0,2024-11
A-cbd1a3,DevTools,Enterprise,2024-11-26,,3582,,0,17.6,4,12.7,2024-11
A-cbd1a3,DevTools,Basic,2024-12-26,,703,,0,16.6,4,10.1,2024-12
A-cbd1a3,DevTools,Enterprise,2024-11-27,,1592,,0,17.6,4,10.8,2024-11
A-cbd1a3,DevTools,Enterprise,2024-12-09,,2388,,0,17.2,4,8.8,2024-12
A-cbd1a3,DevTools,Basic,2024-12-16,,646,,0,17.0,4,10.4,2024-12
A-cbd1a3,DevTools,Basic,2024-12-29,,380,,0,16.5,4,9.8,2024-12
A-cbd1a3,DevTools,Enterprise,2024-11-30,,0,,0,17.5,4,12.0,2024-11
A-cbd1a3,DevTools,Enterprise,2024-11-29,,5572,,0,17.5,4,10.5,2024-11
A-cbd1a3,DevTools,Enterprise,2024-12-02,,1194,,0,17.4,4,8.0,2024-12
A-a8d89d,EdTech,Basic,2024-04-12,,247,,0,25.1,2,10.3,2024-04
A-a8d89d,EdTech,Basic,2024-04-12,,247,switched to competitor,0,25.1,2,10.3,2024-04
A-a8d89d,EdTech,Basic,2024-09-17,,247,,0,19.9,2,10.1,2024-09
A-a8d89d,EdTech,Basic,2024-09-17,,247,switched to competitor,0,19.9,2,10.1,2024-09
A-a8d89d,EdTech,Basic,2024-12-05,,323,,0,17.3,2,13.0,2024-12
A-a8d89d,EdTech,Basic,2024-12-05,,323,switched to competitor,0,17.3,2,13.0,2024-12
A-a8d89d,EdTech,Basic,2024-09-24,,0,,0,19.7,2,8.7,2024-09
A-a8d89d,EdTech,Basic,2024-09-24,,0,switched to competitor,0,19.7,2,8.7,2024-09
A-a8d89d,EdTech,Basic,2024-09-29,,247,,0,19.5,2,11.6,2024-09
A-a8d89d,EdTech,Basic,2024-09-29,,247,switched to competitor,0,19.5,2,11.6,2024-09
A-a8d89d,EdTech,Enterprise,2024-04-12,,2587,,0,25.1,2,11.8,2024-04
A-a8d89d,EdTech,Enterprise,2024-04-12,,2587,switched to competitor,0,25.1,2,11.8,2024-04
A-a8d89d,EdTech,Basic,2024-07-12,,665,,0,22.1,2,10.8,2024-07
A-a8d89d,EdTech,Basic,2024-07-12,,665,switched to competitor,0,22.1,2,10.8,2024-07
A-a8d89d,EdTech,Pro,2024-06-16,,686,,0,23.0,2,6.7,2024-06
A-a8d89d,EdTech,Pro,2024-06-16,,686,switched to competitor,0,23.0,2,6.7,2024-06
A-a8d89d,EdTech,Pro,2024-08-24,,637,,0,20.7,2,9.5,2024-08
A-a8d89d,EdTech,Pro,2024-08-24,,637,switched to competitor,0,20.7,2,9.5,2024-08
A-a8d89d,EdTech,Enterprise,2024-11-23,,5572,,0,17.7,2,9.7,2024-11
A-a8d89d,EdTech,Enterprise,2024-11-23,,5572,switched to competitor,0,17.7,2,9.7,2024-11
A-a8d89d,EdTech,Enterprise,2024-09-26,,2587,,0,19.6,2,8.3,2024-09
A-a8d89d,EdTech,Enterprise,2024-09-26,,2587,switched to competitor,0,19.6,2,8.3,2024-09
A-a8d89d,EdTech,Enterprise,2023-12-12,,15522,,0,29.1,2,9.4,2023-12
A-a8d89d,EdTech,Enterprise,2023-12-12,,15522,switched to competitor,0,29.1,2,9.4,2023-12
A-600734,DevTools,Basic,2024-09-05,,551,,0,20.3,7,10.2,2024-09
A-600734,DevTools,Pro,2024-03-02,,1421,,0,26.4,7,12.5,2024-03
A-600734,DevTools,Pro,2024-06-08,,1911,,0,23.2,7,9.0,2024-06
A-600734,DevTools,Enterprise,2024-08-14,2024-09-22,0,,1,1.3,7,5.0,2024-08
A-600734,DevTools,Basic,2024-02-25,,551,,0,26.6,7,10.3,2024-02
A-600734,DevTools,Basic,2024-04-17,,551,,0,24.9,7,8.9,2024-04
A-600734,DevTools,Basic,2024-04-17,,551,,0,24.9,7,7.5,2024-04
A-600734,DevTools,Enterprise,2024-03-07,,5771,,0,26.3,7,9.3,2024-03
A-600734,DevTools,Pro,2024-02-17,2024-05-30,1421,,1,3.4,7,10.3,2024-02
A-600734,DevTools,Basic,2024-08-29,,798,,0,20.5,7,8.1,2024-08
A-600734,DevTools,Pro,2024-11-06,,1764,,0,18.3,7,10.3,2024-11
A-600734,DevTools,Pro,2024-10-08,,1421,,0,19.2,7,10.0,2024-10
A-600734,DevTools,Pro,2024-01-13,,1421,,0,28.1,7,9.1,2024-01
A-86fc1d,DevTools,Pro,2024-08-08,,2744,,0,21.2,5,10.7,2024-08
A-86fc1d,DevTools,Enterprise,2024-11-08,,0,,0,18.2,5,8.7,2024-11
A-86fc1d,DevTools,Basic,2024-12-31,,0,,0,16.5,5,12.5,2024-12
A-86fc1d,DevTools,Basic,2024-10-28,2024-11-02,494,,1,0.2,5,10.4,2024-10
A-86fc1d,DevTools,Enterprise,2024-11-05,,5174,,0,18.3,5,9.5,2024-11
A-86fc1d,DevTools,Enterprise,2024-08-16,,5572,,0,21.0,5,13.0,2024-08
A-86fc1d,DevTools,Basic,2024-10-16,,703,,0,19.0,5,8.0,2024-10
A-86fc1d,DevTools,Enterprise,2024-10-14,2024-10-20,0,,1,0.2,5,8.2,2024-10
A-86fc1d,DevTools,Basic,2024-10-16,,494,,0,19.0,5,9.8,2024-10
A-78f02b,HealthTech,Enterprise,2024-11-19,,2189,missing features,0,17.8,4,11.8,2024-11
A-78f02b,HealthTech,Enterprise,2024-11-19,,2189,too expensive,0,17.8,4,11.8,2024-11
A-78f02b,HealthTech,Pro,2024-12-06,,8771,missing features,0,17.3,4,10.5,2024-12
A-78f02b,HealthTech,Pro,2024-12-06,,8771,too expensive,0,17.3,4,10.5,2024-12
A-78f02b,HealthTech,Pro,2024-12-08,,539,missing features,0,17.2,4,9.0,2024-12
A-78f02b,HealthTech,Pro,2024-12-08,,539,too expensive,0,17.2,4,9.0,2024-12
A-78f02b,HealthTech,Enterprise,2024-11-26,,3582,missing features,0,17.6,4,11.2,2024-11
A-78f02b,HealthTech,Enterprise,2024-11-26,,3582,too expensive,0,17.6,4,11.2,2024-11
A-acb7f7,EdTech,Pro,2024-04-12,,2009,missing features,0,25.1,3,13.5,2024-04
A-acb7f7,EdTech,Pro,2024-08-31,,1568,missing features,0,20.5,3,11.0,2024-08
A-acb7f7,EdTech,Enterprise,2024-07-15,,6368,missing features,0,22.0,3,10.3,2024-07
A-acb7f7,EdTech,Pro,2024-06-19,,1568,missing features,0,22.9,3,11.8,2024-06
A-acb7f7,EdTech,Basic,2024-11-26,,608,missing features,0,17.6,3,8.8,2024-11
A-acb7f7,EdTech,Enterprise,2024-02-16,,6368,missing features,0,26.9,3,9.3,2024-02
A-acb7f7,EdTech,Pro,2024-03-28,,0,missing features,0,25.6,3,7.7,2024-03
A-acb7f7,EdTech,Enterprise,2024-01-07,,6368,missing features,0,28.3,3,9.9,2024-01
A-acb7f7,EdTech,Basic,2024-02-20,,741,missing features,0,26.8,3,9.9,2024-02
A-acb7f7,EdTech,Basic,2024-12-28,,608,missing features,0,16.6,3,9.8,2024-12
A-acb7f7,EdTech,Basic,2024-10-13,,0,missing features,0,19.1,3,10.2,2024-10
A-acb7f7,EdTech,Enterprise,2024-03-24,,6368,missing features,0,25.7,3,10.1,2024-03
A-712f1c,DevTools,Pro,2024-12-11,,833,,0,17.1,6,9.0,2024-12
A-712f1c,DevTools,Enterprise,2024-12-01,,7363,,0,17.4,6,13.5,2024-12
A-712f1c,DevTools,Basic,2024-05-11,,323,,0,24.1,6,8.0,2024-05
A-712f1c,DevTools,Pro,2024-10-05,,833,,0,19.3,6,9.6,2024-10
A-712f1c,DevTools,Basic,2024-01-03,,456,,0,28.4,6,8.3,2024-01
A-712f1c,DevTools,Enterprise,2024-03-11,,14925,,0,26.2,6,11.3,2024-03
A-712f1c,DevTools,Enterprise,2024-01-21,,3383,,0,27.8,6,7.8,2024-01
A-712f1c,DevTools,Pro,2024-01-28,,0,,0,27.6,6,10.3,2024-01
A-712f1c,DevTools,Enterprise,2024-02-09,,8756,,0,27.2,6,10.0,2024-02
A-712f1c,DevTools,Pro,2024-04-19,,882,,0,24.9,6,8.3,2024-04
A-712f1c,DevTools,Enterprise,2024-04-09,2024-07-23,3383,,1,3.4,6,9.1,2024-04
A-712f1c,DevTools,Pro,2024-05-15,,1862,,0,24.0,6,9.9,2024-05
A-3793ee,Cybersecurity,Enterprise,2023-11-25,,0,,0,29.7,4,7.9,2023-11
A-3793ee,Cybersecurity,Pro,2024-03-13,,2401,,0,26.1,4,10.7,2024-03
A-3793ee,Cybersecurity,Enterprise,2024-07-22,,9751,,0,21.8,4,9.2,2024-07
A-3793ee,Cybersecurity,Pro,2023-11-23,2024-10-08,2401,,1,10.5,4,10.5,2023-11
A-3793ee,Cybersecurity,Pro,2024-01-24,,2401,,0,27.7,4,12.0,2024-01
A-3793ee,Cybersecurity,Enterprise,2024-10-23,,9751,,0,18.7,4,6.0,2024-10
A-3793ee,Cybersecurity,Enterprise,2023-11-20,,0,,0,29.8,4,7.5,2023-11
A-9a532a,HealthTech,Enterprise,2024-08-28,,6567,,0,20.6,2,6.7,2024-08
A-9a532a,HealthTech,Enterprise,2024-10-18,,2189,,0,18.9,2,11.1,2024-10
A-9a532a,HealthTech,Enterprise,2024-09-21,,2189,,0,19.8,2,13.5,2024-09
A-9a532a,HealthTech,Basic,2024-09-28,,0,,0,19.5,2,9.0,2024-09
A-2ebb4b,HealthTech,Pro,2024-12-10,,2009,missing features,0,17.2,2,10.6,2024-12
A-2ebb4b,HealthTech,Pro,2024-12-10,,2009,missing features,0,17.2,2,10.6,2024-12
A-2ebb4b,HealthTech,Pro,2024-12-10,,2009,missing features,0,17.2,2,10.6,2024-12
A-2ebb4b,HealthTech,Basic,2023-06-04,,0,missing features,0,35.4,2,10.7,2023-06
A-2ebb4b,HealthTech,Basic,2023-06-04,,0,missing features,0,35.4,2,10.7,2023-06
A-2ebb4b,HealthTech,Basic,2023-06-04,,0,missing features,0,35.4,2,10.7,2023-06
A-2ebb4b,HealthTech,Basic,2023-11-02,,0,missing features,0,30.4,2,8.0,2023-11
A-2ebb4b,HealthTech,Basic,2023-11-02,,0,missing features,0,30.4,2,8.0,2023-11
A-2ebb4b,HealthTech,Basic,2023-11-02,,0,missing features,0,30.4,2,8.0,2023-11
A-2ebb4b,HealthTech,Pro,2024-07-02,2024-08-13,2009,missing features,1,1.4,2,9.2,2024-07
A-2ebb4b,HealthTech,Pro,2024-07-02,2024-08-13,2009,missing features,1,1.4,2,9.2,2024-07
A-2ebb4b,HealthTech,Pro,2024-07-02,2024-08-13,2009,missing features,1,1.4,2,9.2,2024-07
A-2ebb4b,HealthTech,Basic,2023-06-16,,779,missing features,0,35.0,2,8.8,2023-06
A-2ebb4b,HealthTech,Basic,2023-06-16,,779,missing features,0,35.0,2,8.8,2023-06
A-2ebb4b,HealthTech,Basic,2023-06-16,,779,missing features,0,35.0,2,8.8,2023-06
A-2ebb4b,HealthTech,Enterprise,2024-06-02,,8159,missing features,0,23.4,2,10.7,2024-06
A-2ebb4b,HealthTech,Enterprise,2024-06-02,,8159,missing features,0,23.4,2,10.7,2024-06
A-2ebb4b,HealthTech,Enterprise,2024-06-02,,8159,missing features,0,23.4,2,10.7,2024-06
A-2ebb4b,HealthTech,Pro,2024-05-25,,2009,missing features,0,23.7,2,9.7,2024-05
A-2ebb4b,HealthTech,Pro,2024-05-25,,2009,missing features,0,23.7,2,9.7,2024-05
A-2ebb4b,HealthTech,Pro,2024-05-25,,2009,missing features,0,23.7,2,9.7,2024-05
A-2ebb4b,HealthTech,Basic,2024-05-06,,779,missing features,0,24.3,2,10.2,2024-05
A-2ebb4b,HealthTech,Basic,2024-05-06,,779,missing features,0,24.3,2,10.2,2024-05
A-2ebb4b,HealthTech,Basic,2024-05-06,,779,missing features,0,24.3,2,10.2,2024-05
A-2ebb4b,HealthTech,Pro,2023-10-14,,2009,missing features,0,31.0,2,9.8,2023-10
A-2ebb4b,HealthTech,Pro,2023-10-14,,2009,missing features,0,31.0,2,9.8,2023-10
A-2ebb4b,HealthTech,Pro,2023-10-14,,2009,missing features,0,31.0,2,9.8,2023-10
A-2ebb4b,HealthTech,Enterprise,2023-10-03,,12935,missing features,0,31.4,2,10.0,2023-10
A-2ebb4b,HealthTech,Enterprise,2023-10-03,,12935,missing features,0,31.4,2,10.0,2023-10
A-2ebb4b,HealthTech,Enterprise,2023-10-03,,12935,missing features,0,31.4,2,10.0,2023-10
A-6843f2,HealthTech,Enterprise,2024-12-12,,4179,,0,17.1,2,11.8,2024-12
A-6843f2,HealthTech,Pro,2024-12-31,,1127,,0,16.5,2,6.7,2024-12
A-6843f2,HealthTech,Pro,2024-12-21,,0,,0,16.8,2,10.5,2024-12
A-6843f2,HealthTech,Enterprise,2024-12-15,,4179,,0,17.0,2,10.0,2024-12
A-6843f2,HealthTech,Basic,2024-12-19,,399,,0,16.9,2,13.5,2024-12
A-6843f2,HealthTech,Enterprise,2024-12-14,,4179,,0,17.0,2,11.3,2024-12
A-6843f2,HealthTech,Basic,2024-12-27,,399,,0,16.6,2,9.5,2024-12
A-6843f2,HealthTech,Pro,2024-12-11,,1029,,0,17.1,2,9.5,2024-12
A-6843f2,HealthTech,Pro,2024-12-31,,1029,,0,16.5,2,9.0,2024-12
A-c9bb3e,EdTech,Basic,2024-06-02,,285,,0,23.4,7,11.8,2024-06
A-c9bb3e,EdTech,Basic,2024-06-02,,285,switched to competitor,0,23.4,7,11.8,2024-06
A-c9bb3e,EdTech,Pro,2024-06-08,,245,,0,23.2,7,10.3,2024-06
A-c9bb3e,EdTech,Pro,2024-06-08,,245,switched to competitor,0,23.2,7,10.3,2024-06
A-c9bb3e,EdTech,Basic,2024-11-02,,190,,0,18.4,7,9.0,2024-11
A-c9bb3e,EdTech,Basic,2024-11-02,,190,switched to competitor,0,18.4,7,9.0,2024-11
A-c9bb3e,EdTech,Enterprise,2024-10-26,,3582,,0,18.6,7,10.8,2024-10
A-c9bb3e,EdTech,Enterprise,2024-10-26,,3582,switched to competitor,0,18.6,7,10.8,2024-10
A-c9bb3e,EdTech,Pro,2024-04-01,2024-04-02,1715,,1,0.0,7,12.0,2024-04
A-c9bb3e,EdTech,Pro,2024-04-01,2024-04-02,1715,switched to competitor,1,0.0,7,12.0,2024-04
A-c9bb3e,EdTech,Pro,2024-09-30,,490,,0,19.5,7,8.7,2024-09
A-c9bb3e,EdTech,Pro,2024-09-30,,490,switched to competitor,0,19.5,7,8.7,2024-09
A-c9bb3e,EdTech,Enterprise,2024-08-20,,0,,0,20.8,7,9.7,2024-08
A-c9bb3e,EdTech,Enterprise,2024-08-20,,0,switched to competitor,0,20.8,7,9.7,2024-08
A-c9bb3e,EdTech,Basic,2024-09-13,,494,,0,20.0,7,10.0,2024-09
A-c9bb3e,EdTech,Basic,2024-09-13,,494,switched to competitor,0,20.0,7,10.0,2024-09
A-c9bb3e,EdTech,Enterprise,2024-08-13,,2189,,0,21.1,7,11.8,2024-08
A-c9bb3e,EdTech,Enterprise,2024-08-13,,2189,switched to competitor,0,21.1,7,11.8,2024-08
A-c9bb3e,EdTech,Pro,2024-04-25,,6027,,0,24.7,7,7.5,2024-04
A-c9bb3e,EdTech,Pro,2024-04-25,,6027,switched to competitor,0,24.7,7,7.5,2024-04
A-4814a3,Cybersecurity,Pro,2024-11-24,,0,too expensive,0,17.7,4,9.3,2024-11
A-4814a3,Cybersecurity,Enterprise,2024-12-08,,17313,too expensive,0,17.2,4,10.0,2024-12
A-4814a3,Cybersecurity,Enterprise,2024-11-06,2024-12-31,17313,too expensive,1,1.8,4,6.5,2024-11
A-4814a3,Cybersecurity,Pro,2024-11-13,,4263,too expensive,0,18.0,4,10.9,2024-11
A-4814a3,Cybersecurity,Enterprise,2024-10-19,,0,too expensive,0,18.9,4,9.5,2024-10
A-4814a3,Cybersecurity,Pro,2024-11-24,,4263,too expensive,0,17.7,4,9.2,2024-11
A-4814a3,Cybersecurity,Enterprise,2024-10-27,,17313,too expensive,0,18.6,4,9.4,2024-10
A-4814a3,Cybersecurity,Enterprise,2024-11-26,,17313,too expensive,0,17.6,4,9.0,2024-11
A-4814a3,Cybersecurity,Pro,2024-12-30,,4263,too expensive,0,16.5,4,11.5,2024-12
A-4814a3,Cybersecurity,Pro,2024-09-27,,4263,too expensive,0,19.6,4,12.0,2024-09
A-4814a3,Cybersecurity,Basic,2024-10-05,,1653,too expensive,0,19.3,4,9.7,2024-10
A-b7b7b7,FinTech,Pro,2024-12-29,,1176,,0,16.5,3,10.8,2024-12
A-b7b7b7,FinTech,Pro,2024-07-12,,1176,,0,22.1,3,11.8,2024-07
A-b7b7b7,FinTech,Pro,2024-08-27,,3283,,0,20.6,3,10.0,2024-08
A-b7b7b7,FinTech,Pro,2024-11-04,,2205,,0,18.3,3,12.8,2024-11
A-b7b7b7,FinTech,Basic,2024-09-16,,456,,0,19.9,3,9.5,2024-09
A-b7b7b7,FinTech,Pro,2024-07-29,,1176,,0,21.6,3,8.2,2024-07
A-b7b7b7,FinTech,Pro,2024-11-12,,0,,0,18.1,3,9.0,2024-11
A-b7b7b7,FinTech,Enterprise,2024-09-19,,4776,,0,19.8,3,13.8,2024-09
A-b7b7b7,FinTech,Pro,2024-09-10,,1176,,0,20.1,3,10.0,2024-09
A-b7b7b7,FinTech,Pro,2024-10-20,,0,,0,18.8,3,9.8,2024-10
A-b7b7b7,FinTech,Enterprise,2024-09-02,,5373,,0,20.4,3,9.3,2024-09
A-b7b7b7,FinTech,Enterprise,2024-10-20,,7761,,0,18.8,3,9.8,2024-10
A-ccc747,HealthTech,Basic,2024-11-04,,304,,0,18.3,4,9.6,2024-11
A-ccc747,HealthTech,Basic,2024-11-04,,304,switched to competitor,0,18.3,4,9.6,2024-11
A-ccc747,HealthTech,Basic,2024-11-04,,304,switched to competitor,0,18.3,4,9.6,2024-11
A-ccc747,HealthTech,Pro,2024-09-11,,784,,0,20.1,4,11.5,2024-09
A-ccc747,HealthTech,Pro,2024-09-11,,784,switched to competitor,0,20.1,4,11.5,2024-09
A-ccc747,HealthTech,Pro,2024-09-11,,784,switched to competitor,0,20.1,4,11.5,2024-09
A-ccc747,HealthTech,Pro,2024-06-24,,1813,,0,22.7,4,9.0,2024-06
A-ccc747,HealthTech,Pro,2024-06-24,,1813,switched to competitor,0,22.7,4,9.0,2024-06
A-ccc747,HealthTech,Pro,2024-06-24,,1813,switched to competitor,0,22.7,4,9.0,2024-06
A-ccc747,HealthTech,Enterprise,2024-05-13,,0,,0,24.1,4,10.3,2024-05
A-ccc747,HealthTech,Enterprise,2024-05-13,,0,switched to competitor,0,24.1,4,10.3,2024-05
A-ccc747,HealthTech,Enterprise,2024-05-13,,0,switched to competitor,0,24.1,4,10.3,2024-05
A-ccc747,HealthTech,Pro,2024-10-15,2024-12-30,1127,,1,2.5,4,8.1,2024-10
A-ccc747,HealthTech,Pro,2024-10-15,2024-12-30,1127,switched to competitor,1,2.5,4,8.1,2024-10
A-ccc747,HealthTech,Pro,2024-10-15,2024-12-30,1127,switched to competitor,1,2.5,4,8.1,2024-10
A-ccc747,HealthTech,Pro,2024-07-14,,784,,0,22.0,4,9.7,2024-07
A-ccc747,HealthTech,Pro,2024-07-14,,784,switched to competitor,0,22.0,4,9.7,2024-07
A-ccc747,HealthTech,Pro,2024-07-14,,784,switched to competitor,0,22.0,4,9.7,2024-07
A-bb3bd4,HealthTech,Enterprise,2024-12-16,,0,missing features,0,17.0,11,12.7,2024-12
A-bb3bd4,HealthTech,Enterprise,2024-12-16,,0,missing features,0,17.0,11,12.7,2024-12
A-bb3bd4,HealthTech,Enterprise,2024-04-05,,4577,missing features,0,25.3,11,8.5,2024-04
A-bb3bd4,HealthTech,Enterprise,2024-04-05,,4577,missing features,0,25.3,11,8.5,2024-04
A-bb3bd4,HealthTech,Basic,2024-12-17,,437,missing features,0,16.9,11,10.6,2024-12
A-bb3bd4,HealthTech,Basic,2024-12-17,,437,missing features,0,16.9,11,10.6,2024-12
A-bb3bd4,HealthTech,Basic,2024-08-18,,437,missing features,0,20.9,11,10.6,2024-08
A-bb3bd4,HealthTech,Basic,2024-08-18,,437,missing features,0,20.9,11,10.6,2024-08
A-bb3bd4,HealthTech,Basic,2024-06-11,,437,missing features,0,23.1,11,0.0,2024-06
A-bb3bd4,HealthTech,Basic,2024-06-11,,437,missing features,0,23.1,11,0.0,2024-06
A-bb3bd4,HealthTech,Basic,2024-09-16,,437,missing features,0,19.9,11,11.0,2024-09
A-bb3bd4,HealthTech,Basic,2024-09-16,,437,missing features,0,19.9,11,11.0,2024-09
A-bb3bd4,HealthTech,Pro,2024-05-06,,1127,missing features,0,24.3,11,10.0,2024-05
A-bb3bd4,HealthTech,Pro,2024-05-06,,1127,missing features,0,24.3,11,10.0,2024-05
A-09316c,FinTech,Pro,2024-11-27,,3430,switched to competitor,0,17.6,4,13.0,2024-11
A-09316c,FinTech,Basic,2024-10-22,,0,switched to competitor,0,18.8,4,12.0,2024-10
A-09316c,FinTech,Basic,2024-09-22,,1330,switched to competitor,0,19.7,4,8.5,2024-09
A-09316c,FinTech,Pro,2024-11-15,,3430,switched to competitor,0,18.0,4,10.5,2024-11
A-09316c,FinTech,Basic,2024-11-11,,1330,switched to competitor,0,18.1,4,8.7,2024-11
A-09316c,FinTech,Pro,2024-11-26,,3430,switched to competitor,0,17.6,4,8.0,2024-11
A-09316c,FinTech,Enterprise,2024-09-19,,13930,switched to competitor,0,19.8,4,10.1,2024-09
A-09316c,FinTech,Enterprise,2024-12-29,,13930,switched to competitor,0,16.5,4,11.0,2024-12
A-09316c,FinTech,Enterprise,2024-12-07,,13930,switched to competitor,0,17.2,4,10.0,2024-12
A-09316c,FinTech,Basic,2024-12-10,,1330,switched to competitor,0,17.2,4,12.5,2024-12
A-09316c,FinTech,Enterprise,2024-09-23,,13930,switched to competitor,0,19.7,4,10.8,2024-09
A-96bbc6,Cybersecurity,Basic,2024-12-25,,741,,0,16.7,3,10.7,2024-12
A-96bbc6,Cybersecurity,Basic,2024-12-25,,741,missing features,0,16.7,3,10.7,2024-12
A-96bbc6,Cybersecurity,Basic,2024-12-25,,741,switched to competitor,0,16.7,3,10.7,2024-12
A-96bbc6,Cybersecurity,Pro,2024-05-23,,1911,,0,23.8,3,12.4,2024-05
A-96bbc6,Cybersecurity,Pro,2024-05-23,,1911,missing features,0,23.8,3,12.4,2024-05
A-96bbc6,Cybersecurity,Pro,2024-05-23,,1911,switched to competitor,0,23.8,3,12.4,2024-05
A-96bbc6,Cybersecurity,Enterprise,2024-06-07,,7761,,0,23.3,3,10.3,2024-06
A-96bbc6,Cybersecurity,Enterprise,2024-06-07,,7761,missing features,0,23.3,3,10.3,2024-06
A-96bbc6,Cybersecurity,Enterprise,2024-06-07,,7761,switched to competitor,0,23.3,3,10.3,2024-06
A-96bbc6,Cybersecurity,Pro,2024-05-28,,1911,,0,23.6,3,7.4,2024-05
A-96bbc6,Cybersecurity,Pro,2024-05-28,,1911,missing features,0,23.6,3,7.4,2024-05
A-96bbc6,Cybersecurity,Pro,2024-05-28,,1911,switched to competitor,0,23.6,3,7.4,2024-05
A-96bbc6,Cybersecurity,Pro,2024-09-08,,3136,,0,20.2,3,9.0,2024-09
A-96bbc6,Cybersecurity,Pro,2024-09-08,,3136,missing features,0,20.2,3,9.0,2024-09
A-96bbc6,Cybersecurity,Pro,2024-09-08,,3136,switched to competitor,0,20.2,3,9.0,2024-09
A-96bbc6,Cybersecurity,Enterprise,2024-12-08,,11144,,0,17.2,3,10.6,2024-12
A-96bbc6,Cybersecurity,Enterprise,2024-12-08,,11144,missing features,0,17.2,3,10.6,2024-12
A-96bbc6,Cybersecurity,Enterprise,2024-12-08,,11144,switched to competitor,0,17.2,3,10.6,2024-12
A-96bbc6,Cybersecurity,Pro,2024-12-12,,1911,,0,17.1,3,8.0,2024-12
A-96bbc6,Cybersecurity,Pro,2024-12-12,,1911,missing features,0,17.1,3,8.0,2024-12
A-96bbc6,Cybersecurity,Pro,2024-12-12,,1911,switched to competitor,0,17.1,3,8.0,2024-12
A-96bbc6,Cybersecurity,Pro,2024-09-01,,1911,,0,20.4,3,9.3,2024-09
A-96bbc6,Cybersecurity,Pro,2024-09-01,,1911,missing features,0,20.4,3,9.3,2024-09
A-96bbc6,Cybersecurity,Pro,2024-09-01,,1911,switched to competitor,0,20.4,3,9.3,2024-09
A-bc4d48,EdTech,Basic,2024-12-27,,665,,0,16.6,6,9.8,2024-12
A-bc4d48,EdTech,Pro,2024-07-12,,1715,,0,22.1,6,11.2,2024-07
A-bc4d48,EdTech,Pro,2024-08-29,,1715,,0,20.5,6,13.0,2024-08
A-bc4d48,EdTech,Basic,2024-07-04,,665,,0,22.4,6,9.0,2024-07
A-bc4d48,EdTech,Basic,2024-06-26,,665,,0,22.6,6,10.5,2024-06
A-bc4d48,EdTech,Pro,2024-06-29,,0,,0,22.5,6,8.8,2024-06
A-bc4d48,EdTech,Enterprise,2024-11-28,,6965,,0,17.5,6,7.8,2024-11
A-b30291,HealthTech,Enterprise,2024-06-04,,3184,too expensive,0,23.4,1,14.0,2024-06
A-b30291,HealthTech,Basic,2024-05-08,,95,too expensive,0,24.2,1,10.0,2024-05
A-b30291,HealthTech,Basic,2024-09-26,2024-11-02,0,too expensive,1,1.2,1,10.3,2024-09
A-b30291,HealthTech,Basic,2024-04-25,,95,too expensive,0,24.7,1,9.5,2024-04
A-b30291,HealthTech,Pro,2024-10-21,,0,too expensive,0,18.8,1,10.1,2024-10
A-b30291,HealthTech,Basic,2024-09-27,,779,too expensive,0,19.6,1,9.3,2024-09
A-b30291,HealthTech,Pro,2024-06-12,,882,too expensive,0,23.1,1,12.0,2024-06
A-b30291,HealthTech,Pro,2024-10-23,,0,too expensive,0,18.7,1,9.8,2024-10
A-b30291,HealthTech,Basic,2024-04-09,,95,too expensive,0,25.2,1,10.0,2024-04
A-b30291,HealthTech,Pro,2024-12-22,,245,too expensive,0,16.8,1,12.8,2024-12
A-cdf020,DevTools,Enterprise,2024-04-06,2024-11-10,4577,too expensive,1,7.2,4,8.8,2024-04
A-cdf020,DevTools,Enterprise,2024-04-06,2024-11-10,4577,too expensive,1,7.2,4,8.8,2024-04
A-cdf020,DevTools,Enterprise,2024-10-07,,4577,too expensive,0,19.3,4,9.5,2024-10
A-cdf020,DevTools,Enterprise,2024-10-07,,4577,too expensive,0,19.3,4,9.5,2024-10
A-cdf020,DevTools,Pro,2024-01-31,2024-07-03,2205,too expensive,1,5.1,4,9.6,2024-01
A-cdf020,DevTools,Pro,2024-01-31,2024-07-03,2205,too expensive,1,5.1,4,9.6,2024-01
A-cdf020,DevTools,Pro,2024-01-25,,1911,too expensive,0,27.7,4,9.2,2024-01
A-cdf020,DevTools,Pro,2024-01-25,,1911,too expensive,0,27.7,4,9.2,2024-01
A-cdf020,DevTools,Pro,2023-12-01,2024-09-23,1519,too expensive,1,9.8,4,10.5,2023-12
A-cdf020,DevTools,Pro,2023-12-01,2024-09-23,1519,too expensive,1,9.8,4,10.5,2023-12
A-cdf020,DevTools,Pro,2024-10-09,,2156,too expensive,0,19.2,4,12.0,2024-10
A-cdf020,DevTools,Pro,2024-10-09,,2156,too expensive,0,19.2,4,12.0,2024-10
A-cdf020,DevTools,Pro,2024-07-13,,1127,too expensive,0,22.1,4,8.0,2024-07
A-cdf020,DevTools,Pro,2024-07-13,,1127,too expensive,0,22.1,4,8.0,2024-07
A-cdf020,DevTools,Basic,2024-04-11,,0,too expensive,0,25.1,4,9.5,2024-04
A-cdf020,DevTools,Basic,2024-04-11,,0,too expensive,0,25.1,4,9.5,2024-04
A-e6afc1,DevTools,Basic,2023-08-05,,342,,0,33.3,0,9.0,2023-08
A-e6afc1,DevTools,Pro,2023-11-16,,3332,,0,30.0,0,11.0,2023-11
A-e6afc1,DevTools,Pro,2024-05-08,,49,,0,24.2,0,10.7,2024-05
A-e6afc1,DevTools,Enterprise,2024-07-12,,3184,,0,22.1,0,11.4,2024-07
A-e6afc1,DevTools,Pro,2023-08-27,,0,,0,32.6,0,8.6,2023-08
A-e6afc1,DevTools,Enterprise,2023-05-24,,10149,,0,35.7,0,10.0,2023-05
A-e6afc1,DevTools,Pro,2024-08-30,,98,,0,20.5,0,8.3,2024-08
A-e6afc1,DevTools,Pro,2024-12-18,,0,,0,16.9,0,9.3,2024-12
A-e6afc1,DevTools,Pro,2024-08-15,,4165,,0,21.0,0,8.8,2024-08
A-e6afc1,DevTools,Pro,2023-05-31,,294,,0,35.5,0,10.7,2023-05
A-e6afc1,DevTools,Basic,2023-06-03,,969,,0,35.4,0,8.3,2023-06
A-e3bd71,Cybersecurity,Basic,2024-06-02,,1729,switched to competitor,0,23.4,4,8.8,2024-06
A-e3bd71,Cybersecurity,Basic,2024-01-11,,589,switched to competitor,0,28.1,4,11.3,2024-01
A-e3bd71,Cybersecurity,Basic,2024-06-21,,779,switched to competitor,0,22.8,4,10.8,2024-06
A-e3bd71,Cybersecurity,Enterprise,2024-03-24,,6169,switched to competitor,0,25.7,4,11.2,2024-03
A-e3bd71,Cybersecurity,Enterprise,2024-02-18,2024-04-29,6169,switched to competitor,1,2.3,4,9.0,2024-02
A-e3bd71,Cybersecurity,Enterprise,2023-04-03,,6169,switched to competitor,0,37.4,4,6.8,2023-04
A-e3bd71,Cybersecurity,Enterprise,2024-02-11,,6169,switched to competitor,0,27.1,4,10.8,2024-02
A-e3bd71,Cybersecurity,Enterprise,2024-03-20,,6169,switched to competitor,0,25.9,4,14.0,2024-03
A-e3bd71,Cybersecurity,Enterprise,2024-10-19,,6169,switched to competitor,0,18.9,4,10.2,2024-10
A-e3bd71,Cybersecurity,Pro,2024-12-07,,1519,switched to competitor,0,17.2,4,11.3,2024-12
A-e3bd71,Cybersecurity,Pro,2024-03-09,,0,switched to competitor,0,26.2,4,11.7,2024-03
A-b179bf,Cybersecurity,Pro,2024-12-25,,0,,0,16.7,6,10.0,2024-12
A-b179bf,Cybersecurity,Pro,2024-12-25,,0,missing features,0,16.7,6,10.0,2024-12
A-b179bf,Cybersecurity,Pro,2024-12-25,,0,too expensive,0,16.7,6,10.0,2024-12
A-b179bf,Cybersecurity,Enterprise,2024-12-24,,8557,,0,16.7,6,10.8,2024-12
A-b179bf,Cybersecurity,Enterprise,2024-12-24,,8557,missing features,0,16.7,6,10.8,2024-12
A-b179bf,Cybersecurity,Enterprise,2024-12-24,,8557,too expensive,0,16.7,6,10.8,2024-12
A-b179bf,Cybersecurity,Enterprise,2024-11-15,,8557,,0,18.0,6,11.3,2024-11
A-b179bf,Cybersecurity,Enterprise,2024-11-15,,8557,missing features,0,18.0,6,11.3,2024-11
A-b179bf,Cybersecurity,Enterprise,2024-11-15,,8557,too expensive,0,18.0,6,11.3,2024-11
A-b179bf,Cybersecurity,Pro,2024-10-27,,0,,0,18.6,6,8.4,2024-10
A-b179bf,Cybersecurity,Pro,2024-10-27,,0,missing features,0,18.6,6,8.4,2024-10
A-b179bf,Cybersecurity,Pro,2024-10-27,,0,too expensive,0,18.6,6,8.4,2024-10
A-b179bf,Cybersecurity,Basic,2024-12-24,,817,,0,16.7,6,10.5,2024-12
A-b179bf,Cybersecurity,Basic,2024-12-24,,817,missing features,0,16.7,6,10.5,2024-12
A-b179bf,Cybersecurity,Basic,2024-12-24,,817,too expensive,0,16.7,6,10.5,2024-12
A-098560,DevTools,Enterprise,2024-09-02,,5771,too expensive,0,20.4,2,12.0,2024-09
A-098560,DevTools,Enterprise,2024-09-02,,5771,too expensive,0,20.4,2,12.0,2024-09
A-098560,DevTools,Pro,2024-02-24,,0,too expensive,0,26.7,2,6.0,2024-02
A-098560,DevTools,Pro,2024-02-24,,0,too expensive,0,26.7,2,6.0,2024-02
A-098560,DevTools,Basic,2024-07-29,2024-10-21,551,too expensive,1,2.8,2,11.0,2024-07
A-098560,DevTools,Basic,2024-07-29,2024-10-21,551,too expensive,1,2.8,2,11.0,2024-07
A-098560,DevTools,Enterprise,2024-11-17,,796,too expensive,0,17.9,2,15.0,2024-11
A-098560,DevTools,Enterprise,2024-11-17,,796,too expensive,0,17.9,2,15.0,2024-11
A-098560,DevTools,Pro,2024-04-13,,1225,too expensive,0,25.1,2,9.8,2024-04
A-098560,DevTools,Pro,2024-04-13,,1225,too expensive,0,25.1,2,9.8,2024-04
A-098560,DevTools,Pro,2024-03-24,,588,too expensive,0,25.7,2,5.5,2024-03
A-098560,DevTools,Pro,2024-03-24,,588,too expensive,0,25.7,2,5.5,2024-03
A-098560,DevTools,Enterprise,2024-07-19,,597,too expensive,0,21.9,2,11.1,2024-07
A-098560,DevTools,Enterprise,2024-07-19,,597,too expensive,0,21.9,2,11.1,2024-07
A-098560,DevTools,Pro,2023-12-10,,1715,too expensive,0,29.2,2,8.8,2023-12
A-098560,DevTools,Pro,2023-12-10,,1715,too expensive,0,29.2,2,8.8,2023-12
A-098560,DevTools,Basic,2024-04-29,,190,too expensive,0,24.5,2,10.5,2024-04
A-098560,DevTools,Basic,2024-04-29,,190,too expensive,0,24.5,2,10.5,2024-04
A-098560,DevTools,Basic,2024-09-05,,133,too expensive,0,20.3,2,12.5,2024-09
A-098560,DevTools,Basic,2024-09-05,,133,too expensive,0,20.3,2,12.5,2024-09
A-098560,DevTools,Basic,2024-10-27,,760,too expensive,0,18.6,2,11.0,2024-10
A-098560,DevTools,Basic,2024-10-27,,760,too expensive,0,18.6,2,11.0,2024-10
A-82861f,DevTools,Basic,2024-07-31,2024-09-04,779,,1,1.1,5,10.1,2024-07
A-82861f,DevTools,Enterprise,2024-07-10,,10547,,0,22.2,5,10.0,2024-07
A-82861f,DevTools,Basic,2024-07-29,,779,,0,21.6,5,10.3,2024-07
A-82861f,DevTools,Pro,2024-05-18,,2009,,0,23.9,5,10.0,2024-05
A-82861f,DevTools,Basic,2024-08-04,,779,,0,21.4,5,8.3,2024-08
A-82861f,DevTools,Enterprise,2024-05-27,2024-11-15,8159,,1,5.7,5,8.0,2024-05
A-82861f,DevTools,Enterprise,2024-10-04,,8159,,0,19.4,5,8.8,2024-10
A-82861f,DevTools,Pro,2024-05-25,,2254,,0,23.7,5,8.8,2024-05
A-82861f,DevTools,Enterprise,2024-11-19,,8159,,0,17.8,5,9.3,2024-11
A-82861f,DevTools,Pro,2024-10-16,2024-11-08,2009,,1,0.8,5,8.5,2024-10
A-94c3cd,FinTech,Enterprise,2024-08-07,,0,,0,21.3,4,9.5,2024-08
A-94c3cd,FinTech,Enterprise,2024-01-06,,0,,0,28.3,4,11.3,2024-01
A-94c3cd,FinTech,Pro,2024-11-23,,0,,0,17.7,4,9.0,2024-11
A-94c3cd,FinTech,Pro,2024-07-19,,1813,,0,21.9,4,10.2,2024-07
A-94c3cd,FinTech,Basic,2024-09-29,,855,,0,19.5,4,8.5,2024-09
A-94c3cd,FinTech,Enterprise,2024-12-15,,6368,,0,17.0,4,10.0,2024-12
A-a33200,HealthTech,Pro,2024-11-16,,1764,too expensive,0,17.9,3,8.0,2024-11
A-a33200,HealthTech,Enterprise,2024-09-27,,5771,too expensive,0,19.6,3,8.7,2024-09
A-a33200,HealthTech,Enterprise,2024-10-25,2024-11-24,5771,too expensive,1,1.0,3,9.5,2024-10
A-a33200,HealthTech,Pro,2024-12-14,,2499,too expensive,0,17.0,3,9.0,2024-12
A-a33200,HealthTech,Pro,2024-10-14,,1421,too expensive,0,19.0,3,7.8,2024-10
A-a33200,HealthTech,Pro,2024-10-14,,1421,too expensive,0,19.0,3,10.0,2024-10
A-a33200,HealthTech,Pro,2024-10-26,,1421,too expensive,0,18.6,3,12.3,2024-10
A-a33200,HealthTech,Basic,2024-11-30,,551,too expensive,0,17.5,3,8.0,2024-11
A-a33200,HealthTech,Basic,2024-12-20,,551,too expensive,0,16.8,3,10.2,2024-12
A-a33200,HealthTech,Pro,2024-09-26,,1421,too expensive,0,19.6,3,9.3,2024-09
A-a33200,HealthTech,Basic,2024-10-21,,551,too expensive,0,18.8,3,11.1,2024-10
A-a33200,HealthTech,Enterprise,2024-11-26,,5771,too expensive,0,17.6,3,7.0,2024-11
A-034368,EdTech,Basic,2024-06-21,,494,,0,22.8,5,11.7,2024-06
A-034368,EdTech,Basic,2023-12-14,,0,,0,29.0,5,10.2,2023-12
A-034368,EdTech,Enterprise,2024-10-14,,5572,,0,19.0,5,9.1,2024-10
A-034368,EdTech,Basic,2024-11-29,,551,,0,17.5,5,8.8,2024-11
A-034368,EdTech,Enterprise,2024-12-12,,4577,,0,17.1,5,8.9,2024-12
A-b54c01,DevTools,Basic,2024-12-23,,551,too expensive,0,16.7,5,9.9,2024-12
A-b54c01,DevTools,Pro,2024-10-07,,0,too expensive,0,19.3,5,8.8,2024-10
A-b54c01,DevTools,Pro,2024-10-29,,1421,too expensive,0,18.5,5,11.4,2024-10
A-b54c01,DevTools,Pro,2024-10-28,,1421,too expensive,0,18.6,5,9.4,2024-10
A-d82ef9,EdTech,Pro,2024-09-28,,1274,switched to competitor,0,19.5,5,13.0,2024-09
A-d82ef9,EdTech,Enterprise,2024-08-07,,0,switched to competitor,0,21.3,5,9.7,2024-08
A-d82ef9,EdTech,Pro,2024-07-14,,0,switched to competitor,0,22.0,5,10.8,2024-07
A-d82ef9,EdTech,Enterprise,2024-08-10,,5174,switched to competitor,0,21.2,5,8.3,2024-08
A-d82ef9,EdTech,Pro,2024-09-10,,1274,switched to competitor,0,20.1,5,10.2,2024-09
A-d82ef9,EdTech,Pro,2024-07-30,,2842,switched to competitor,0,21.5,5,9.8,2024-07
A-d82ef9,EdTech,Basic,2024-11-14,,494,switched to competitor,0,18.0,5,10.5,2024-11
A-d82ef9,EdTech,Pro,2024-10-04,,0,switched to competitor,0,19.4,5,8.8,2024-10
A-d82ef9,EdTech,Pro,2024-10-23,,1274,switched to competitor,0,18.7,5,10.4,2024-10
A-d82ef9,EdTech,Basic,2024-11-30,,494,switched to competitor,0,17.5,5,8.0,2024-11
A-d82ef9,EdTech,Basic,2024-11-28,,0,switched to competitor,0,17.5,5,10.5,2024-11
A-d82ef9,EdTech,Basic,2024-07-21,2024-11-24,1007,switched to competitor,1,4.1,5,10.3,2024-07
A-d82ef9,EdTech,Basic,2024-10-30,,494,switched to competitor,0,18.5,5,10.8,2024-10
A-d82ef9,EdTech,Pro,2024-08-25,,0,switched to competitor,0,20.7,5,14.0,2024-08
A-bb2f49,Cybersecurity,Pro,2024-02-16,,784,,0,26.9,3,8.0,2024-02
A-bb2f49,Cybersecurity,Enterprise,2023-07-26,,9751,,0,33.7,3,11.3,2023-07
A-bb2f49,Cybersecurity,Basic,2024-12-07,,152,,0,17.2,3,9.8,2024-12
A-bb2f49,Cybersecurity,Enterprise,2023-12-13,,1592,,0,29.1,3,10.0,2023-12
A-bb2f49,Cybersecurity,Pro,2023-06-29,,3332,,0,34.6,3,9.0,2023-06
A-bb2f49,Cybersecurity,Pro,2024-01-14,2024-12-29,0,,1,11.5,3,10.7,2024-01
A-bb2f49,Cybersecurity,Pro,2023-10-26,,441,,0,30.7,3,12.7,2023-10
A-bb2f49,Cybersecurity,Pro,2024-09-04,,686,,0,20.3,3,11.5,2024-09
A-bb2f49,Cybersecurity,Pro,2024-12-26,,1372,,0,16.6,3,10.6,2024-12
A-bb2f49,Cybersecurity,Pro,2024-06-15,,1715,,0,23.0,3,10.6,2024-06
A-bb2f49,Cybersecurity,Pro,2024-11-14,,4165,,0,18.0,3,11.3,2024-11
A-1f559b,HealthTech,Enterprise,2024-02-27,,5174,,0,26.6,5,9.8,2024-02
A-1f559b,HealthTech,Basic,2024-10-17,,190,,0,18.9,5,11.4,2024-10
A-1f559b,HealthTech,Pro,2023-12-21,,245,,0,28.8,5,10.3,2023-12
A-1f559b,HealthTech,Pro,2024-04-21,,2891,,0,24.8,5,10.8,2024-04
A-1f559b,HealthTech,Basic,2023-12-12,2024-05-24,304,,1,5.4,5,8.3,2023-12
A-1f559b,HealthTech,Pro,2024-07-25,,882,,0,21.7,5,9.8,2024-07
A-1f559b,HealthTech,Basic,2024-06-21,2024-09-29,1102,,1,3.3,5,10.2,2024-06
A-1f559b,HealthTech,Basic,2024-02-08,,247,,0,27.2,5,9.0,2024-02
A-1f559b,HealthTech,Pro,2024-06-27,,588,,0,22.6,5,9.7,2024-06
A-1f559b,HealthTech,Basic,2024-07-25,,133,,0,21.7,5,10.5,2024-07
A-5a215a,EdTech,Enterprise,2024-03-13,,17313,,0,26.1,4,7.5,2024-03
A-5a215a,EdTech,Pro,2024-10-23,2024-11-26,4263,,1,1.1,4,10.5,2024-10
A-5a215a,EdTech,Enterprise,2024-03-08,,0,,0,26.3,4,0.0,2024-03
A-5a215a,EdTech,Enterprise,2024-05-10,2024-12-06,17313,,1,6.9,4,8.0,2024-05
A-5a215a,EdTech,Basic,2024-01-31,,1653,,0,27.5,4,6.3,2024-01
A-5a215a,EdTech,Pro,2024-07-29,2024-09-19,4263,,1,1.7,4,11.4,2024-07
A-5a215a,EdTech,Basic,2024-11-24,,1653,,0,17.7,4,9.8,2024-11
A-5a215a,EdTech,Enterprise,2024-09-18,,17313,,0,19.9,4,10.0,2024-09
A-5a215a,EdTech,Pro,2024-02-05,,0,,0,27.3,4,11.0,2024-02
A-5a215a,EdTech,Pro,2024-07-13,2024-08-03,0,,1,0.7,4,11.0,2024-07
A-5a215a,EdTech,Pro,2024-06-20,,0,,0,22.8,4,9.7,2024-06
A-5a215a,EdTech,Pro,2024-12-10,,4263,,0,17.2,4,11.3,2024-12
A-5a215a,EdTech,Pro,2024-07-10,,4263,,0,22.2,4,9.2,2024-07
A-5a215a,EdTech,Pro,2024-02-11,,4263,,0,27.1,4,11.3,2024-02
A-5a215a,EdTech,Enterprise,2024-09-18,,17313,,0,19.9,4,12.8,2024-09
A-5a215a,EdTech,Enterprise,2024-09-16,2024-11-13,17313,,1,1.9,4,8.5,2024-09
A-5a215a,EdTech,Basic,2024-10-18,,1653,,0,18.9,4,10.3,2024-10
A-5a215a,EdTech,Enterprise,2024-05-27,2024-12-30,17313,,1,7.1,4,10.3,2024-05
A-3f9cc0,HealthTech,Enterprise,2024-06-24,,4378,,0,22.7,5,9.4,2024-06
A-3f9cc0,HealthTech,Enterprise,2024-06-24,,4378,switched to competitor,0,22.7,5,9.4,2024-06
A-3f9cc0,HealthTech,Enterprise,2024-06-24,,4378,too expensive,0,22.7,5,9.4,2024-06
A-3f9cc0,HealthTech,Basic,2024-07-21,,418,,0,21.8,5,6.0,2024-07
A-3f9cc0,HealthTech,Basic,2024-07-21,,418,switched to competitor,0,21.8,5,6.0,2024-07
A-3f9cc0,HealthTech,Basic,2024-07-21,,418,too expensive,0,21.8,5,6.0,2024-07
A-3f9cc0,HealthTech,Basic,2024-07-06,,0,,0,22.3,5,8.5,2024-07
A-3f9cc0,HealthTech,Basic,2024-07-06,,0,switched to competitor,0,22.3,5,8.5,2024-07
A-3f9cc0,HealthTech,Basic,2024-07-06,,0,too expensive,0,22.3,5,8.5,2024-07
A-3f9cc0,HealthTech,Basic,2024-06-25,,418,,0,22.7,5,9.3,2024-06
A-3f9cc0,HealthTech,Basic,2024-06-25,,418,switched to competitor,0,22.7,5,9.3,2024-06
A-3f9cc0,HealthTech,Basic,2024-06-25,,418,too expensive,0,22.7,5,9.3,2024-06
A-3f9cc0,HealthTech,Enterprise,2024-07-25,,4378,,0,21.7,5,10.6,2024-07
A-3f9cc0,HealthTech,Enterprise,2024-07-25,,4378,switched to competitor,0,21.7,5,10.6,2024-07
A-3f9cc0,HealthTech,Enterprise,2024-07-25,,4378,too expensive,0,21.7,5,10.6,2024-07
A-3f9cc0,HealthTech,Enterprise,2024-08-04,,5970,,0,21.4,5,10.7,2024-08
A-3f9cc0,HealthTech,Enterprise,2024-08-04,,5970,switched to competitor,0,21.4,5,10.7,2024-08
A-3f9cc0,HealthTech,Enterprise,2024-08-04,,5970,too expensive,0,21.4,5,10.7,2024-08
A-3f9cc0,HealthTech,Enterprise,2024-06-23,,4378,,0,22.7,5,9.7,2024-06
A-3f9cc0,HealthTech,Enterprise,2024-06-23,,4378,switched to competitor,0,22.7,5,9.7,2024-06
A-3f9cc0,HealthTech,Enterprise,2024-06-23,,4378,too expensive,0,22.7,5,9.7,2024-06
A-f9cc74,DevTools,Basic,2024-11-08,2024-11-25,1007,,1,0.6,6,8.7,2024-11
A-f9cc74,DevTools,Enterprise,2024-12-09,,0,,0,17.2,6,8.3,2024-12
A-f9cc74,DevTools,Pro,2024-10-28,,1470,,0,18.6,6,10.9,2024-10
A-f9cc74,DevTools,Pro,2024-11-09,,0,,0,18.2,6,9.0,2024-11
A-f9cc74,DevTools,Basic,2024-11-29,,570,,0,17.5,6,11.1,2024-11
A-f9cc74,DevTools,Enterprise,2024-10-30,,5970,,0,18.5,6,7.5,2024-10
A-f9cc74,DevTools,Enterprise,2024-10-12,,5970,,0,19.1,6,8.0,2024-10
A-f9cc74,DevTools,Basic,2024-11-26,,570,,0,17.6,6,10.3,2024-11
A-f9cc74,DevTools,Enterprise,2024-12-05,,0,,0,17.3,6,12.0,2024-12
A-f9cc74,DevTools,Pro,2024-12-22,,0,,0,16.8,6,9.2,2024-12
A-ed510f,Cybersecurity,Enterprise,2023-12-28,,8358,too expensive,0,28.6,9,9.9,2023-12
A-ed510f,Cybersecurity,Enterprise,2024-04-09,,8358,too expensive,0,25.2,9,8.3,2024-04
A-ed510f,Cybersecurity,Pro,2024-05-16,,2058,too expensive,0,24.0,9,11.1,2024-05
A-ed510f,Cybersecurity,Pro,2024-01-24,,2058,too expensive,0,27.7,9,9.8,2024-01
A-ed510f,Cybersecurity,Pro,2024-12-21,,2058,too expensive,0,16.8,9,9.0,2024-12
A-ed510f,Cybersecurity,Pro,2024-09-18,,2058,too expensive,0,19.9,9,11.0,2024-09
A-ed510f,Cybersecurity,Pro,2023-03-09,,2058,too expensive,0,38.2,9,11.3,2023-03
A-ed510f,Cybersecurity,Enterprise,2024-04-21,,8358,too expensive,0,24.8,9,10.0,2024-04
A-ed510f,Cybersecurity,Enterprise,2023-04-19,,0,too expensive,0,36.9,9,10.4,2023-04
A-ed510f,Cybersecurity,Basic,2023-07-17,2023-10-09,798,too expensive,1,2.8,9,10.0,2023-07
A-5c9849,EdTech,Pro,2024-12-30,,931,too expensive,0,16.5,4,10.9,2024-12
A-5c9849,EdTech,Enterprise,2024-12-01,2024-12-16,18109,too expensive,1,0.5,4,10.3,2024-12
A-5c9849,EdTech,Enterprise,2024-11-30,,12338,too expensive,0,17.5,4,9.5,2024-11
A-5c9849,EdTech,Enterprise,2024-12-10,,3781,too expensive,0,17.2,4,9.5,2024-12
A-5c9849,EdTech,Enterprise,2024-12-04,,0,too expensive,0,17.3,4,8.4,2024-12
A-5c9849,EdTech,Enterprise,2024-12-03,,0,too expensive,0,17.4,4,10.2,2024-12
A-5c9849,EdTech,Basic,2024-11-12,,361,too expensive,0,18.1,4,0.0,2024-11
A-5c9849,EdTech,Basic,2024-11-10,,1235,too expensive,0,18.1,4,11.8,2024-11
A-5c9849,EdTech,Enterprise,2024-11-11,,0,too expensive,0,18.1,4,9.5,2024-11
A-a7bd4b,Cybersecurity,Basic,2024-01-13,,912,too expensive,0,28.1,6,12.3,2024-01
A-a7bd4b,Cybersecurity,Basic,2024-09-18,2024-10-13,171,too expensive,1,0.8,6,10.9,2024-09
A-a7bd4b,Cybersecurity,Pro,2023-06-13,,0,too expensive,0,35.1,6,11.5,2023-06
A-a7bd4b,Cybersecurity,Enterprise,2023-11-15,2024-10-10,0,too expensive,1,10.8,6,17.0,2023-11
A-a7bd4b,Cybersecurity,Basic,2024-09-25,,342,too expensive,0,19.6,6,12.0,2024-09
A-a7bd4b,Cybersecurity,Pro,2023-03-19,,392,too expensive,0,37.9,6,9.4,2023-03
A-a7bd4b,Cybersecurity,Pro,2024-05-14,,245,too expensive,0,24.0,6,10.8,2024-05
A-a7bd4b,Cybersecurity,Enterprise,2024-06-02,2024-10-31,995,too expensive,1,5.0,6,8.0,2024-06
A-a7bd4b,Cybersecurity,Pro,2024-05-31,,2499,too expensive,0,23.5,6,9.0,2024-05
A-a7bd4b,Cybersecurity,Pro,2023-10-05,,294,too expensive,0,31.3,6,9.9,2023-10
A-a7bd4b,Cybersecurity,Basic,2023-10-31,,418,too expensive,0,30.5,6,9.4,2023-10
A-d4ac0e,DevTools,Basic,2024-08-06,,342,,0,21.3,4,10.0,2024-08
A-d4ac0e,DevTools,Basic,2024-10-01,,532,,0,19.5,4,8.0,2024-10
A-d4ac0e,DevTools,Pro,2024-06-01,,1225,,0,23.5,4,8.5,2024-06
A-d4ac0e,DevTools,Enterprise,2024-07-07,,3980,,0,22.3,4,7.5,2024-07
A-d4ac0e,DevTools,Pro,2024-06-01,,882,,0,23.5,4,8.1,2024-06
A-d4ac0e,DevTools,Pro,2024-11-29,,882,,0,17.5,4,8.3,2024-11
A-d4ac0e,DevTools,Basic,2024-09-10,,456,,0,20.1,4,11.3,2024-09
A-d4ac0e,DevTools,Enterprise,2024-10-12,,5572,,0,19.1,4,10.3,2024-10
A-d4ac0e,DevTools,Basic,2024-05-10,,0,,0,24.2,4,11.8,2024-05
A-d4ac0e,DevTools,Pro,2024-08-25,,882,,0,20.7,4,7.0,2024-08
A-d4ac0e,DevTools,Enterprise,2024-10-20,,3582,,0,18.8,4,9.4,2024-10
A-d4ac0e,DevTools,Pro,2024-12-14,,882,,0,17.0,4,8.6,2024-12
A-d4ac0e,DevTools,Basic,2024-08-09,,513,,0,21.2,4,9.5,2024-08
A-d4ac0e,DevTools,Pro,2024-11-01,,1617,,0,18.4,4,11.9,2024-11
A-d4ac0e,DevTools,Enterprise,2024-07-02,,0,,0,22.4,4,10.9,2024-07
A-d4ac0e,DevTools,Basic,2024-05-19,,342,,0,23.9,4,7.7,2024-05
A-d4ac0e,DevTools,Basic,2024-09-17,,551,,0,19.9,4,11.6,2024-09
A-d4ac0e,DevTools,Basic,2024-10-28,2024-12-16,342,,1,1.6,4,11.0,2024-10
A-d4ac0e,DevTools,Enterprise,2024-10-28,,4975,,0,18.6,4,10.5,2024-10
A-ffdfd5,EdTech,Enterprise,2024-11-16,,5970,missing features,0,17.9,0,11.5,2024-11
A-ffdfd5,EdTech,Pro,2024-09-14,,4508,missing features,0,20.0,0,10.0,2024-09
A-ffdfd5,EdTech,Basic,2024-06-11,,399,missing features,0,23.1,0,10.0,2024-06
A-ffdfd5,EdTech,Basic,2024-08-18,,570,missing features,0,20.9,0,11.8,2024-08
A-ffdfd5,EdTech,Enterprise,2024-10-23,,796,missing features,0,18.7,0,9.8,2024-10
A-ffdfd5,EdTech,Pro,2024-09-09,,0,missing features,0,20.2,0,9.2,2024-09
A-ffdfd5,EdTech,Enterprise,2024-11-24,,0,missing features,0,17.7,0,7.7,2024-11
A-ffdfd5,EdTech,Enterprise,2024-10-20,,1393,missing features,0,18.8,0,11.3,2024-10
A-ffdfd5,EdTech,Pro,2024-12-20,2024-12-31,147,missing features,1,0.4,0,9.9,2024-12
A-ffdfd5,EdTech,Pro,2024-04-24,,539,missing features,0,24.7,0,11.1,2024-04
A-0dbdc6,Cybersecurity,Basic,2023-11-04,,570,missing features,0,30.4,4,10.8,2023-11
A-0dbdc6,Cybersecurity,Basic,2023-11-04,,570,too expensive,0,30.4,4,10.8,2023-11
A-0dbdc6,Cybersecurity,Pro,2024-04-24,,1470,missing features,0,24.7,4,9.2,2024-04
A-0dbdc6,Cybersecurity,Pro,2024-04-24,,1470,too expensive,0,24.7,4,9.2,2024-04
A-0dbdc6,Cybersecurity,Enterprise,2024-10-25,,5970,missing features,0,18.7,4,12.5,2024-10
A-0dbdc6,Cybersecurity,Enterprise,2024-10-25,,5970,too expensive,0,18.7,4,12.5,2024-10
A-0dbdc6,Cybersecurity,Enterprise,2024-05-05,,9950,missing features,0,24.3,4,9.5,2024-05
A-0dbdc6,Cybersecurity,Enterprise,2024-05-05,,9950,too expensive,0,24.3,4,9.5,2024-05
A-0dbdc6,Cybersecurity,Pro,2023-06-14,,0,missing features,0,35.1,4,8.2,2023-06
A-0dbdc6,Cybersecurity,Pro,2023-06-14,,0,too expensive,0,35.1,4,8.2,2023-06
A-0dbdc6,Cybersecurity,Enterprise,2024-10-26,,5970,missing features,0,18.6,4,7.0,2024-10
A-0dbdc6,Cybersecurity,Enterprise,2024-10-26,,5970,too expensive,0,18.6,4,7.0,2024-10
A-0dbdc6,Cybersecurity,Pro,2024-07-02,,1470,missing features,0,22.4,4,7.8,2024-07
A-0dbdc6,Cybersecurity,Pro,2024-07-02,,1470,too expensive,0,22.4,4,7.8,2024-07
A-0dbdc6,Cybersecurity,Pro,2024-12-15,,2303,missing features,0,17.0,4,11.2,2024-12
A-0dbdc6,Cybersecurity,Pro,2024-12-15,,2303,too expensive,0,17.0,4,11.2,2024-12
A-0dbdc6,Cybersecurity,Basic,2024-03-13,,570,missing features,0,26.1,4,9.3,2024-03
A-0dbdc6,Cybersecurity,Basic,2024-03-13,,570,too expensive,0,26.1,4,9.3,2024-03
A-7cfe77,DevTools,Pro,2024-08-24,,3381,,0,20.7,7,12.0,2024-08
A-7cfe77,DevTools,Pro,2024-08-24,,3381,missing features,0,20.7,7,12.0,2024-08
A-7cfe77,DevTools,Pro,2024-11-21,,3381,,0,17.8,7,10.0,2024-11
A-7cfe77,DevTools,Pro,2024-11-21,,3381,missing features,0,17.8,7,10.0,2024-11
A-7cfe77,DevTools,Basic,2024-12-05,,1311,,0,17.3,7,11.3,2024-12
A-7cfe77,DevTools,Basic,2024-12-05,,1311,missing features,0,17.3,7,11.3,2024-12
A-7cfe77,DevTools,Basic,2024-08-10,,1311,,0,21.2,7,11.1,2024-08
A-7cfe77,DevTools,Basic,2024-08-10,,1311,missing features,0,21.2,7,11.1,2024-08
A-7cfe77,DevTools,Pro,2024-07-30,,3381,,0,21.5,7,8.7,2024-07
A-7cfe77,DevTools,Pro,2024-07-30,,3381,missing features,0,21.5,7,8.7,2024-07
A-1f0636,EdTech,Pro,2024-02-28,2024-10-30,0,,1,8.0,2,10.0,2024-02
A-1f0636,EdTech,Basic,2024-07-27,,1995,,0,21.6,2,11.3,2024-07
A-1f0636,EdTech,Pro,2024-03-17,,0,,0,26.0,2,10.3,2024-03
A-1f0636,EdTech,Enterprise,2024-11-17,,20895,,0,17.9,2,11.0,2024-11
A-1f0636,EdTech,Enterprise,2024-05-29,,20895,,0,23.6,2,0.0,2024-05
A-1f0636,EdTech,Basic,2024-10-30,,1995,,0,18.5,2,10.0,2024-10
A-1f0636,EdTech,Enterprise,2024-06-27,,20895,,0,22.6,2,10.5,2024-06
A-1f0636,EdTech,Pro,2024-06-09,,5145,,0,23.2,2,10.1,2024-06
A-1f0636,EdTech,Enterprise,2024-04-09,,20895,,0,25.2,2,9.0,2024-04
A-1f0636,EdTech,Basic,2024-02-27,,0,,0,26.6,2,8.0,2024-02
A-1f0636,EdTech,Basic,2024-09-02,,1995,,0,20.4,2,10.0,2024-09
A-40de06,Cybersecurity,Basic,2023-06-23,,1178,,0,34.8,3,12.7,2023-06
A-40de06,Cybersecurity,Pro,2024-07-16,,0,,0,22.0,3,10.8,2024-07
A-40de06,Cybersecurity,Basic,2024-09-13,,1140,,0,20.0,3,8.7,2024-09
A-40de06,Cybersecurity,Enterprise,2024-10-09,,5572,,0,19.2,3,8.6,2024-10
A-40de06,Cybersecurity,Pro,2024-05-17,,1372,,0,24.0,3,10.0,2024-05
A-40de06,Cybersecurity,Enterprise,2023-06-03,,5572,,0,35.4,3,11.1,2023-06
A-40de06,Cybersecurity,Enterprise,2023-12-12,2024-12-29,5572,,1,12.6,3,9.0,2023-12
A-40de06,Cybersecurity,Pro,2024-03-24,,1372,,0,25.7,3,9.0,2024-03
A-40de06,Cybersecurity,Pro,2023-11-08,,1372,,0,30.2,3,8.0,2023-11
A-40de06,Cybersecurity,Pro,2023-10-28,,1372,,0,30.6,3,9.9,2023-10
A-40de06,Cybersecurity,Pro,2024-08-22,,1372,,0,20.8,3,6.7,2024-08
A-40de06,Cybersecurity,Pro,2023-09-21,2024-12-23,1372,,1,15.1,3,11.0,2023-09
A-40de06,Cybersecurity,Enterprise,2024-06-02,,0,,0,23.4,3,7.0,2024-06
A-40de06,Cybersecurity,Basic,2024-09-08,,532,,0,20.2,3,10.8,2024-09
A-40de06,Cybersecurity,Basic,2023-11-08,,532,,0,30.2,3,9.3,2023-11
A-40de06,Cybersecurity,Basic,2024-11-17,,532,,0,17.9,3,9.0,2024-11
A-cb5333,DevTools,Pro,2024-09-06,,1617,too expensive,0,20.3,4,9.8,2024-09
A-cb5333,DevTools,Pro,2024-06-02,2024-06-12,1617,too expensive,1,0.3,4,9.8,2024-06
A-cb5333,DevTools,Enterprise,2024-09-30,,6567,too expensive,0,19.5,4,8.2,2024-09
A-cb5333,DevTools,Pro,2024-05-16,,0,too expensive,0,24.0,4,10.0,2024-05
A-cb5333,DevTools,Pro,2024-09-08,,1617,too expensive,0,20.2,4,10.0,2024-09
A-cb5333,DevTools,Basic,2024-06-25,,0,too expensive,0,22.7,4,10.8,2024-06
A-cb5333,DevTools,Basic,2024-06-19,,627,too expensive,0,22.9,4,9.9,2024-06
A-cb5333,DevTools,Pro,2024-12-15,,1617,too expensive,0,17.0,4,8.4,2024-12
A-cb5333,DevTools,Pro,2024-09-17,,1617,too expensive,0,19.9,4,11.4,2024-09
A-cb5333,DevTools,Basic,2024-07-29,,703,too expensive,0,21.6,4,10.2,2024-07
A-cb5333,DevTools,Basic,2024-12-11,,627,too expensive,0,17.1,4,8.9,2024-12
A-cb5333,DevTools,Basic,2024-05-04,,0,too expensive,0,24.4,4,7.5,2024-05
A-cb5333,DevTools,Basic,2024-04-09,,836,too expensive,0,25.2,4,12.0,2024-04
A-cb5333,DevTools,Pro,2024-07-11,,1617,too expensive,0,22.1,4,10.0,2024-07
A-cb5333,DevTools,Enterprise,2024-04-01,,6567,too expensive,0,25.5,4,7.0,2024-04
A-cb5333,DevTools,Basic,2024-07-26,,627,too expensive,0,21.7,4,9.7,2024-07
A-309e54,DevTools,Basic,2024-12-27,,1349,missing features,0,16.6,5,7.3,2024-12
A-309e54,DevTools,Enterprise,2024-12-26,,9552,missing features,0,16.6,5,9.4,2024-12
A-309e54,DevTools,Basic,2024-12-20,,285,missing features,0,16.8,5,13.0,2024-12
A-309e54,DevTools,Basic,2024-12-26,,0,missing features,0,16.6,5,11.5,2024-12
A-309e54,DevTools,Pro,2024-12-29,2024-12-30,1617,missing features,1,0.0,5,9.7,2024-12
A-309e54,DevTools,Enterprise,2024-12-21,,11741,missing features,0,16.8,5,10.0,2024-12
A-309e54,DevTools,Pro,2024-12-21,,735,missing features,0,16.8,5,10.0,2024-12
A-309e54,DevTools,Enterprise,2024-12-14,,2985,missing features,0,17.0,5,11.0,2024-12
A-309e54,DevTools,Pro,2024-12-21,,0,missing features,0,16.8,5,9.3,2024-12
A-309e54,DevTools,Basic,2024-12-31,,285,missing features,0,16.5,5,10.6,2024-12
A-309e54,DevTools,Enterprise,2024-12-13,,0,missing features,0,17.1,5,9.2,2024-12
A-6e7827,DevTools,Pro,2024-10-23,2024-10-30,2450,missing features,1,0.2,2,9.6,2024-10
A-6e7827,DevTools,Pro,2024-10-23,2024-10-30,2450,switched to competitor,1,0.2,2,9.6,2024-10
A-6e7827,DevTools,Pro,2024-12-19,,833,missing features,0,16.9,2,9.9,2024-12
A-6e7827,DevTools,Pro,2024-12-19,,833,switched to competitor,0,16.9,2,9.9,2024-12
A-6e7827,DevTools,Basic,2023-06-11,,171,missing features,0,35.2,2,7.5,2023-06
A-6e7827,DevTools,Basic,2023-06-11,,171,switched to competitor,0,35.2,2,7.5,2023-06
A-6e7827,DevTools,Enterprise,2024-08-30,,2189,missing features,0,20.5,2,10.5,2024-08
A-6e7827,DevTools,Enterprise,2024-08-30,,2189,switched to competitor,0,20.5,2,10.5,2024-08
A-6e7827,DevTools,Pro,2023-08-02,,392,missing features,0,33.4,2,12.5,2023-08
A-6e7827,DevTools,Pro,2023-08-02,,392,switched to competitor,0,33.4,2,12.5,2023-08
A-6e7827,DevTools,Pro,2024-04-22,,147,missing features,0,24.8,2,9.9,2024-04
A-6e7827,DevTools,Pro,2024-04-22,,147,switched to competitor,0,24.8,2,9.9,2024-04
A-6e7827,DevTools,Enterprise,2024-03-22,,398,missing features,0,25.8,2,10.3,2024-03
A-6e7827,DevTools,Enterprise,2024-03-22,,398,switched to competitor,0,25.8,2,10.3,2024-03
A-6e7827,DevTools,Pro,2023-11-05,,49,missing features,0,30.3,2,11.3,2023-11
A-6e7827,DevTools,Pro,2023-11-05,,49,switched to competitor,0,30.3,2,11.3,2023-11
A-6e7827,DevTools,Pro,2024-04-30,,1715,missing features,0,24.5,2,11.4,2024-04
A-6e7827,DevTools,Pro,2024-04-30,,1715,switched to competitor,0,24.5,2,11.4,2024-04
A-50bb9f,Cybersecurity,Pro,2024-11-05,,1470,too expensive,0,18.3,7,12.5,2024-11
A-50bb9f,Cybersecurity,Pro,2024-11-05,,1470,too expensive,0,18.3,7,12.5,2024-11
A-50bb9f,Cybersecurity,Basic,2024-08-09,,95,too expensive,0,21.2,7,11.3,2024-08
A-50bb9f,Cybersecurity,Basic,2024-08-09,,95,too expensive,0,21.2,7,11.3,2024-08
A-50bb9f,Cybersecurity,Enterprise,2024-10-29,,398,too expensive,0,18.5,7,10.3,2024-10
A-50bb9f,Cybersecurity,Enterprise,2024-10-29,,398,too expensive,0,18.5,7,10.3,2024-10
A-50bb9f,Cybersecurity,Pro,2024-08-11,,343,too expensive,0,21.1,7,10.8,2024-08
A-50bb9f,Cybersecurity,Pro,2024-08-11,,343,too expensive,0,21.1,7,10.8,2024-08
A-50bb9f,Cybersecurity,Enterprise,2024-10-26,,3582,too expensive,0,18.6,7,12.0,2024-10
A-50bb9f,Cybersecurity,Enterprise,2024-10-26,,3582,too expensive,0,18.6,7,12.0,2024-10
A-50bb9f,Cybersecurity,Enterprise,2024-07-22,,6965,too expensive,0,21.8,7,11.2,2024-07
A-50bb9f,Cybersecurity,Enterprise,2024-07-22,,6965,too expensive,0,21.8,7,11.2,2024-07
A-50bb9f,Cybersecurity,Pro,2024-12-27,,2646,too expensive,0,16.6,7,0.0,2024-12
A-50bb9f,Cybersecurity,Pro,2024-12-27,,2646,too expensive,0,16.6,7,0.0,2024-12
A-50bb9f,Cybersecurity,Pro,2024-12-24,2024-12-24,1764,too expensive,1,0.0,7,13.7,2024-12
A-50bb9f,Cybersecurity,Pro,2024-12-24,2024-12-24,1764,too expensive,1,0.0,7,13.7,2024-12
A-5fe118,Cybersecurity,Basic,2024-12-04,,741,,0,17.3,1,14.6,2024-12
A-5fe118,Cybersecurity,Enterprise,2024-12-06,,7761,,0,17.3,1,8.0,2024-12
A-5fe118,Cybersecurity,Pro,2024-12-02,,6027,,0,17.4,1,11.5,2024-12
A-5fe118,Cybersecurity,Basic,2024-12-29,,0,,0,16.5,1,10.2,2024-12
A-5fe118,Cybersecurity,Enterprise,2024-12-05,,7761,,0,17.3,1,9.3,2024-12
A-5247b3,FinTech,Basic,2024-05-11,,627,,0,24.1,5,11.4,2024-05
A-5247b3,FinTech,Basic,2024-05-11,,627,missing features,0,24.1,5,11.4,2024-05
A-5247b3,FinTech,Enterprise,2024-03-23,,3184,,0,25.8,5,12.5,2024-03
A-5247b3,FinTech,Enterprise,2024-03-23,,3184,missing features,0,25.8,5,12.5,2024-03
A-5247b3,FinTech,Enterprise,2024-06-19,,3184,,0,22.9,5,10.1,2024-06
A-5247b3,FinTech,Enterprise,2024-06-19,,3184,missing features,0,22.9,5,10.1,2024-06
A-5247b3,FinTech,Pro,2024-04-17,,0,,0,24.9,5,10.7,2024-04
A-5247b3,FinTech,Pro,2024-04-17,,0,missing features,0,24.9,5,10.7,2024-04
A-5247b3,FinTech,Basic,2024-06-19,,304,,0,22.9,5,9.8,2024-06
A-5247b3,FinTech,Basic,2024-06-19,,304,missing features,0,22.9,5,9.8,2024-06
A-5247b3,FinTech,Pro,2024-09-25,,784,,0,19.6,5,11.6,2024-09
A-5247b3,FinTech,Pro,2024-09-25,,784,missing features,0,19.6,5,11.6,2024-09
A-5247b3,FinTech,Basic,2024-10-18,,342,,0,18.9,5,8.4,2024-10
A-5247b3,FinTech,Basic,2024-10-18,,342,missing features,0,18.9,5,8.4,2024-10
A-5247b3,FinTech,Pro,2024-10-14,,784,,0,19.0,5,9.5,2024-10
A-5247b3,FinTech,Pro,2024-10-14,,784,missing features,0,19.0,5,9.5,2024-10
A-5247b3,FinTech,Basic,2024-11-25,,1406,,0,17.6,5,9.0,2024-11
A-5247b3,FinTech,Basic,2024-11-25,,1406,missing features,0,17.6,5,9.0,2024-11
A-5247b3,FinTech,Basic,2024-06-14,2024-11-19,0,,1,5.2,5,7.4,2024-06
A-5247b3,FinTech,Basic,2024-06-14,2024-11-19,0,missing features,1,5.2,5,7.4,2024-06
A-5247b3,FinTech,Pro,2024-07-27,,1176,,0,21.6,5,12.3,2024-07
A-5247b3,FinTech,Pro,2024-07-27,,1176,missing features,0,21.6,5,12.3,2024-07
A-f44180,Cybersecurity,Basic,2024-12-13,,0,too expensive,0,17.1,2,9.7,2024-12
A-f44180,Cybersecurity,Enterprise,2023-12-27,2024-10-30,1791,too expensive,1,10.1,2,11.0,2023-12
A-f44180,Cybersecurity,Enterprise,2024-06-30,,0,too expensive,0,22.5,2,10.0,2024-06
A-f44180,Cybersecurity,Enterprise,2023-05-20,2023-12-19,17711,too expensive,1,7.0,2,11.5,2023-05
A-f44180,Cybersecurity,Enterprise,2023-08-31,,1791,too expensive,0,32.5,2,8.8,2023-08
A-f44180,Cybersecurity,Enterprise,2023-10-17,,1791,too expensive,0,30.9,2,7.5,2023-10
A-f44180,Cybersecurity,Basic,2024-12-10,,0,too expensive,0,17.2,2,9.4,2024-12
A-f44180,Cybersecurity,Pro,2024-06-17,,686,too expensive,0,22.9,2,10.9,2024-06
A-f44180,Cybersecurity,Enterprise,2023-04-10,,2786,too expensive,0,37.2,2,10.6,2023-04
A-f44180,Cybersecurity,Enterprise,2023-03-25,,1791,too expensive,0,37.7,2,7.0,2023-03
A-f44180,Cybersecurity,Pro,2024-06-22,,441,too expensive,0,22.8,2,10.2,2024-06
A-c16cf7,EdTech,Enterprise,2024-11-13,,2587,,0,18.0,3,10.0,2024-11
A-c16cf7,EdTech,Enterprise,2024-11-13,,2587,too expensive,0,18.0,3,10.0,2024-11
A-c16cf7,EdTech,Basic,2024-10-24,,1596,,0,18.7,3,9.4,2024-10
A-c16cf7,EdTech,Basic,2024-10-24,,1596,too expensive,0,18.7,3,9.4,2024-10
A-c16cf7,EdTech,Pro,2024-10-27,,637,,0,18.6,3,9.8,2024-10
A-c16cf7,EdTech,Pro,2024-10-27,,637,too expensive,0,18.6,3,9.8,2024-10
A-c16cf7,EdTech,Basic,2024-12-07,,247,,0,17.2,3,11.3,2024-12
A-c16cf7,EdTech,Basic,2024-12-07,,247,too expensive,0,17.2,3,11.3,2024-12
A-c16cf7,EdTech,Enterprise,2024-10-21,2024-11-12,4776,,1,0.7,3,11.3,2024-10
A-c16cf7,EdTech,Enterprise,2024-10-21,2024-11-12,4776,too expensive,1,0.7,3,11.3,2024-10
A-c16cf7,EdTech,Pro,2024-12-07,,882,,0,17.2,3,9.9,2024-12
A-c16cf7,EdTech,Pro,2024-12-07,,882,too expensive,0,17.2,3,9.9,2024-12
A-c16cf7,EdTech,Basic,2024-12-18,,247,,0,16.9,3,9.2,2024-12
A-c16cf7,EdTech,Basic,2024-12-18,,247,too expensive,0,16.9,3,9.2,2024-12
A-c16cf7,EdTech,Basic,2024-12-23,,665,,0,16.7,3,8.0,2024-12
A-c16cf7,EdTech,Basic,2024-12-23,,665,too expensive,0,16.7,3,8.0,2024-12
A-c16cf7,EdTech,Basic,2024-11-02,,0,,0,18.4,3,14.0,2024-11
A-c16cf7,EdTech,Basic,2024-11-02,,0,too expensive,0,18.4,3,14.0,2024-11
A-c16cf7,EdTech,Pro,2024-10-18,,637,,0,18.9,3,10.8,2024-10
A-c16cf7,EdTech,Pro,2024-10-18,,637,too expensive,0,18.9,3,10.8,2024-10
A-d42431,FinTech,Basic,2024-10-24,,665,missing features,0,18.7,4,8.3,2024-10
A-d42431,FinTech,Basic,2024-10-24,,665,switched to competitor,0,18.7,4,8.3,2024-10
A-d42431,FinTech,Basic,2024-06-11,,418,missing features,0,23.1,4,8.0,2024-06
A-d42431,FinTech,Basic,2024-06-11,,418,switched to competitor,0,23.1,4,8.0,2024-06
A-d42431,FinTech,Enterprise,2024-10-17,,4378,missing features,0,18.9,4,9.4,2024-10
A-d42431,FinTech,Enterprise,2024-10-17,,4378,switched to competitor,0,18.9,4,9.4,2024-10
A-d42431,FinTech,Enterprise,2024-12-08,,4378,missing features,0,17.2,4,9.0,2024-12
A-d42431,FinTech,Enterprise,2024-12-08,,4378,switched to competitor,0,17.2,4,9.0,2024-12
A-d42431,FinTech,Basic,2024-09-01,,418,missing features,0,20.4,4,10.4,2024-09
A-d42431,FinTech,Basic,2024-09-01,,418,switched to competitor,0,20.4,4,10.4,2024-09
A-d42431,FinTech,Enterprise,2024-08-26,,4378,missing features,0,20.6,4,10.5,2024-08
A-d42431,FinTech,Enterprise,2024-08-26,,4378,switched to competitor,0,20.6,4,10.5,2024-08
A-d42431,FinTech,Basic,2024-11-15,2024-12-14,418,missing features,1,1.0,4,10.2,2024-11
A-d42431,FinTech,Basic,2024-11-15,2024-12-14,418,switched to competitor,1,1.0,4,10.2,2024-11
A-d42431,FinTech,Enterprise,2024-08-06,,4378,missing features,0,21.3,4,10.8,2024-08
A-d42431,FinTech,Enterprise,2024-08-06,,4378,switched to competitor,0,21.3,4,10.8,2024-08
A-d42431,FinTech,Basic,2024-07-08,,1729,missing features,0,22.2,4,10.8,2024-07
A-d42431,FinTech,Basic,2024-07-08,,1729,switched to competitor,0,22.2,4,10.8,2024-07
A-6965e1,DevTools,Pro,2024-12-07,,637,,0,17.2,3,11.0,2024-12
A-6965e1,DevTools,Pro,2024-12-07,,637,,0,17.2,3,11.0,2024-12
A-6965e1,DevTools,Pro,2024-12-07,,637,switched to competitor,0,17.2,3,11.0,2024-12
A-6965e1,DevTools,Enterprise,2024-12-26,,2587,,0,16.6,3,11.3,2024-12
A-6965e1,DevTools,Enterprise,2024-12-26,,2587,,0,16.6,3,11.3,2024-12
A-6965e1,DevTools,Enterprise,2024-12-26,,2587,switched to competitor,0,16.6,3,11.3,2024-12
A-6965e1,DevTools,Pro,2024-12-06,,882,,0,17.3,3,9.0,2024-12
A-6965e1,DevTools,Pro,2024-12-06,,882,,0,17.3,3,9.0,2024-12
A-6965e1,DevTools,Pro,2024-12-06,,882,switched to competitor,0,17.3,3,9.0,2024-12
A-6965e1,DevTools,Pro,2024-12-05,,0,,0,17.3,3,10.3,2024-12
A-6965e1,DevTools,Pro,2024-12-05,,0,,0,17.3,3,10.3,2024-12
A-6965e1,DevTools,Pro,2024-12-05,,0,switched to competitor,0,17.3,3,10.3,2024-12
A-6965e1,DevTools,Pro,2024-12-22,,637,,0,16.8,3,11.6,2024-12
A-6965e1,DevTools,Pro,2024-12-22,,637,,0,16.8,3,11.6,2024-12
A-6965e1,DevTools,Pro,2024-12-22,,637,switched to competitor,0,16.8,3,11.6,2024-12
A-6965e1,DevTools,Enterprise,2024-12-12,,2587,,0,17.1,3,9.3,2024-12
A-6965e1,DevTools,Enterprise,2024-12-12,,2587,,0,17.1,3,9.3,2024-12
A-6965e1,DevTools,Enterprise,2024-12-12,,2587,switched to competitor,0,17.1,3,9.3,2024-12
A-6965e1,DevTools,Enterprise,2024-12-26,,2587,,0,16.6,3,9.0,2024-12
A-6965e1,DevTools,Enterprise,2024-12-26,,2587,,0,16.6,3,9.0,2024-12
A-6965e1,DevTools,Enterprise,2024-12-26,,2587,switched to competitor,0,16.6,3,9.0,2024-12
A-6965e1,DevTools,Pro,2024-12-20,,686,,0,16.8,3,10.6,2024-12
A-6965e1,DevTools,Pro,2024-12-20,,686,,0,16.8,3,10.6,2024-12
A-6965e1,DevTools,Pro,2024-12-20,,686,switched to competitor,0,16.8,3,10.6,2024-12
A-6965e1,DevTools,Enterprise,2024-12-11,,2587,,0,17.1,3,12.2,2024-12
A-6965e1,DevTools,Enterprise,2024-12-11,,2587,,0,17.1,3,12.2,2024-12
A-6965e1,DevTools,Enterprise,2024-12-11,,2587,switched to competitor,0,17.1,3,12.2,2024-12
A-6965e1,DevTools,Enterprise,2024-12-07,,7562,,0,17.2,3,9.0,2024-12
A-6965e1,DevTools,Enterprise,2024-12-07,,7562,,0,17.2,3,9.0,2024-12
A-6965e1,DevTools,Enterprise,2024-12-07,,7562,switched to competitor,0,17.2,3,9.0,2024-12
A-6965e1,DevTools,Basic,2024-12-30,,247,,0,16.5,3,10.8,2024-12
A-6965e1,DevTools,Basic,2024-12-30,,247,,0,16.5,3,10.8,2024-12
A-6965e1,DevTools,Basic,2024-12-30,,247,switched to competitor,0,16.5,3,10.8,2024-12
A-6965e1,DevTools,Enterprise,2024-12-18,,6766,,0,16.9,3,10.8,2024-12
A-6965e1,DevTools,Enterprise,2024-12-18,,6766,,0,16.9,3,10.8,2024-12
A-6965e1,DevTools,Enterprise,2024-12-18,,6766,switched to competitor,0,16.9,3,10.8,2024-12
A-0354fe,Cybersecurity,Enterprise,2024-11-03,,0,switched to competitor,0,18.4,4,10.5,2024-11
A-0354fe,Cybersecurity,Enterprise,2024-11-03,,0,switched to competitor,0,18.4,4,10.5,2024-11
A-0354fe,Cybersecurity,Basic,2024-11-03,,646,switched to competitor,0,18.4,4,9.2,2024-11
A-0354fe,Cybersecurity,Basic,2024-11-03,,646,switched to competitor,0,18.4,4,9.2,2024-11
A-0354fe,Cybersecurity,Basic,2024-12-10,,0,switched to competitor,0,17.2,4,9.6,2024-12
A-0354fe,Cybersecurity,Basic,2024-12-10,,0,switched to competitor,0,17.2,4,9.6,2024-12
A-0354fe,Cybersecurity,Enterprise,2024-12-10,,6766,switched to competitor,0,17.2,4,9.8,2024-12
A-0354fe,Cybersecurity,Enterprise,2024-12-10,,6766,switched to competitor,0,17.2,4,9.8,2024-12
A-0354fe,Cybersecurity,Basic,2024-11-23,,646,switched to competitor,0,17.7,4,12.7,2024-11
A-0354fe,Cybersecurity,Basic,2024-11-23,,646,switched to competitor,0,17.7,4,12.7,2024-11
A-0354fe,Cybersecurity,Enterprise,2024-11-15,,6766,switched to competitor,0,18.0,4,11.1,2024-11
A-0354fe,Cybersecurity,Enterprise,2024-11-15,,6766,switched to competitor,0,18.0,4,11.1,2024-11
A-0354fe,Cybersecurity,Basic,2024-11-16,2024-11-20,646,switched to competitor,1,0.1,4,8.8,2024-11
A-0354fe,Cybersecurity,Basic,2024-11-16,2024-11-20,646,switched to competitor,1,0.1,4,8.8,2024-11
A-0a62f5,FinTech,Pro,2024-10-23,,784,,0,18.7,2,10.8,2024-10
A-0a62f5,FinTech,Pro,2024-10-23,,784,switched to competitor,0,18.7,2,10.8,2024-10
A-0a62f5,FinTech,Pro,2024-10-23,,784,switched to competitor,0,18.7,2,10.8,2024-10
A-0a62f5,FinTech,Pro,2024-10-23,,784,switched to competitor,0,18.7,2,10.8,2024-10
A-0a62f5,FinTech,Pro,2024-10-23,,784,too expensive,0,18.7,2,10.8,2024-10
A-0a62f5,FinTech,Enterprise,2024-09-16,,3184,,0,19.9,2,8.6,2024-09
A-0a62f5,FinTech,Enterprise,2024-09-16,,3184,switched to competitor,0,19.9,2,8.6,2024-09
A-0a62f5,FinTech,Enterprise,2024-09-16,,3184,switched to competitor,0,19.9,2,8.6,2024-09
A-0a62f5,FinTech,Enterprise,2024-09-16,,3184,switched to competitor,0,19.9,2,8.6,2024-09
A-0a62f5,FinTech,Enterprise,2024-09-16,,3184,too expensive,0,19.9,2,8.6,2024-09
A-0a62f5,FinTech,Basic,2024-12-21,,475,,0,16.8,2,10.6,2024-12
A-0a62f5,FinTech,Basic,2024-12-21,,475,switched to competitor,0,16.8,2,10.6,2024-12
A-0a62f5,FinTech,Basic,2024-12-21,,475,switched to competitor,0,16.8,2,10.6,2024-12
A-0a62f5,FinTech,Basic,2024-12-21,,475,switched to competitor,0,16.8,2,10.6,2024-12
A-0a62f5,FinTech,Basic,2024-12-21,,475,too expensive,0,16.8,2,10.6,2024-12
A-0a62f5,FinTech,Basic,2024-12-06,,418,,0,17.3,2,8.5,2024-12
A-0a62f5,FinTech,Basic,2024-12-06,,418,switched to competitor,0,17.3,2,8.5,2024-12
A-0a62f5,FinTech,Basic,2024-12-06,,418,switched to competitor,0,17.3,2,8.5,2024-12
A-0a62f5,FinTech,Basic,2024-12-06,,418,switched to competitor,0,17.3,2,8.5,2024-12
A-0a62f5,FinTech,Basic,2024-12-06,,418,too expensive,0,17.3,2,8.5,2024-12
A-f5641b,EdTech,Enterprise,2024-08-06,,6169,too expensive,0,21.3,4,9.0,2024-08
A-f5641b,EdTech,Enterprise,2024-08-06,,6169,too expensive,0,21.3,4,9.0,2024-08
A-f5641b,EdTech,Pro,2024-12-21,,1519,too expensive,0,16.8,4,12.7,2024-12
A-f5641b,EdTech,Pro,2024-12-21,,1519,too expensive,0,16.8,4,12.7,2024-12
A-f5641b,EdTech,Pro,2024-07-25,,1519,too expensive,0,21.7,4,11.0,2024-07
A-f5641b,EdTech,Pro,2024-07-25,,1519,too expensive,0,21.7,4,11.0,2024-07
A-f5641b,EdTech,Enterprise,2024-10-13,,6169,too expensive,0,19.1,4,12.0,2024-10
A-f5641b,EdTech,Enterprise,2024-10-13,,6169,too expensive,0,19.1,4,12.0,2024-10
A-f5641b,EdTech,Basic,2024-06-08,,0,too expensive,0,23.2,4,11.3,2024-06
A-f5641b,EdTech,Basic,2024-06-08,,0,too expensive,0,23.2,4,11.3,2024-06
A-f5641b,EdTech,Basic,2024-11-30,,589,too expensive,0,17.5,4,11.7,2024-11
A-f5641b,EdTech,Basic,2024-11-30,,589,too expensive,0,17.5,4,11.7,2024-11
A-f5641b,EdTech,Enterprise,2024-04-21,2024-07-22,6169,too expensive,1,3.0,4,10.0,2024-04
A-f5641b,EdTech,Enterprise,2024-04-21,2024-07-22,6169,too expensive,1,3.0,4,10.0,2024-04
A-f5641b,EdTech,Enterprise,2024-12-29,,8955,too expensive,0,16.5,4,8.8,2024-12
A-f5641b,EdTech,Enterprise,2024-12-29,,8955,too expensive,0,16.5,4,8.8,2024-12
A-f5641b,EdTech,Pro,2024-10-16,,1862,too expensive,0,19.0,4,12.4,2024-10
A-f5641b,EdTech,Pro,2024-10-16,,1862,too expensive,0,19.0,4,12.4,2024-10
A-f5641b,EdTech,Enterprise,2024-05-23,,6169,too expensive,0,23.8,4,11.5,2024-05
A-f5641b,EdTech,Enterprise,2024-05-23,,6169,too expensive,0,23.8,4,11.5,2024-05
A-b44e3e,Cybersecurity,Pro,2024-04-15,,1960,switched to competitor,0,25.0,3,9.5,2024-04
A-b44e3e,Cybersecurity,Enterprise,2024-06-25,,7960,switched to competitor,0,22.7,3,10.5,2024-06
A-b44e3e,Cybersecurity,Pro,2024-07-23,,0,switched to competitor,0,21.7,3,10.3,2024-07
A-b44e3e,Cybersecurity,Pro,2024-04-17,,1960,switched to competitor,0,24.9,3,10.4,2024-04
A-b44e3e,Cybersecurity,Enterprise,2024-05-29,,7960,switched to competitor,0,23.6,3,11.4,2024-05
A-b44e3e,Cybersecurity,Enterprise,2024-12-27,2024-12-27,7960,switched to competitor,1,0.0,3,9.0,2024-12
A-b44e3e,Cybersecurity,Enterprise,2024-02-28,,15721,switched to competitor,0,26.5,3,9.4,2024-02
A-3b37d9,FinTech,Enterprise,2023-10-11,,4577,,0,31.1,5,9.9,2023-10
A-3b37d9,FinTech,Enterprise,2023-10-11,,4577,switched to competitor,0,31.1,5,9.9,2023-10
A-3b37d9,FinTech,Enterprise,2023-04-11,,4577,,0,37.2,5,12.0,2023-04
A-3b37d9,FinTech,Enterprise,2023-04-11,,4577,switched to competitor,0,37.2,5,12.0,2023-04
A-3b37d9,FinTech,Enterprise,2024-05-28,,0,,0,23.6,5,12.3,2024-05
A-3b37d9,FinTech,Enterprise,2024-05-28,,0,switched to competitor,0,23.6,5,12.3,2024-05
A-3b37d9,FinTech,Enterprise,2023-11-13,2024-11-27,4577,,1,12.5,5,9.5,2023-11
A-3b37d9,FinTech,Enterprise,2023-11-13,2024-11-27,4577,switched to competitor,1,12.5,5,9.5,2023-11
A-3b37d9,FinTech,Pro,2023-07-10,,1127,,0,34.2,5,10.3,2023-07
A-3b37d9,FinTech,Pro,2023-07-10,,1127,switched to competitor,0,34.2,5,10.3,2023-07
A-3b37d9,FinTech,Enterprise,2024-11-17,,4577,,0,17.9,5,10.9,2024-11
A-3b37d9,FinTech,Enterprise,2024-11-17,,4577,switched to competitor,0,17.9,5,10.9,2024-11
A-3b37d9,FinTech,Pro,2023-12-02,,0,,0,29.4,5,10.0,2023-12
A-3b37d9,FinTech,Pro,2023-12-02,,0,switched to competitor,0,29.4,5,10.0,2023-12
A-54d94a,Cybersecurity,Pro,2024-02-24,,1323,,0,26.7,4,8.0,2024-02
A-54d94a,Cybersecurity,Pro,2024-10-21,,1323,,0,18.8,4,10.0,2024-10
A-54d94a,Cybersecurity,Basic,2023-12-16,,1045,,0,29.0,4,10.5,2023-12
A-54d94a,Cybersecurity,Pro,2024-10-24,,1323,,0,18.7,4,8.2,2024-10
A-54d94a,Cybersecurity,Basic,2024-12-21,,513,,0,16.8,4,11.8,2024-12
A-54d94a,Cybersecurity,Enterprise,2023-11-29,2024-01-28,0,,1,2.0,4,9.9,2023-11
A-54d94a,Cybersecurity,Pro,2024-08-06,,1323,,0,21.3,4,9.2,2024-08
A-54d94a,Cybersecurity,Pro,2024-01-06,,2548,,0,28.3,4,9.6,2024-01
A-54d94a,Cybersecurity,Pro,2024-12-19,,1323,,0,16.9,4,12.0,2024-12
A-54d94a,Cybersecurity,Basic,2024-07-16,,513,,0,22.0,4,11.6,2024-07
A-54d94a,Cybersecurity,Pro,2023-12-17,,1323,,0,28.9,4,9.6,2023-12
A-7f29a7,Cybersecurity,Basic,2024-10-06,,0,switched to competitor,0,19.3,1,8.6,2024-10
A-7f29a7,Cybersecurity,Pro,2024-10-14,,2009,switched to competitor,0,19.0,1,9.2,2024-10
A-7f29a7,Cybersecurity,Basic,2024-11-07,2024-12-02,779,switched to competitor,1,0.8,1,10.7,2024-11
A-7f29a7,Cybersecurity,Basic,2024-09-26,,779,switched to competitor,0,19.6,1,8.7,2024-09
A-7f29a7,Cybersecurity,Basic,2024-12-21,,779,switched to competitor,0,16.8,1,14.0,2024-12
A-7f29a7,Cybersecurity,Pro,2024-11-28,,2009,switched to competitor,0,17.5,1,8.7,2024-11
A-7f29a7,Cybersecurity,Enterprise,2024-12-02,2024-12-25,8159,switched to competitor,1,0.8,1,9.5,2024-12
A-7f29a7,Cybersecurity,Basic,2024-11-24,,779,switched to competitor,0,17.7,1,9.9,2024-11
A-7f29a7,Cybersecurity,Basic,2024-12-03,,779,switched to competitor,0,17.4,1,13.2,2024-12
A-7f29a7,Cybersecurity,Basic,2024-10-08,2024-10-15,779,switched to competitor,1,0.2,1,10.3,2024-10
A-7f29a7,Cybersecurity,Pro,2024-12-21,,2009,switched to competitor,0,16.8,1,9.8,2024-12
A-089363,FinTech,Enterprise,2024-11-15,2024-11-27,8557,switched to competitor,1,0.4,3,11.3,2024-11
A-089363,FinTech,Enterprise,2024-12-12,,0,switched to competitor,0,17.1,3,4.0,2024-12
A-089363,FinTech,Enterprise,2024-11-25,2024-12-31,5174,switched to competitor,1,1.2,3,14.7,2024-11
A-089363,FinTech,Basic,2024-06-26,,0,switched to competitor,0,22.6,3,10.6,2024-06
A-089363,FinTech,Pro,2024-07-11,,1274,switched to competitor,0,22.1,3,8.8,2024-07
A-089363,FinTech,Basic,2024-10-13,,209,switched to competitor,0,19.1,3,9.0,2024-10
A-089363,FinTech,Pro,2024-06-18,,0,switched to competitor,0,22.9,3,9.5,2024-06
A-089363,FinTech,Enterprise,2024-01-10,,2985,switched to competitor,0,28.2,3,13.0,2024-01
A-089363,FinTech,Pro,2023-06-03,,98,switched to competitor,0,35.4,3,11.6,2023-06
A-089363,FinTech,Pro,2024-06-09,,0,switched to competitor,0,23.2,3,9.0,2024-06
A-089363,FinTech,Basic,2024-06-14,,57,switched to competitor,0,23.0,3,10.8,2024-06
A-089363,FinTech,Basic,2023-11-04,,760,switched to competitor,0,30.4,3,10.0,2023-11
A-089363,FinTech,Enterprise,2024-08-08,,1990,switched to competitor,0,21.2,3,9.8,2024-08
A-089363,FinTech,Enterprise,2023-10-03,,0,switched to competitor,0,31.4,3,8.5,2023-10
A-524364,DevTools,Pro,2024-12-31,,539,,0,16.5,3,9.8,2024-12
A-524364,DevTools,Enterprise,2024-12-31,,0,,0,16.5,3,8.6,2024-12
A-524364,DevTools,Enterprise,2024-12-31,,8557,,0,16.5,3,8.8,2024-12
A-524364,DevTools,Enterprise,2024-12-31,,0,,0,16.5,3,9.8,2024-12
A-524364,DevTools,Basic,2024-12-31,,228,,0,16.5,3,9.0,2024-12
A-524364,DevTools,Basic,2024-12-31,,228,,0,16.5,3,8.8,2024-12
A-855a48,EdTech,Basic,2024-03-02,,266,too expensive,0,26.4,5,10.2,2024-03
A-855a48,EdTech,Basic,2024-06-06,,266,too expensive,0,23.3,5,9.5,2024-06
A-855a48,EdTech,Pro,2024-02-27,,1519,too expensive,0,26.6,5,13.6,2024-02
A-855a48,EdTech,Basic,2024-05-08,,266,too expensive,0,24.2,5,8.3,2024-05
A-855a48,EdTech,Enterprise,2024-01-30,,7960,too expensive,0,27.5,5,10.7,2024-01
A-855a48,EdTech,Enterprise,2024-05-29,,5373,too expensive,0,23.6,5,10.4,2024-05
A-855a48,EdTech,Enterprise,2024-03-17,,2786,too expensive,0,26.0,5,10.0,2024-03
A-855a48,EdTech,Enterprise,2024-07-30,,11940,too expensive,0,21.5,5,9.2,2024-07
A-756192,FinTech,Enterprise,2024-07-17,,3781,,0,21.9,3,9.3,2024-07
A-756192,FinTech,Enterprise,2024-06-28,,4975,,0,22.6,3,10.0,2024-06
A-756192,FinTech,Enterprise,2024-09-28,,0,,0,19.5,3,9.8,2024-09
A-756192,FinTech,Enterprise,2024-06-14,,7761,,0,23.0,3,9.5,2024-06
A-756192,FinTech,Basic,2024-11-29,,437,,0,17.5,3,10.2,2024-11
A-756192,FinTech,Pro,2023-09-17,,0,,0,31.9,3,9.6,2023-09
A-756192,FinTech,Basic,2024-08-11,,1292,,0,21.1,3,9.4,2024-08
A-756192,FinTech,Pro,2024-12-12,,1862,,0,17.1,3,12.1,2024-12
A-756192,FinTech,Basic,2024-11-18,,361,,0,17.9,3,8.1,2024-11
A-756192,FinTech,Pro,2023-10-27,,931,,0,30.6,3,9.0,2023-10
A-49b828,FinTech,Pro,2024-03-26,,1470,,0,25.7,3,11.1,2024-03
A-49b828,FinTech,Basic,2024-02-17,,456,,0,26.9,3,7.8,2024-02
A-49b828,FinTech,Basic,2024-11-09,,247,,0,18.2,3,12.3,2024-11
A-49b828,FinTech,Enterprise,2023-12-15,,6169,,0,29.0,3,11.4,2023-12
A-49b828,FinTech,Enterprise,2024-07-18,,1194,,0,21.9,3,10.2,2024-07
A-49b828,FinTech,Pro,2024-10-09,,490,,0,19.2,3,10.5,2024-10
A-49b828,FinTech,Enterprise,2023-10-06,,9751,,0,31.3,3,9.6,2023-10
A-49b828,FinTech,Enterprise,2023-08-10,,0,,0,33.2,3,10.0,2023-08
A-49b828,FinTech,Pro,2023-05-11,,294,,0,36.2,3,11.6,2023-05
A-49b828,FinTech,Pro,2024-08-09,,686,,0,21.2,3,10.5,2024-08
A-49b828,FinTech,Basic,2023-05-16,,171,,0,36.0,3,9.8,2023-05
A-49b828,FinTech,Enterprise,2023-08-09,,4975,,0,33.2,3,11.0,2023-08
A-49b828,FinTech,Pro,2024-04-18,,1225,,0,24.9,3,9.0,2024-04
A-49b828,FinTech,Enterprise,2024-11-22,,3980,,0,17.7,3,12.3,2024-11
A-c7ffc2,Cybersecurity,Basic,2024-09-16,,570,missing features,0,19.9,2,13.4,2024-09
A-c7ffc2,Cybersecurity,Basic,2024-09-16,,570,too expensive,0,19.9,2,13.4,2024-09
A-c7ffc2,Cybersecurity,Basic,2023-08-21,,1083,missing features,0,32.8,2,6.3,2023-08
A-c7ffc2,Cybersecurity,Basic,2023-08-21,,1083,too expensive,0,32.8,2,6.3,2023-08
A-c7ffc2,Cybersecurity,Enterprise,2024-03-12,,5970,missing features,0,26.1,2,10.5,2024-03
A-c7ffc2,Cybersecurity,Enterprise,2024-03-12,,5970,too expensive,0,26.1,2,10.5,2024-03
A-c7ffc2,Cybersecurity,Enterprise,2023-11-01,,5970,missing features,0,30.5,2,12.3,2023-11
A-c7ffc2,Cybersecurity,Enterprise,2023-11-01,,5970,too expensive,0,30.5,2,12.3,2023-11
A-c7ffc2,Cybersecurity,Pro,2023-05-25,,6468,missing features,0,35.7,2,8.7,2023-05
A-c7ffc2,Cybersecurity,Pro,2023-05-25,,6468,too expensive,0,35.7,2,8.7,2023-05
A-c7ffc2,Cybersecurity,Pro,2024-02-25,,1470,missing features,0,26.6,2,9.9,2024-02
A-c7ffc2,Cybersecurity,Pro,2024-02-25,,1470,too expensive,0,26.6,2,9.9,2024-02
A-c7ffc2,Cybersecurity,Basic,2024-12-27,,931,missing features,0,16.6,2,10.8,2024-12
A-c7ffc2,Cybersecurity,Basic,2024-12-27,,931,too expensive,0,16.6,2,10.8,2024-12
A-c7ffc2,Cybersecurity,Enterprise,2024-02-17,,5970,missing features,0,26.9,2,9.0,2024-02
A-c7ffc2,Cybersecurity,Enterprise,2024-02-17,,5970,too expensive,0,26.9,2,9.0,2024-02
A-c7ffc2,Cybersecurity,Basic,2024-08-15,,570,missing features,0,21.0,2,9.2,2024-08
A-c7ffc2,Cybersecurity,Basic,2024-08-15,,570,too expensive,0,21.0,2,9.2,2024-08
A-c7ffc2,Cybersecurity,Basic,2023-09-22,,570,missing features,0,31.8,2,10.0,2023-09
A-c7ffc2,Cybersecurity,Basic,2023-09-22,,570,too expensive,0,31.8,2,10.0,2023-09
A-c7ffc2,Cybersecurity,Basic,2023-07-19,,570,missing features,0,33.9,2,13.0,2023-07
A-c7ffc2,Cybersecurity,Basic,2023-07-19,,570,too expensive,0,33.9,2,13.0,2023-07
A-c7ffc2,Cybersecurity,Enterprise,2024-10-27,,5970,missing features,0,18.6,2,10.2,2024-10
A-c7ffc2,Cybersecurity,Enterprise,2024-10-27,,5970,too expensive,0,18.6,2,10.2,2024-10
A-751c58,FinTech,Pro,2024-09-16,,2205,missing features,0,19.9,5,9.4,2024-09
A-751c58,FinTech,Pro,2024-09-16,,2205,switched to competitor,0,19.9,5,9.4,2024-09
A-751c58,FinTech,Pro,2024-09-16,,2205,too expensive,0,19.9,5,9.4,2024-09
A-751c58,FinTech,Basic,2024-12-16,,0,missing features,0,17.0,5,9.8,2024-12
A-751c58,FinTech,Basic,2024-12-16,,0,switched to competitor,0,17.0,5,9.8,2024-12
A-751c58,FinTech,Basic,2024-12-16,,0,too expensive,0,17.0,5,9.8,2024-12
A-751c58,FinTech,Enterprise,2024-12-18,,5174,missing features,0,16.9,5,12.4,2024-12
A-751c58,FinTech,Enterprise,2024-12-18,,5174,switched to competitor,0,16.9,5,12.4,2024-12
A-751c58,FinTech,Enterprise,2024-12-18,,5174,too expensive,0,16.9,5,12.4,2024-12
A-751c58,FinTech,Basic,2024-09-20,,342,missing features,0,19.8,5,12.0,2024-09
A-751c58,FinTech,Basic,2024-09-20,,342,switched to competitor,0,19.8,5,12.0,2024-09
A-751c58,FinTech,Basic,2024-09-20,,342,too expensive,0,19.8,5,12.0,2024-09
A-751c58,FinTech,Enterprise,2024-07-29,,2985,missing features,0,21.6,5,10.7,2024-07
A-751c58,FinTech,Enterprise,2024-07-29,,2985,switched to competitor,0,21.6,5,10.7,2024-07
A-751c58,FinTech,Enterprise,2024-07-29,,2985,too expensive,0,21.6,5,10.7,2024-07
A-751c58,FinTech,Pro,2024-10-11,,2205,missing features,0,19.1,5,9.7,2024-10
A-751c58,FinTech,Pro,2024-10-11,,2205,switched to competitor,0,19.1,5,9.7,2024-10
A-751c58,FinTech,Pro,2024-10-11,,2205,too expensive,0,19.1,5,9.7,2024-10
A-751c58,FinTech,Enterprise,2024-08-28,,0,missing features,0,20.6,5,11.3,2024-08
A-751c58,FinTech,Enterprise,2024-08-28,,0,switched to competitor,0,20.6,5,11.3,2024-08
A-751c58,FinTech,Enterprise,2024-08-28,,0,too expensive,0,20.6,5,11.3,2024-08
A-751c58,FinTech,Pro,2024-08-30,,1617,missing features,0,20.5,5,13.0,2024-08
A-751c58,FinTech,Pro,2024-08-30,,1617,switched to competitor,0,20.5,5,13.0,2024-08
A-751c58,FinTech,Pro,2024-08-30,,1617,too expensive,0,20.5,5,13.0,2024-08
A-751c58,FinTech,Enterprise,2024-09-09,,2985,missing features,0,20.2,5,11.4,2024-09
A-751c58,FinTech,Enterprise,2024-09-09,,2985,switched to competitor,0,20.2,5,11.4,2024-09
A-751c58,FinTech,Enterprise,2024-09-09,,2985,too expensive,0,20.2,5,11.4,2024-09
A-751c58,FinTech,Pro,2024-08-24,,735,missing features,0,20.7,5,11.0,2024-08
A-751c58,FinTech,Pro,2024-08-24,,735,switched to competitor,0,20.7,5,11.0,2024-08
A-751c58,FinTech,Pro,2024-08-24,,735,too expensive,0,20.7,5,11.0,2024-08
A-751c58,FinTech,Basic,2024-12-21,,1349,missing features,0,16.8,5,9.0,2024-12
A-751c58,FinTech,Basic,2024-12-21,,1349,switched to competitor,0,16.8,5,9.0,2024-12
A-751c58,FinTech,Basic,2024-12-21,,1349,too expensive,0,16.8,5,9.0,2024-12
A-72799b,DevTools,Enterprise,2023-11-17,,3980,switched to competitor,0,29.9,2,9.0,2023-11
A-72799b,DevTools,Pro,2024-10-21,,2989,switched to competitor,0,18.8,2,8.0,2024-10
A-72799b,DevTools,Pro,2024-03-16,,980,switched to competitor,0,26.0,2,9.4,2024-03
A-72799b,DevTools,Basic,2024-04-21,2024-09-30,380,switched to competitor,1,5.3,2,8.2,2024-04
A-72799b,DevTools,Basic,2024-04-17,,646,switched to competitor,0,24.9,2,11.8,2024-04
A-72799b,DevTools,Enterprise,2024-08-12,,3980,switched to competitor,0,21.1,2,11.4,2024-08
A-72799b,DevTools,Basic,2023-12-28,,380,switched to competitor,0,28.6,2,9.8,2023-12
A-72799b,DevTools,Pro,2024-09-02,,0,switched to competitor,0,20.4,2,8.3,2024-09
A-72799b,DevTools,Enterprise,2023-11-18,,0,switched to competitor,0,29.9,2,10.4,2023-11
A-72799b,DevTools,Enterprise,2024-05-17,,3980,switched to competitor,0,24.0,2,9.0,2024-05
A-812c5b,DevTools,Pro,2024-07-21,,2695,missing features,0,21.8,4,7.9,2024-07
A-812c5b,DevTools,Pro,2024-12-02,,0,missing features,0,17.4,4,10.0,2024-12
A-812c5b,DevTools,Pro,2024-12-27,,2695,missing features,0,16.6,4,12.8,2024-12
A-812c5b,DevTools,Basic,2024-10-22,,1045,missing features,0,18.8,4,9.3,2024-10
A-812c5b,DevTools,Basic,2024-11-07,,1349,missing features,0,18.2,4,10.5,2024-11
A-812c5b,DevTools,Pro,2024-10-12,,2695,missing features,0,19.1,4,9.8,2024-10
A-812c5b,DevTools,Enterprise,2024-06-19,,0,missing features,0,22.9,4,10.9,2024-06
A-812c5b,DevTools,Basic,2024-07-25,,1045,missing features,0,21.7,4,8.2,2024-07
A-812c5b,DevTools,Pro,2024-05-19,,6370,missing features,0,23.9,4,11.0,2024-05
A-812c5b,DevTools,Basic,2024-06-25,,0,missing features,0,22.7,4,9.5,2024-06
A-812c5b,DevTools,Pro,2024-04-03,,0,missing features,0,25.4,4,8.4,2024-04
A-812c5b,DevTools,Basic,2024-11-15,,1045,missing features,0,18.0,4,11.0,2024-11
A-812c5b,DevTools,Enterprise,2024-12-22,,10945,missing features,0,16.8,4,7.5,2024-12
A-69b156,EdTech,Basic,2024-10-12,,266,,0,19.1,7,9.1,2024-10
A-69b156,EdTech,Enterprise,2023-12-27,,1393,,0,28.6,7,7.7,2023-12
A-69b156,EdTech,Pro,2024-11-16,,0,,0,17.9,7,9.0,2024-11
A-69b156,EdTech,Enterprise,2024-01-16,,5572,,0,28.0,7,9.8,2024-01
A-69b156,EdTech,Pro,2024-04-15,2024-07-09,343,,1,2.8,7,12.0,2024-04
A-69b156,EdTech,Enterprise,2024-10-06,,1393,,0,19.3,7,18.0,2024-10
A-69b156,EdTech,Basic,2024-12-10,2024-12-30,152,,1,0.7,7,10.5,2024-12
A-69b156,EdTech,Enterprise,2024-06-16,,2587,,0,23.0,7,8.3,2024-06
A-69b156,EdTech,Enterprise,2024-09-16,,2587,,0,19.9,7,14.0,2024-09
A-075038,HealthTech,Pro,2023-11-30,,0,,0,29.5,2,10.5,2023-11
A-075038,HealthTech,Pro,2023-07-14,,5047,,0,34.1,2,8.8,2023-07
A-075038,HealthTech,Pro,2023-11-26,,0,,0,29.6,2,8.0,2023-11
A-075038,HealthTech,Basic,2024-08-10,,0,,0,21.2,2,12.1,2024-08
A-075038,HealthTech,Pro,2024-02-25,,833,,0,26.6,2,11.0,2024-02
A-075038,HealthTech,Basic,2024-04-11,,323,,0,25.1,2,11.3,2024-04
A-075038,HealthTech,Basic,2024-05-08,,703,,0,24.2,2,10.0,2024-05
A-075038,HealthTech,Pro,2024-07-25,,833,,0,21.7,2,10.2,2024-07
A-075038,HealthTech,Enterprise,2024-07-02,,3383,,0,22.4,2,8.0,2024-07
A-075038,HealthTech,Basic,2024-01-09,,323,,0,28.2,2,13.3,2024-01
A-075038,HealthTech,Pro,2024-01-11,,2450,,0,28.1,2,10.7,2024-01
A-075038,HealthTech,Basic,2024-10-26,,798,,0,18.6,2,9.6,2024-10
A-075038,HealthTech,Pro,2023-11-08,,833,,0,30.2,2,12.3,2023-11
A-075038,HealthTech,Enterprise,2024-08-19,,3383,,0,20.9,2,11.1,2024-08
A-940b8b,HealthTech,Pro,2024-09-10,,833,,0,20.1,3,10.8,2024-09
A-940b8b,HealthTech,Basic,2024-05-02,,1064,,0,24.4,3,10.0,2024-05
A-940b8b,HealthTech,Enterprise,2024-06-26,,199,,0,22.6,3,12.3,2024-06
A-940b8b,HealthTech,Pro,2024-04-29,,1176,,0,24.5,3,11.5,2024-04
A-940b8b,HealthTech,Enterprise,2024-04-01,,6368,,0,25.5,3,6.5,2024-04
A-940b8b,HealthTech,Enterprise,2024-11-11,,0,,0,18.1,3,10.1,2024-11
A-940b8b,HealthTech,Enterprise,2024-09-13,,0,,0,20.0,3,9.6,2024-09
A-940b8b,HealthTech,Basic,2024-06-07,,0,,0,23.3,3,10.3,2024-06
A-2d1036,FinTech,Pro,2024-08-25,,3381,missing features,0,20.7,5,11.1,2024-08
A-2d1036,FinTech,Pro,2024-08-25,,3381,switched to competitor,0,20.7,5,11.1,2024-08
A-2d1036,FinTech,Pro,2024-09-24,2024-12-18,3381,missing features,1,2.8,5,10.0,2024-09
A-2d1036,FinTech,Pro,2024-09-24,2024-12-18,3381,switched to competitor,1,2.8,5,10.0,2024-09
A-2d1036,FinTech,Pro,2024-08-02,,3381,missing features,0,21.4,5,10.3,2024-08
A-2d1036,FinTech,Pro,2024-08-02,,3381,switched to competitor,0,21.4,5,10.3,2024-08
A-2d1036,FinTech,Enterprise,2024-07-16,,13731,missing features,0,22.0,5,10.8,2024-07
A-2d1036,FinTech,Enterprise,2024-07-16,,13731,switched to competitor,0,22.0,5,10.8,2024-07
A-2d1036,FinTech,Pro,2024-09-25,,3381,missing features,0,19.6,5,9.2,2024-09
A-2d1036,FinTech,Pro,2024-09-25,,3381,switched to competitor,0,19.6,5,9.2,2024-09
A-2d1036,FinTech,Basic,2024-09-23,2024-10-17,1311,missing features,1,0.8,5,11.0,2024-09
A-2d1036,FinTech,Basic,2024-09-23,2024-10-17,1311,switched to competitor,1,0.8,5,11.0,2024-09
A-2d1036,FinTech,Basic,2024-07-13,,1311,missing features,0,22.1,5,9.7,2024-07
A-2d1036,FinTech,Basic,2024-07-13,,1311,switched to competitor,0,22.1,5,9.7,2024-07
A-2d1036,FinTech,Basic,2024-09-02,,1311,missing features,0,20.4,5,11.0,2024-09
A-2d1036,FinTech,Basic,2024-09-02,,1311,switched to competitor,0,20.4,5,11.0,2024-09
A-2d1036,FinTech,Basic,2024-09-24,,1311,missing features,0,19.7,5,10.0,2024-09
A-2d1036,FinTech,Basic,2024-09-24,,1311,switched to competitor,0,19.7,5,10.0,2024-09
A-2d1036,FinTech,Basic,2024-11-21,,1311,missing features,0,17.8,5,10.2,2024-11
A-2d1036,FinTech,Basic,2024-11-21,,1311,switched to competitor,0,17.8,5,10.2,2024-11
A-2d1036,FinTech,Enterprise,2024-10-13,2024-11-24,13731,missing features,1,1.4,5,7.9,2024-10
A-2d1036,FinTech,Enterprise,2024-10-13,2024-11-24,13731,switched to competitor,1,1.4,5,7.9,2024-10
A-2d1036,FinTech,Pro,2024-12-16,,3381,missing features,0,17.0,5,9.3,2024-12
A-2d1036,FinTech,Pro,2024-12-16,,3381,switched to competitor,0,17.0,5,9.3,2024-12
A-2d1036,FinTech,Enterprise,2024-07-03,,13731,missing features,0,22.4,5,10.0,2024-07
A-2d1036,FinTech,Enterprise,2024-07-03,,13731,switched to competitor,0,22.4,5,10.0,2024-07
A-0f6450,FinTech,Enterprise,2024-12-28,,5572,,0,16.6,8,8.7,2024-12
A-0f6450,FinTech,Enterprise,2024-12-28,,5572,missing features,0,16.6,8,8.7,2024-12
A-0f6450,FinTech,Pro,2024-12-30,,1372,,0,16.5,8,12.0,2024-12
A-0f6450,FinTech,Pro,2024-12-30,,1372,missing features,0,16.5,8,12.0,2024-12
A-0f6450,FinTech,Enterprise,2024-12-31,,5572,,0,16.5,8,8.6,2024-12
A-0f6450,FinTech,Enterprise,2024-12-31,,5572,missing features,0,16.5,8,8.6,2024-12
A-0f6450,FinTech,Basic,2024-12-28,,532,,0,16.6,8,0.0,2024-12
A-0f6450,FinTech,Basic,2024-12-28,,532,missing features,0,16.6,8,0.0,2024-12
A-0f6450,FinTech,Pro,2024-12-30,,1372,,0,16.5,8,10.1,2024-12
A-0f6450,FinTech,Pro,2024-12-30,,1372,missing features,0,16.5,8,10.1,2024-12
A-0f6450,FinTech,Basic,2024-12-31,,532,,0,16.5,8,11.0,2024-12
A-0f6450,FinTech,Basic,2024-12-31,,532,missing features,0,16.5,8,11.0,2024-12
A-0f6450,FinTech,Pro,2024-12-29,,1372,,0,16.5,8,10.2,2024-12
A-0f6450,FinTech,Pro,2024-12-29,,1372,missing features,0,16.5,8,10.2,2024-12
A-0f6450,FinTech,Enterprise,2024-12-31,,5572,,0,16.5,8,10.0,2024-12
A-0f6450,FinTech,Enterprise,2024-12-31,,5572,missing features,0,16.5,8,10.0,2024-12
A-0f6450,FinTech,Basic,2024-12-27,,532,,0,16.6,8,11.6,2024-12
A-0f6450,FinTech,Basic,2024-12-27,,532,missing features,0,16.6,8,11.6,2024-12
A-0f6450,FinTech,Enterprise,2024-12-27,,0,,0,16.6,8,8.6,2024-12
A-0f6450,FinTech,Enterprise,2024-12-27,,0,missing features,0,16.6,8,8.6,2024-12
A-0f6450,FinTech,Pro,2024-12-28,,1372,,0,16.6,8,10.0,2024-12
A-0f6450,FinTech,Pro,2024-12-28,,1372,missing features,0,16.6,8,10.0,2024-12
A-9affe6,Cybersecurity,Pro,2024-11-14,,1127,missing features,0,18.0,3,11.3,2024-11
A-9affe6,Cybersecurity,Basic,2024-10-01,,342,missing features,0,19.5,3,10.0,2024-10
A-9affe6,Cybersecurity,Pro,2024-06-25,,833,missing features,0,22.7,3,9.2,2024-06
A-9affe6,Cybersecurity,Basic,2023-09-14,,1064,missing features,0,32.0,3,7.8,2023-09
A-9affe6,Cybersecurity,Basic,2024-06-22,2024-12-10,361,missing features,1,5.6,3,11.6,2024-06
A-9affe6,Cybersecurity,Pro,2023-11-22,,1176,missing features,0,29.8,3,10.8,2023-11
A-9affe6,Cybersecurity,Pro,2024-02-16,,1421,missing features,0,26.9,3,10.5,2024-02
A-9affe6,Cybersecurity,Enterprise,2024-06-09,,1393,missing features,0,23.2,3,12.0,2024-06
A-9affe6,Cybersecurity,Enterprise,2023-10-19,,1393,missing features,0,30.9,3,9.0,2023-10
A-9affe6,Cybersecurity,Enterprise,2023-04-06,,1393,missing features,0,37.3,3,10.3,2023-04
A-9affe6,Cybersecurity,Basic,2023-06-06,2024-12-11,133,missing features,1,18.2,3,9.3,2023-06
A-80eeb6,Cybersecurity,Enterprise,2024-02-20,2024-08-12,5174,missing features,1,5.7,4,10.8,2024-02
A-80eeb6,Cybersecurity,Enterprise,2024-02-20,2024-08-12,5174,too expensive,1,5.7,4,10.8,2024-02
A-80eeb6,Cybersecurity,Basic,2023-07-15,2024-11-05,646,missing features,1,15.7,4,0.0,2023-07
A-80eeb6,Cybersecurity,Basic,2023-07-15,2024-11-05,646,too expensive,1,15.7,4,0.0,2023-07
A-80eeb6,Cybersecurity,Enterprise,2023-08-27,,13532,missing features,0,32.6,4,15.0,2023-08
A-80eeb6,Cybersecurity,Enterprise,2023-08-27,,13532,too expensive,0,32.6,4,15.0,2023-08
A-80eeb6,Cybersecurity,Basic,2024-02-16,,627,missing features,0,26.9,4,9.0,2024-02
A-80eeb6,Cybersecurity,Basic,2024-02-16,,627,too expensive,0,26.9,4,9.0,2024-02
A-80eeb6,Cybersecurity,Enterprise,2024-05-02,,17711,missing features,0,24.4,4,9.3,2024-05
A-80eeb6,Cybersecurity,Enterprise,2024-05-02,,17711,too expensive,0,24.4,4,9.3,2024-05
A-80eeb6,Cybersecurity,Enterprise,2024-04-19,,12935,missing features,0,24.9,4,7.8,2024-04
A-80eeb6,Cybersecurity,Enterprise,2024-04-19,,12935,too expensive,0,24.9,4,7.8,2024-04
A-80eeb6,Cybersecurity,Enterprise,2024-12-20,2024-12-31,4378,missing features,1,0.4,4,11.5,2024-12
A-80eeb6,Cybersecurity,Enterprise,2024-12-20,2024-12-31,4378,too expensive,1,0.4,4,11.5,2024-12
A-80eeb6,Cybersecurity,Basic,2024-11-01,,418,missing features,0,18.4,4,8.8,2024-11
A-80eeb6,Cybersecurity,Basic,2024-11-01,,418,too expensive,0,18.4,4,8.8,2024-11
A-80eeb6,Cybersecurity,Basic,2023-10-22,,418,missing features,0,30.8,4,10.6,2023-10
A-80eeb6,Cybersecurity,Basic,2023-10-22,,418,too expensive,0,30.8,4,10.6,2023-10
A-80eeb6,Cybersecurity,Enterprise,2024-02-27,,4378,missing features,0,26.6,4,6.5,2024-02
A-80eeb6,Cybersecurity,Enterprise,2024-02-27,,4378,too expensive,0,26.6,4,6.5,2024-02
A-80eeb6,Cybersecurity,Pro,2024-10-27,,1078,missing features,0,18.6,4,8.4,2024-10
A-80eeb6,Cybersecurity,Pro,2024-10-27,,1078,too expensive,0,18.6,4,8.4,2024-10
A-80eeb6,Cybersecurity,Basic,2024-10-07,,513,missing features,0,19.3,4,10.7,2024-10
A-80eeb6,Cybersecurity,Basic,2024-10-07,,513,too expensive,0,19.3,4,10.7,2024-10
A-80eeb6,Cybersecurity,Pro,2024-09-18,,1225,missing features,0,19.9,4,12.0,2024-09
A-80eeb6,Cybersecurity,Pro,2024-09-18,,1225,too expensive,0,19.9,4,12.0,2024-09
A-80eeb6,Cybersecurity,Pro,2023-08-02,,1078,missing features,0,33.4,4,8.6,2023-08
A-80eeb6,Cybersecurity,Pro,2023-08-02,,1078,too expensive,0,33.4,4,8.6,2023-08
A-80eeb6,Cybersecurity,Enterprise,2023-08-25,,4378,missing features,0,32.7,4,9.7,2023-08
A-80eeb6,Cybersecurity,Enterprise,2023-08-25,,4378,too expensive,0,32.7,4,9.7,2023-08
A-80eeb6,Cybersecurity,Pro,2024-09-14,,0,missing features,0,20.0,4,9.5,2024-09
A-80eeb6,Cybersecurity,Pro,2024-09-14,,0,too expensive,0,20.0,4,9.5,2024-09
A-d4e0d4,FinTech,Pro,2024-12-12,,5733,,0,17.1,4,11.0,2024-12
A-d4e0d4,FinTech,Enterprise,2024-10-27,,23283,,0,18.6,4,7.8,2024-10
A-d4e0d4,FinTech,Enterprise,2024-12-14,,23283,,0,17.0,4,12.0,2024-12
A-d4e0d4,FinTech,Enterprise,2024-11-30,2024-12-03,23283,,1,0.1,4,9.7,2024-11
A-d4e0d4,FinTech,Pro,2024-10-23,,5733,,0,18.7,4,9.4,2024-10
A-d4e0d4,FinTech,Pro,2024-11-15,,5733,,0,18.0,4,10.4,2024-11
A-d4e0d4,FinTech,Basic,2024-11-23,,2223,,0,17.7,4,10.5,2024-11
A-d4e0d4,FinTech,Basic,2024-10-18,,2223,,0,18.9,4,10.5,2024-10
A-d4e0d4,FinTech,Enterprise,2024-10-28,,23283,,0,18.6,4,8.8,2024-10
A-d4e0d4,FinTech,Enterprise,2024-11-16,,23283,,0,17.9,4,11.0,2024-11
A-c7e58b,HealthTech,Enterprise,2024-04-04,,1990,,0,25.4,5,8.8,2024-04
A-c7e58b,HealthTech,Basic,2024-07-29,,304,,0,21.6,5,11.8,2024-07
A-c7e58b,HealthTech,Basic,2023-08-30,,57,,0,32.5,5,8.7,2023-08
A-c7e58b,HealthTech,Enterprise,2024-07-08,,1393,,0,22.2,5,10.0,2024-07
A-c7e58b,HealthTech,Pro,2024-09-07,,0,,0,20.2,5,12.0,2024-09
A-c7e58b,HealthTech,Enterprise,2023-12-16,,1393,,0,29.0,5,10.4,2023-12
A-c7e58b,HealthTech,Basic,2024-07-15,,247,,0,22.0,5,9.5,2024-07
A-016043,EdTech,Enterprise,2024-09-28,,0,switched to competitor,0,19.5,3,8.8,2024-09
A-016043,EdTech,Enterprise,2024-11-23,2024-12-21,4776,switched to competitor,1,0.9,3,13.3,2024-11
A-016043,EdTech,Basic,2024-08-02,,114,switched to competitor,0,21.4,3,10.3,2024-08
A-016043,EdTech,Enterprise,2024-10-09,,2786,switched to competitor,0,19.2,3,9.6,2024-10
A-016043,EdTech,Pro,2024-10-20,,1323,switched to competitor,0,18.8,3,6.5,2024-10
A-016043,EdTech,Enterprise,2024-12-02,,2587,switched to competitor,0,17.4,3,11.8,2024-12
A-016043,EdTech,Enterprise,2024-10-16,,0,switched to competitor,0,19.0,3,13.5,2024-10
A-016043,EdTech,Basic,2024-09-28,,247,switched to competitor,0,19.5,3,9.0,2024-09
A-016043,EdTech,Basic,2024-12-02,,494,switched to competitor,0,17.4,3,10.4,2024-12
A-016043,EdTech,Basic,2024-11-27,,209,switched to competitor,0,17.6,3,8.0,2024-11
A-016043,EdTech,Enterprise,2024-09-11,,3980,switched to competitor,0,20.1,3,11.8,2024-09
A-bbe56f,HealthTech,Basic,2024-04-04,,0,,0,25.4,4,10.7,2024-04
A-bbe56f,HealthTech,Pro,2024-04-16,,1029,,0,25.0,4,15.0,2024-04
A-bbe56f,HealthTech,Basic,2023-09-06,,399,,0,32.3,4,10.0,2023-09
A-bbe56f,HealthTech,Basic,2024-10-15,,418,,0,19.0,4,9.9,2024-10
A-bbe56f,HealthTech,Enterprise,2023-08-29,,4179,,0,32.6,4,9.5,2023-08
A-7c5768,HealthTech,Basic,2024-11-04,,950,,0,18.3,5,11.3,2024-11
A-7c5768,HealthTech,Basic,2024-07-07,,57,,0,22.3,5,10.2,2024-07
A-7c5768,HealthTech,Pro,2024-09-28,,0,,0,19.5,5,9.6,2024-09
A-7c5768,HealthTech,Basic,2024-05-05,,152,,0,24.3,5,9.7,2024-05
A-7c5768,HealthTech,Enterprise,2024-10-20,,0,,0,18.8,5,9.3,2024-10
A-7c5768,HealthTech,Basic,2024-10-29,,57,,0,18.5,5,10.3,2024-10
A-7c5768,HealthTech,Basic,2024-09-21,,1178,,0,19.8,5,7.6,2024-09
A-7c5768,HealthTech,Enterprise,2024-12-02,,0,,0,17.4,5,12.5,2024-12
A-7c5768,HealthTech,Enterprise,2024-03-05,,995,,0,26.3,5,10.3,2024-03
A-751bd4,Cybersecurity,Basic,2024-09-18,,190,,0,19.9,6,6.0,2024-09
A-751bd4,Cybersecurity,Pro,2024-10-29,,0,,0,18.5,6,10.0,2024-10
A-4e0e85,DevTools,Pro,2024-06-06,,1862,,0,23.3,2,10.0,2024-06
A-4e0e85,DevTools,Pro,2024-06-06,,1862,too expensive,0,23.3,2,10.0,2024-06
A-4e0e85,DevTools,Enterprise,2024-04-10,,1194,,0,25.2,2,7.3,2024-04
A-4e0e85,DevTools,Enterprise,2024-04-10,,1194,too expensive,0,25.2,2,7.3,2024-04
A-4e0e85,DevTools,Enterprise,2024-12-14,,0,,0,17.0,2,10.2,2024-12
A-4e0e85,DevTools,Enterprise,2024-12-14,,0,too expensive,0,17.0,2,10.2,2024-12
A-4e0e85,DevTools,Pro,2024-02-16,,0,,0,26.9,2,12.0,2024-02
A-4e0e85,DevTools,Pro,2024-02-16,,0,too expensive,0,26.9,2,12.0,2024-02
A-4e0e85,DevTools,Enterprise,2024-08-22,,0,,0,20.8,2,10.0,2024-08
A-4e0e85,DevTools,Enterprise,2024-08-22,,0,too expensive,0,20.8,2,10.0,2024-08
A-4e0e85,DevTools,Enterprise,2024-02-22,,1194,,0,26.7,2,9.8,2024-02
A-4e0e85,DevTools,Enterprise,2024-02-22,,1194,too expensive,0,26.7,2,9.8,2024-02
A-4e0e85,DevTools,Pro,2024-07-19,,294,,0,21.9,2,7.0,2024-07
A-4e0e85,DevTools,Pro,2024-07-19,,294,too expensive,0,21.9,2,7.0,2024-07
A-4e0e85,DevTools,Basic,2024-09-20,,0,,0,19.8,2,8.8,2024-09
A-4e0e85,DevTools,Basic,2024-09-20,,0,too expensive,0,19.8,2,8.8,2024-09
A-ad3abd,FinTech,Pro,2023-05-10,2024-07-20,2156,,1,14.4,3,10.5,2023-05
A-ad3abd,FinTech,Basic,2023-11-21,2024-02-04,0,,1,2.5,3,9.0,2023-11
A-ad3abd,FinTech,Pro,2024-07-20,,2156,,0,21.8,3,10.7,2024-07
A-ad3abd,FinTech,Basic,2024-03-25,2024-09-11,836,,1,5.6,3,11.7,2024-03
A-ad3abd,FinTech,Basic,2023-04-20,,836,,0,36.9,3,7.5,2023-04
A-ad3abd,FinTech,Enterprise,2023-03-18,,8756,,0,37.9,3,9.5,2023-03
A-ad3abd,FinTech,Pro,2024-10-14,,2156,,0,19.0,3,10.0,2024-10
A-e19ff6,Cybersecurity,Pro,2024-06-29,,49,missing features,0,22.5,3,14.5,2024-06
A-e19ff6,Cybersecurity,Pro,2024-06-29,,49,switched to competitor,0,22.5,3,14.5,2024-06
A-e19ff6,Cybersecurity,Pro,2024-06-29,,49,switched to competitor,0,22.5,3,14.5,2024-06
A-e19ff6,Cybersecurity,Basic,2024-06-01,,19,missing features,0,23.5,3,7.6,2024-06
A-e19ff6,Cybersecurity,Basic,2024-06-01,,19,switched to competitor,0,23.5,3,7.6,2024-06
A-e19ff6,Cybersecurity,Basic,2024-06-01,,19,switched to competitor,0,23.5,3,7.6,2024-06
A-e19ff6,Cybersecurity,Enterprise,2024-10-05,,0,missing features,0,19.3,3,11.6,2024-10
A-e19ff6,Cybersecurity,Enterprise,2024-10-05,,0,switched to competitor,0,19.3,3,11.6,2024-10
A-e19ff6,Cybersecurity,Enterprise,2024-10-05,,0,switched to competitor,0,19.3,3,11.6,2024-10
A-e19ff6,Cybersecurity,Enterprise,2024-08-11,,0,missing features,0,21.1,3,11.8,2024-08
A-e19ff6,Cybersecurity,Enterprise,2024-08-11,,0,switched to competitor,0,21.1,3,11.8,2024-08
A-e19ff6,Cybersecurity,Enterprise,2024-08-11,,0,switched to competitor,0,21.1,3,11.8,2024-08
A-e19ff6,Cybersecurity,Basic,2024-07-01,,342,missing features,0,22.5,3,11.4,2024-07
A-e19ff6,Cybersecurity,Basic,2024-07-01,,342,switched to competitor,0,22.5,3,11.4,2024-07
A-e19ff6,Cybersecurity,Basic,2024-07-01,,342,switched to competitor,0,22.5,3,11.4,2024-07
A-e19ff6,Cybersecurity,Enterprise,2024-08-11,,0,missing features,0,21.1,3,9.5,2024-08
A-e19ff6,Cybersecurity,Enterprise,2024-08-11,,0,switched to competitor,0,21.1,3,9.5,2024-08
A-e19ff6,Cybersecurity,Enterprise,2024-08-11,,0,switched to competitor,0,21.1,3,9.5,2024-08
A-e19ff6,Cybersecurity,Pro,2024-03-06,,392,missing features,0,26.3,3,8.0,2024-03
A-e19ff6,Cybersecurity,Pro,2024-03-06,,392,switched to competitor,0,26.3,3,8.0,2024-03
A-e19ff6,Cybersecurity,Pro,2024-03-06,,392,switched to competitor,0,26.3,3,8.0,2024-03
A-e19ff6,Cybersecurity,Basic,2023-08-09,,152,missing features,0,33.2,3,8.7,2023-08
A-e19ff6,Cybersecurity,Basic,2023-08-09,,152,switched to competitor,0,33.2,3,8.7,2023-08
A-e19ff6,Cybersecurity,Basic,2023-08-09,,152,switched to competitor,0,33.2,3,8.7,2023-08
A-e19ff6,Cybersecurity,Basic,2023-10-29,,722,missing features,0,30.6,3,8.7,2023-10
A-e19ff6,Cybersecurity,Basic,2023-10-29,,722,switched to competitor,0,30.6,3,8.7,2023-10
A-e19ff6,Cybersecurity,Basic,2023-10-29,,722,switched to competitor,0,30.6,3,8.7,2023-10
A-e19ff6,Cybersecurity,Pro,2024-10-23,,1274,missing features,0,18.7,3,10.0,2024-10
A-e19ff6,Cybersecurity,Pro,2024-10-23,,1274,switched to competitor,0,18.7,3,10.0,2024-10
A-e19ff6,Cybersecurity,Pro,2024-10-23,,1274,switched to competitor,0,18.7,3,10.0,2024-10
A-e19ff6,Cybersecurity,Enterprise,2024-03-25,,0,missing features,0,25.7,3,9.5,2024-03
A-e19ff6,Cybersecurity,Enterprise,2024-03-25,,0,switched to competitor,0,25.7,3,9.5,2024-03
A-e19ff6,Cybersecurity,Enterprise,2024-03-25,,0,switched to competitor,0,25.7,3,9.5,2024-03
A-e19ff6,Cybersecurity,Pro,2024-10-04,,1960,missing features,0,19.4,3,14.0,2024-10
A-e19ff6,Cybersecurity,Pro,2024-10-04,,1960,switched to competitor,0,19.4,3,14.0,2024-10
A-e19ff6,Cybersecurity,Pro,2024-10-04,,1960,switched to competitor,0,19.4,3,14.0,2024-10
A-7920cc,Cybersecurity,Enterprise,2024-07-28,,7761,,0,21.6,7,10.4,2024-07
A-7920cc,Cybersecurity,Basic,2024-02-22,,741,,0,26.7,7,9.7,2024-02
A-7920cc,Cybersecurity,Basic,2024-09-22,,741,,0,19.7,7,12.0,2024-09
A-7920cc,Cybersecurity,Pro,2024-06-18,,1911,,0,22.9,7,11.0,2024-06
A-7920cc,Cybersecurity,Enterprise,2024-02-19,,7761,,0,26.8,7,6.0,2024-02
A-7920cc,Cybersecurity,Basic,2023-12-11,,741,,0,29.1,7,6.8,2023-12
A-7920cc,Cybersecurity,Basic,2023-11-27,,741,,0,29.6,7,8.0,2023-11
A-7920cc,Cybersecurity,Basic,2024-07-17,,741,,0,21.9,7,11.0,2024-07
A-7920cc,Cybersecurity,Pro,2024-11-29,,1911,,0,17.5,7,12.0,2024-11
A-7920cc,Cybersecurity,Enterprise,2024-03-11,,10746,,0,26.2,7,10.9,2024-03
A-7920cc,Cybersecurity,Basic,2024-02-04,,741,,0,27.3,7,8.0,2024-02
A-7920cc,Cybersecurity,Enterprise,2024-12-06,,13731,,0,17.3,7,10.3,2024-12
A-7920cc,Cybersecurity,Pro,2024-01-07,,0,,0,28.3,7,10.3,2024-01
A-7920cc,Cybersecurity,Pro,2024-07-04,,1911,,0,22.4,7,10.0,2024-07
A-7920cc,Cybersecurity,Pro,2024-10-29,,1911,,0,18.5,7,9.8,2024-10
A-7920cc,Cybersecurity,Basic,2023-11-30,,0,,0,29.5,7,9.0,2023-11
A-5a92e7,HealthTech,Enterprise,2024-10-03,,0,missing features,0,19.4,7,10.3,2024-10
A-5a92e7,HealthTech,Enterprise,2024-10-03,,0,missing features,0,19.4,7,10.3,2024-10
A-5a92e7,HealthTech,Basic,2024-12-11,,114,missing features,0,17.1,7,13.3,2024-12
A-5a92e7,HealthTech,Basic,2024-12-11,,114,missing features,0,17.1,7,13.3,2024-12
A-5a92e7,HealthTech,Pro,2024-08-29,,1323,missing features,0,20.5,7,11.0,2024-08
A-5a92e7,HealthTech,Pro,2024-08-29,,1323,missing features,0,20.5,7,11.0,2024-08
A-5a92e7,HealthTech,Pro,2024-11-08,,441,missing features,0,18.2,7,9.3,2024-11
A-5a92e7,HealthTech,Pro,2024-11-08,,441,missing features,0,18.2,7,9.3,2024-11
A-5a92e7,HealthTech,Pro,2024-12-17,,0,missing features,0,16.9,7,10.5,2024-12
A-5a92e7,HealthTech,Pro,2024-12-17,,0,missing features,0,16.9,7,10.5,2024-12
A-5a92e7,HealthTech,Pro,2024-10-27,,1715,missing features,0,18.6,7,7.0,2024-10
A-5a92e7,HealthTech,Pro,2024-10-27,,1715,missing features,0,18.6,7,7.0,2024-10
A-5a92e7,HealthTech,Basic,2024-07-22,,133,missing features,0,21.8,7,12.3,2024-07
A-5a92e7,HealthTech,Basic,2024-07-22,,133,missing features,0,21.8,7,12.3,2024-07
A-5a92e7,HealthTech,Pro,2024-06-13,,1421,missing features,0,23.1,7,11.8,2024-06
A-5a92e7,HealthTech,Pro,2024-06-13,,1421,missing features,0,23.1,7,11.8,2024-06
A-5a92e7,HealthTech,Pro,2024-09-28,,1372,missing features,0,19.5,7,10.4,2024-09
A-5a92e7,HealthTech,Pro,2024-09-28,,1372,missing features,0,19.5,7,10.4,2024-09
A-5a92e7,HealthTech,Enterprise,2024-07-08,2024-10-15,796,missing features,1,3.3,7,8.4,2024-07
A-5a92e7,HealthTech,Enterprise,2024-07-08,2024-10-15,796,missing features,1,3.3,7,8.4,2024-07
A-5a92e7,HealthTech,Pro,2024-06-27,,0,missing features,0,22.6,7,10.0,2024-06
A-5a92e7,HealthTech,Pro,2024-06-27,,0,missing features,0,22.6,7,10.0,2024-06
A-5a92e7,HealthTech,Basic,2024-10-14,,0,missing features,0,19.0,7,13.3,2024-10
A-5a92e7,HealthTech,Basic,2024-10-14,,0,missing features,0,19.0,7,13.3,2024-10
A-5a92e7,HealthTech,Pro,2024-12-03,,1372,missing features,0,17.4,7,12.0,2024-12
A-5a92e7,HealthTech,Pro,2024-12-03,,1372,missing features,0,17.4,7,12.0,2024-12
A-5a92e7,HealthTech,Basic,2024-06-14,,171,missing features,0,23.0,7,11.7,2024-06
A-5a92e7,HealthTech,Basic,2024-06-14,,171,missing features,0,23.0,7,11.7,2024-06
A-5a92e7,HealthTech,Pro,2024-08-30,,980,missing features,0,20.5,7,8.5,2024-08
A-5a92e7,HealthTech,Pro,2024-08-30,,980,missing features,0,20.5,7,8.5,2024-08
A-5a92e7,HealthTech,Basic,2024-12-07,,76,missing features,0,17.2,7,9.7,2024-12
A-5a92e7,HealthTech,Basic,2024-12-07,,76,missing features,0,17.2,7,9.7,2024-12
A-5a92e7,HealthTech,Pro,2024-09-19,,441,missing features,0,19.8,7,11.1,2024-09
A-5a92e7,HealthTech,Pro,2024-09-19,,441,missing features,0,19.8,7,11.1,2024-09
A-5a92e7,HealthTech,Basic,2024-12-04,2024-12-15,209,missing features,1,0.4,7,8.5,2024-12
A-5a92e7,HealthTech,Basic,2024-12-04,2024-12-15,209,missing features,1,0.4,7,8.5,2024-12
A-5a92e7,HealthTech,Pro,2024-07-15,,2107,missing features,0,22.0,7,8.0,2024-07
A-5a92e7,HealthTech,Pro,2024-07-15,,2107,missing features,0,22.0,7,8.0,2024-07
A-fdfc91,Cybersecurity,Basic,2023-07-30,,551,,0,33.5,5,11.0,2023-07
A-fdfc91,Cybersecurity,Basic,2023-08-31,,551,,0,32.5,5,9.5,2023-08
A-fdfc91,Cybersecurity,Basic,2024-09-14,,2109,,0,20.0,5,8.3,2024-09
A-fdfc91,Cybersecurity,Pro,2024-05-09,,1421,,0,24.2,5,12.0,2024-05
A-fdfc91,Cybersecurity,Enterprise,2024-08-31,,9353,,0,20.5,5,9.5,2024-08
A-fdfc91,Cybersecurity,Pro,2024-07-31,2024-11-10,1421,,1,3.4,5,10.6,2024-07
A-fdfc91,Cybersecurity,Pro,2024-05-03,,0,,0,24.4,5,7.3,2024-05
A-fdfc91,Cybersecurity,Basic,2023-09-14,,551,,0,32.0,5,11.2,2023-09
A-fdfc91,Cybersecurity,Pro,2024-03-31,,1421,,0,25.5,5,9.9,2024-03
A-fdfc91,Cybersecurity,Pro,2024-08-11,,3234,,0,21.1,5,11.0,2024-08
A-1e50e0,Cybersecurity,Pro,2024-05-04,,931,switched to competitor,0,24.4,2,8.7,2024-05
A-1e50e0,Cybersecurity,Pro,2024-05-04,,931,switched to competitor,0,24.4,2,8.7,2024-05
A-1e50e0,Cybersecurity,Enterprise,2023-03-23,,3781,switched to competitor,0,37.8,2,9.0,2023-03
A-1e50e0,Cybersecurity,Enterprise,2023-03-23,,3781,switched to competitor,0,37.8,2,9.0,2023-03
A-1e50e0,Cybersecurity,Pro,2024-03-02,,4802,switched to competitor,0,26.4,2,8.2,2024-03
A-1e50e0,Cybersecurity,Pro,2024-03-02,,4802,switched to competitor,0,26.4,2,8.2,2024-03
A-1e50e0,Cybersecurity,Enterprise,2023-04-25,2024-01-13,0,switched to competitor,1,8.6,2,10.0,2023-04
A-1e50e0,Cybersecurity,Enterprise,2023-04-25,2024-01-13,0,switched to competitor,1,8.6,2,10.0,2023-04
A-1e50e0,Cybersecurity,Enterprise,2024-09-05,,3781,switched to competitor,0,20.3,2,11.6,2024-09
A-1e50e0,Cybersecurity,Enterprise,2024-09-05,,3781,switched to competitor,0,20.3,2,11.6,2024-09
A-1e1b80,FinTech,Enterprise,2024-07-05,,9950,,0,22.3,6,13.0,2024-07
A-1e1b80,FinTech,Enterprise,2024-07-05,,9950,missing features,0,22.3,6,13.0,2024-07
A-1e1b80,FinTech,Enterprise,2024-07-05,,9950,switched to competitor,0,22.3,6,13.0,2024-07
A-1e1b80,FinTech,Pro,2023-12-27,,2597,,0,28.6,6,9.7,2023-12
A-1e1b80,FinTech,Pro,2023-12-27,,2597,missing features,0,28.6,6,9.7,2023-12
A-1e1b80,FinTech,Pro,2023-12-27,,2597,switched to competitor,0,28.6,6,9.7,2023-12
A-1e1b80,FinTech,Enterprise,2023-12-16,,9950,,0,29.0,6,10.7,2023-12
A-1e1b80,FinTech,Enterprise,2023-12-16,,9950,missing features,0,29.0,6,10.7,2023-12
A-1e1b80,FinTech,Enterprise,2023-12-16,,9950,switched to competitor,0,29.0,6,10.7,2023-12
A-1e1b80,FinTech,Pro,2024-07-21,,2450,,0,21.8,6,10.8,2024-07
A-1e1b80,FinTech,Pro,2024-07-21,,2450,missing features,0,21.8,6,10.8,2024-07
A-1e1b80,FinTech,Pro,2024-07-21,,2450,switched to competitor,0,21.8,6,10.8,2024-07
A-1e1b80,FinTech,Basic,2023-12-26,,950,,0,28.6,6,11.5,2023-12
A-1e1b80,FinTech,Basic,2023-12-26,,950,missing features,0,28.6,6,11.5,2023-12
A-1e1b80,FinTech,Basic,2023-12-26,,950,switched to competitor,0,28.6,6,11.5,2023-12
A-1e1b80,FinTech,Basic,2023-10-11,,950,,0,31.1,6,9.1,2023-10
A-1e1b80,FinTech,Basic,2023-10-11,,950,missing features,0,31.1,6,9.1,2023-10
A-1e1b80,FinTech,Basic,2023-10-11,,950,switched to competitor,0,31.1,6,9.1,2023-10
A-1e1b80,FinTech,Basic,2024-04-30,,950,,0,24.5,6,9.4,2024-04
A-1e1b80,FinTech,Basic,2024-04-30,,950,missing features,0,24.5,6,9.4,2024-04
A-1e1b80,FinTech,Basic,2024-04-30,,950,switched to competitor,0,24.5,6,9.4,2024-04
A-1e1b80,FinTech,Enterprise,2023-11-02,,9950,,0,30.4,6,10.1,2023-11
A-1e1b80,FinTech,Enterprise,2023-11-02,,9950,missing features,0,30.4,6,10.1,2023-11
A-1e1b80,FinTech,Enterprise,2023-11-02,,9950,switched to competitor,0,30.4,6,10.1,2023-11
A-1e1b80,FinTech,Enterprise,2024-07-10,,0,,0,22.2,6,9.3,2024-07
A-1e1b80,FinTech,Enterprise,2024-07-10,,0,missing features,0,22.2,6,9.3,2024-07
A-1e1b80,FinTech,Enterprise,2024-07-10,,0,switched to competitor,0,22.2,6,9.3,2024-07
A-1e1b80,FinTech,Basic,2024-11-04,,950,,0,18.3,6,8.9,2024-11
A-1e1b80,FinTech,Basic,2024-11-04,,950,missing features,0,18.3,6,8.9,2024-11
A-1e1b80,FinTech,Basic,2024-11-04,,950,switched to competitor,0,18.3,6,8.9,2024-11
A-1e1b80,FinTech,Enterprise,2024-09-22,,0,,0,19.7,6,11.6,2024-09
A-1e1b80,FinTech,Enterprise,2024-09-22,,0,missing features,0,19.7,6,11.6,2024-09
A-1e1b80,FinTech,Enterprise,2024-09-22,,0,switched to competitor,0,19.7,6,11.6,2024-09
A-1e1b80,FinTech,Enterprise,2024-03-28,,9950,,0,25.6,6,8.3,2024-03
A-1e1b80,FinTech,Enterprise,2024-03-28,,9950,missing features,0,25.6,6,8.3,2024-03
A-1e1b80,FinTech,Enterprise,2024-03-28,,9950,switched to competitor,0,25.6,6,8.3,2024-03
A-659280,FinTech,Pro,2024-02-08,,2303,switched to competitor,0,27.2,4,12.3,2024-02
A-659280,FinTech,Pro,2024-02-08,,2303,too expensive,0,27.2,4,12.3,2024-02
A-659280,FinTech,Basic,2024-05-10,,247,switched to competitor,0,24.2,4,10.0,2024-05
A-659280,FinTech,Basic,2024-05-10,,247,too expensive,0,24.2,4,10.0,2024-05
A-659280,FinTech,Enterprise,2024-04-28,,3781,switched to competitor,0,24.6,4,9.5,2024-04
A-659280,FinTech,Enterprise,2024-04-28,,3781,too expensive,0,24.6,4,9.5,2024-04
A-659280,FinTech,Basic,2024-11-21,,323,switched to competitor,0,17.8,4,8.8,2024-11
A-659280,FinTech,Basic,2024-11-21,,323,too expensive,0,17.8,4,8.8,2024-11
A-659280,FinTech,Enterprise,2024-11-25,,0,switched to competitor,0,17.6,4,8.3,2024-11
A-659280,FinTech,Enterprise,2024-11-25,,0,too expensive,0,17.6,4,8.3,2024-11
A-659280,FinTech,Enterprise,2023-12-23,,6169,switched to competitor,0,28.7,4,11.2,2023-12
A-659280,FinTech,Enterprise,2023-12-23,,6169,too expensive,0,28.7,4,11.2,2023-12
A-659280,FinTech,Enterprise,2024-06-05,,4776,switched to competitor,0,23.3,4,10.2,2024-06
A-659280,FinTech,Enterprise,2024-06-05,,4776,too expensive,0,23.3,4,10.2,2024-06
A-659280,FinTech,Basic,2024-02-15,,380,switched to competitor,0,27.0,4,8.0,2024-02
A-659280,FinTech,Basic,2024-02-15,,380,too expensive,0,27.0,4,8.0,2024-02
A-659280,FinTech,Pro,2023-11-28,,637,switched to competitor,0,29.6,4,10.2,2023-11
A-659280,FinTech,Pro,2023-11-28,,637,too expensive,0,29.6,4,10.2,2023-11
A-659280,FinTech,Basic,2024-07-25,,247,switched to competitor,0,21.7,4,10.0,2024-07
A-659280,FinTech,Basic,2024-07-25,,247,too expensive,0,21.7,4,10.0,2024-07
A-659280,FinTech,Enterprise,2023-11-25,,2587,switched to competitor,0,29.7,4,11.0,2023-11
A-659280,FinTech,Enterprise,2023-11-25,,2587,too expensive,0,29.7,4,11.0,2023-11
A-659280,FinTech,Basic,2024-12-26,,0,switched to competitor,0,16.6,4,11.5,2024-12
A-659280,FinTech,Basic,2024-12-26,,0,too expensive,0,16.6,4,11.5,2024-12
A-f6b2fb,DevTools,Pro,2024-07-02,,1127,,0,22.4,5,9.6,2024-07
A-f6b2fb,DevTools,Enterprise,2024-06-12,2024-12-23,0,,1,6.4,5,10.0,2024-06
A-f6b2fb,DevTools,Enterprise,2024-08-01,,4776,,0,21.5,5,10.0,2024-08
A-f6b2fb,DevTools,Enterprise,2024-08-11,,9751,,0,21.1,5,11.0,2024-08
A-f6b2fb,DevTools,Enterprise,2024-10-21,,0,,0,18.8,5,9.7,2024-10
A-f6b2fb,DevTools,Pro,2024-05-23,,1127,,0,23.8,5,8.0,2024-05
A-f6b2fb,DevTools,Enterprise,2024-06-20,,4577,,0,22.8,5,9.3,2024-06
A-f6b2fb,DevTools,Basic,2024-08-14,,437,,0,21.0,5,9.2,2024-08
A-f6b2fb,DevTools,Basic,2024-11-18,,437,,0,17.9,5,9.2,2024-11
A-f6b2fb,DevTools,Pro,2024-10-17,2024-12-17,1127,,1,2.0,5,9.3,2024-10
A-cb6cc6,DevTools,Pro,2024-03-20,,637,,0,25.9,3,10.4,2024-03
A-cb6cc6,DevTools,Basic,2023-08-22,,247,,0,32.8,3,7.4,2023-08
A-cb6cc6,DevTools,Basic,2023-08-15,,266,,0,33.0,3,9.7,2023-08
A-cb6cc6,DevTools,Basic,2024-09-07,,247,,0,20.2,3,9.4,2024-09
A-cb6cc6,DevTools,Pro,2024-10-01,,1225,,0,19.5,3,10.0,2024-10
A-cb6cc6,DevTools,Enterprise,2023-04-20,,0,,0,36.9,3,7.0,2023-04
A-cb6cc6,DevTools,Enterprise,2024-05-25,,0,,0,23.7,3,7.6,2024-05
A-d62e02,Cybersecurity,Enterprise,2024-11-22,,3184,,0,17.7,1,3.0,2024-11
A-d62e02,Cybersecurity,Basic,2024-12-02,,608,,0,17.4,1,12.0,2024-12
A-d62e02,Cybersecurity,Basic,2024-12-11,,304,,0,17.1,1,9.6,2024-12
A-d62e02,Cybersecurity,Enterprise,2024-09-03,,1990,,0,20.4,1,9.3,2024-09
A-d62e02,Cybersecurity,Basic,2024-11-06,,114,,0,18.3,1,11.0,2024-11
A-d62e02,Cybersecurity,Enterprise,2024-12-30,,1194,,0,16.5,1,11.0,2024-12
A-d62e02,Cybersecurity,Enterprise,2024-11-13,,5373,,0,18.0,1,9.8,2024-11
A-d62e02,Cybersecurity,Enterprise,2024-12-10,,4179,,0,17.2,1,10.3,2024-12
A-d62e02,Cybersecurity,Enterprise,2024-10-02,,3184,,0,19.4,1,6.0,2024-10
A-d62e02,Cybersecurity,Enterprise,2024-10-11,,1194,,0,19.1,1,11.8,2024-10
A-d535f6,DevTools,Basic,2024-10-18,,0,missing features,0,18.9,0,10.0,2024-10
A-d535f6,DevTools,Basic,2024-10-18,,0,switched to competitor,0,18.9,0,10.0,2024-10
A-d535f6,DevTools,Basic,2024-09-23,,228,missing features,0,19.7,0,13.2,2024-09
A-d535f6,DevTools,Basic,2024-09-23,,228,switched to competitor,0,19.7,0,13.2,2024-09
A-d535f6,DevTools,Pro,2024-11-20,,588,missing features,0,17.8,0,11.2,2024-11
A-d535f6,DevTools,Pro,2024-11-20,,588,switched to competitor,0,17.8,0,11.2,2024-11
A-d535f6,DevTools,Pro,2024-12-11,,931,missing features,0,17.1,0,10.8,2024-12
A-d535f6,DevTools,Pro,2024-12-11,,931,switched to competitor,0,17.1,0,10.8,2024-12
A-d535f6,DevTools,Basic,2024-09-21,,0,missing features,0,19.8,0,9.4,2024-09
A-d535f6,DevTools,Basic,2024-09-21,,0,switched to competitor,0,19.8,0,9.4,2024-09
A-d535f6,DevTools,Enterprise,2024-09-29,,2388,missing features,0,19.5,0,11.0,2024-09
A-d535f6,DevTools,Enterprise,2024-09-29,,2388,switched to competitor,0,19.5,0,11.0,2024-09
A-d535f6,DevTools,Pro,2024-12-11,,2254,missing features,0,17.1,0,7.0,2024-12
A-d535f6,DevTools,Pro,2024-12-11,,2254,switched to competitor,0,17.1,0,7.0,2024-12
A-d535f6,DevTools,Enterprise,2024-12-15,,0,missing features,0,17.0,0,9.4,2024-12
A-d535f6,DevTools,Enterprise,2024-12-15,,0,switched to competitor,0,17.0,0,9.4,2024-12
A-d535f6,DevTools,Basic,2024-11-13,,1026,missing features,0,18.0,0,9.2,2024-11
A-d535f6,DevTools,Basic,2024-11-13,,1026,switched to competitor,0,18.0,0,9.2,2024-11
A-39868b,FinTech,Basic,2024-06-02,,171,,0,23.4,6,13.5,2024-06
A-39868b,FinTech,Basic,2024-06-02,,171,too expensive,0,23.4,6,13.5,2024-06
A-39868b,FinTech,Pro,2024-10-11,,441,,0,19.1,6,9.8,2024-10
A-39868b,FinTech,Pro,2024-10-11,,441,too expensive,0,19.1,6,9.8,2024-10
A-39868b,FinTech,Basic,2024-11-28,,0,,0,17.5,6,12.5,2024-11
A-39868b,FinTech,Basic,2024-11-28,,0,too expensive,0,17.5,6,12.5,2024-11
A-39868b,FinTech,Enterprise,2024-04-25,,1791,,0,24.7,6,8.4,2024-04
A-39868b,FinTech,Enterprise,2024-04-25,,1791,too expensive,0,24.7,6,8.4,2024-04
A-39868b,FinTech,Enterprise,2024-06-22,,1791,,0,22.8,6,10.3,2024-06
A-39868b,FinTech,Enterprise,2024-06-22,,1791,too expensive,0,22.8,6,10.3,2024-06
A-3cc791,EdTech,Basic,2024-01-31,,0,,0,27.5,6,8.9,2024-01
A-3cc791,EdTech,Pro,2024-05-23,,588,,0,23.8,6,9.9,2024-05
A-3cc791,EdTech,Basic,2024-04-10,,304,,0,25.2,6,10.4,2024-04
A-3cc791,EdTech,Enterprise,2024-03-26,,1194,,0,25.7,6,11.1,2024-03
A-3cc791,EdTech,Basic,2024-04-26,,0,,0,24.6,6,7.7,2024-04
A-3cc791,EdTech,Pro,2024-07-08,,294,,0,22.2,6,10.7,2024-07
A-3cc791,EdTech,Pro,2024-12-19,,1764,,0,16.9,6,9.9,2024-12
A-3cc791,EdTech,Enterprise,2024-06-01,,4378,,0,23.5,6,7.8,2024-06
A-337bc1,Cybersecurity,Enterprise,2023-11-11,,6766,missing features,0,30.1,4,7.8,2023-11
A-337bc1,Cybersecurity,Enterprise,2023-11-11,,6766,too expensive,0,30.1,4,7.8,2023-11
A-337bc1,Cybersecurity,Enterprise,2024-03-05,,6169,missing features,0,26.3,4,12.6,2024-03
A-337bc1,Cybersecurity,Enterprise,2024-03-05,,6169,too expensive,0,26.3,4,12.6,2024-03
A-337bc1,Cybersecurity,Pro,2024-09-28,,0,missing features,0,19.5,4,10.9,2024-09
A-337bc1,Cybersecurity,Pro,2024-09-28,,0,too expensive,0,19.5,4,10.9,2024-09
A-337bc1,Cybersecurity,Basic,2024-09-12,,0,missing features,0,20.1,4,10.4,2024-09
A-337bc1,Cybersecurity,Basic,2024-09-12,,0,too expensive,0,20.1,4,10.4,2024-09
A-337bc1,Cybersecurity,Pro,2024-09-18,,4214,missing features,0,19.9,4,7.2,2024-09
A-337bc1,Cybersecurity,Pro,2024-09-18,,4214,too expensive,0,19.9,4,7.2,2024-09
A-337bc1,Cybersecurity,Basic,2024-08-09,,760,missing features,0,21.2,4,10.0,2024-08
A-337bc1,Cybersecurity,Basic,2024-08-09,,760,too expensive,0,21.2,4,10.0,2024-08
A-337bc1,Cybersecurity,Pro,2023-08-02,,1470,missing features,0,33.4,4,11.3,2023-08
A-337bc1,Cybersecurity,Pro,2023-08-02,,1470,too expensive,0,33.4,4,11.3,2023-08
A-58b9ff,DevTools,Pro,2024-11-03,,1617,too expensive,0,18.4,2,11.0,2024-11
A-58b9ff,DevTools,Enterprise,2024-09-13,2024-10-01,398,too expensive,1,0.6,2,8.5,2024-09
A-58b9ff,DevTools,Enterprise,2024-07-18,,398,too expensive,0,21.9,2,8.9,2024-07
A-58b9ff,DevTools,Enterprise,2024-09-26,,15124,too expensive,0,19.6,2,10.7,2024-09
A-58b9ff,DevTools,Pro,2024-09-27,,3087,too expensive,0,19.6,2,10.3,2024-09
A-58b9ff,DevTools,Pro,2024-07-14,,294,too expensive,0,22.0,2,10.3,2024-07
A-58b9ff,DevTools,Enterprise,2024-07-05,,0,too expensive,0,22.3,2,10.6,2024-07
A-58b9ff,DevTools,Pro,2024-06-17,,0,too expensive,0,22.9,2,10.0,2024-06
A-58b9ff,DevTools,Basic,2024-10-13,,418,too expensive,0,19.1,2,11.1,2024-10
A-58b9ff,DevTools,Basic,2024-10-16,,228,too expensive,0,19.0,2,8.5,2024-10
A-58b9ff,DevTools,Pro,2024-08-09,,98,too expensive,0,21.2,2,11.7,2024-08
A-58b9ff,DevTools,Pro,2024-09-24,,686,too expensive,0,19.7,2,9.6,2024-09
A-58b9ff,DevTools,Pro,2024-06-26,,294,too expensive,0,22.6,2,11.5,2024-06
A-bf7919,HealthTech,Enterprise,2024-12-10,,0,,0,17.2,2,15.0,2024-12
A-bf7919,HealthTech,Enterprise,2024-12-10,,0,too expensive,0,17.2,2,15.0,2024-12
A-bf7919,HealthTech,Enterprise,2024-12-31,,0,,0,16.5,2,8.2,2024-12
A-bf7919,HealthTech,Enterprise,2024-12-31,,0,too expensive,0,16.5,2,8.2,2024-12
A-bf7919,HealthTech,Pro,2024-12-21,2024-12-29,735,,1,0.3,2,10.7,2024-12
A-bf7919,HealthTech,Pro,2024-12-21,2024-12-29,735,too expensive,1,0.3,2,10.7,2024-12
A-bf7919,HealthTech,Basic,2024-12-24,,228,,0,16.7,2,10.0,2024-12
A-bf7919,HealthTech,Basic,2024-12-24,,228,too expensive,0,16.7,2,10.0,2024-12
A-bf7919,HealthTech,Enterprise,2024-12-07,,597,,0,17.2,2,9.6,2024-12
A-bf7919,HealthTech,Enterprise,2024-12-07,,597,too expensive,0,17.2,2,9.6,2024-12
A-bf7919,HealthTech,Basic,2024-12-26,,0,,0,16.6,2,11.0,2024-12
A-bf7919,HealthTech,Basic,2024-12-26,,0,too expensive,0,16.6,2,11.0,2024-12
A-1d5444,Cybersecurity,Basic,2024-11-26,,0,too expensive,0,17.6,2,11.5,2024-11
A-1d5444,Cybersecurity,Pro,2024-09-16,,0,too expensive,0,19.9,2,10.9,2024-09
A-1d5444,Cybersecurity,Pro,2024-07-17,,1176,too expensive,0,21.9,2,12.5,2024-07
A-1d5444,Cybersecurity,Basic,2024-04-19,,456,too expensive,0,24.9,2,10.5,2024-04
A-1d5444,Cybersecurity,Enterprise,2024-05-31,,4776,too expensive,0,23.5,2,8.0,2024-05
A-1d5444,Cybersecurity,Basic,2024-07-15,,456,too expensive,0,22.0,2,8.0,2024-07
A-1d5444,Cybersecurity,Enterprise,2024-04-23,,4776,too expensive,0,24.7,2,7.7,2024-04
A-1d5444,Cybersecurity,Pro,2024-11-25,,1176,too expensive,0,17.6,2,8.9,2024-11
A-1d5444,Cybersecurity,Basic,2024-03-19,,456,too expensive,0,25.9,2,11.3,2024-03
A-1d5444,Cybersecurity,Enterprise,2024-05-13,,8159,too expensive,0,24.1,2,0.0,2024-05
A-1d5444,Cybersecurity,Enterprise,2024-08-02,,8159,too expensive,0,21.4,2,10.5,2024-08
A-1d5444,Cybersecurity,Basic,2024-04-04,,456,too expensive,0,25.4,2,8.9,2024-04
A-1d5444,Cybersecurity,Basic,2024-07-28,,456,too expensive,0,21.6,2,8.8,2024-07
A-1d5444,Cybersecurity,Basic,2024-04-10,,456,too expensive,0,25.2,2,10.7,2024-04
A-0f3e88,HealthTech,Basic,2024-04-18,,266,missing features,0,24.9,3,11.5,2024-04
A-0f3e88,HealthTech,Pro,2024-11-07,,0,missing features,0,18.2,3,9.4,2024-11
A-0f3e88,HealthTech,Pro,2024-12-11,2024-12-23,343,missing features,1,0.4,3,10.3,2024-12
A-0f3e88,HealthTech,Basic,2023-12-31,,304,missing features,0,28.5,3,10.3,2023-12
A-0f3e88,HealthTech,Basic,2024-11-24,,323,missing features,0,17.7,3,10.7,2024-11
A-0f3e88,HealthTech,Basic,2024-06-18,,323,missing features,0,22.9,3,9.5,2024-06
A-0f3e88,HealthTech,Basic,2023-08-05,,133,missing features,0,33.3,3,8.7,2023-08
A-0f3e88,HealthTech,Enterprise,2024-02-03,,2189,missing features,0,27.4,3,7.8,2024-02
A-0f3e88,HealthTech,Basic,2023-09-23,,456,missing features,0,31.7,3,10.8,2023-09
A-0f3e88,HealthTech,Basic,2024-10-08,,209,missing features,0,19.2,3,8.7,2024-10
A-0f3e88,HealthTech,Pro,2024-01-01,,1078,missing features,0,28.5,3,11.0,2024-01
A-7641d3,EdTech,Enterprise,2024-05-13,,2587,missing features,0,24.1,5,8.7,2024-05
A-7641d3,EdTech,Enterprise,2024-05-13,,2587,missing features,0,24.1,5,8.7,2024-05
A-7641d3,EdTech,Basic,2024-11-21,,190,missing features,0,17.8,5,12.8,2024-11
A-7641d3,EdTech,Basic,2024-11-21,,190,missing features,0,17.8,5,12.8,2024-11
A-7641d3,EdTech,Pro,2024-08-03,,2989,missing features,0,21.4,5,12.0,2024-08
A-7641d3,EdTech,Pro,2024-08-03,,2989,missing features,0,21.4,5,12.0,2024-08
A-7641d3,EdTech,Pro,2024-11-17,,784,missing features,0,17.9,5,8.8,2024-11
A-7641d3,EdTech,Pro,2024-11-17,,784,missing features,0,17.9,5,8.8,2024-11
A-7641d3,EdTech,Basic,2023-04-12,,152,missing features,0,37.1,5,9.7,2023-04
A-7641d3,EdTech,Basic,2023-04-12,,152,missing features,0,37.1,5,9.7,2023-04
A-7641d3,EdTech,Pro,2023-10-02,,0,missing features,0,31.4,5,9.0,2023-10
A-7641d3,EdTech,Pro,2023-10-02,,0,missing features,0,31.4,5,9.0,2023-10
A-7641d3,EdTech,Enterprise,2023-04-24,,1592,missing features,0,36.7,5,12.0,2023-04
A-7641d3,EdTech,Enterprise,2023-04-24,,1592,missing features,0,36.7,5,12.0,2023-04
A-7641d3,EdTech,Pro,2024-05-10,,588,missing features,0,24.2,5,10.0,2024-05
A-7641d3,EdTech,Pro,2024-05-10,,588,missing features,0,24.2,5,10.0,2024-05
A-7641d3,EdTech,Pro,2024-06-18,,392,missing features,0,22.9,5,12.7,2024-06
A-7641d3,EdTech,Pro,2024-06-18,,392,missing features,0,22.9,5,12.7,2024-06
A-7641d3,EdTech,Enterprise,2024-05-21,,2786,missing features,0,23.8,5,11.2,2024-05
A-7641d3,EdTech,Enterprise,2024-05-21,,2786,missing features,0,23.8,5,11.2,2024-05
A-7641d3,EdTech,Pro,2024-03-11,,0,missing features,0,26.2,5,11.5,2024-03
A-7641d3,EdTech,Pro,2024-03-11,,0,missing features,0,26.2,5,11.5,2024-03
A-cd458b,DevTools,Enterprise,2024-07-25,,5174,switched to competitor,0,21.7,5,10.5,2024-07
A-cd458b,DevTools,Enterprise,2024-12-23,,2985,switched to competitor,0,16.7,5,11.6,2024-12
A-cd458b,DevTools,Basic,2024-08-14,,190,switched to competitor,0,21.0,5,10.9,2024-08
A-cd458b,DevTools,Enterprise,2024-08-17,,9353,switched to competitor,0,20.9,5,11.1,2024-08
A-cd458b,DevTools,Basic,2024-10-26,,494,switched to competitor,0,18.6,5,11.0,2024-10
A-cd458b,DevTools,Enterprise,2024-12-26,,1990,switched to competitor,0,16.6,5,10.3,2024-12
A-cd458b,DevTools,Enterprise,2024-10-25,,9353,switched to competitor,0,18.7,5,10.5,2024-10
A-cd458b,DevTools,Basic,2024-09-26,,513,switched to competitor,0,19.6,5,10.0,2024-09
A-cd458b,DevTools,Basic,2024-08-25,,190,switched to competitor,0,20.7,5,10.9,2024-08
A-cd458b,DevTools,Basic,2024-12-06,,475,switched to competitor,0,17.3,5,8.2,2024-12
A-cd458b,DevTools,Basic,2024-07-12,,190,switched to competitor,0,22.1,5,10.6,2024-07
A-cd458b,DevTools,Basic,2024-08-18,2024-09-14,551,switched to competitor,1,0.9,5,10.0,2024-08
A-cd458b,DevTools,Enterprise,2024-12-21,,9353,switched to competitor,0,16.8,5,9.8,2024-12
A-cd458b,DevTools,Enterprise,2024-10-04,,1990,switched to competitor,0,19.4,5,9.3,2024-10
A-cd458b,DevTools,Pro,2024-09-18,,490,switched to competitor,0,19.9,5,9.0,2024-09
A-c16b88,HealthTech,Enterprise,2024-12-26,,4577,switched to competitor,0,16.6,3,10.5,2024-12
A-c16b88,HealthTech,Enterprise,2024-06-10,,8955,switched to competitor,0,23.2,3,8.0,2024-06
A-c16b88,HealthTech,Basic,2024-06-20,2024-07-11,0,switched to competitor,1,0.7,3,10.0,2024-06
A-c16b88,HealthTech,Pro,2024-03-08,,0,switched to competitor,0,26.3,3,12.3,2024-03
A-c16b88,HealthTech,Basic,2024-10-19,,665,switched to competitor,0,18.9,3,10.0,2024-10
A-c16b88,HealthTech,Pro,2024-03-09,,0,switched to competitor,0,26.2,3,8.3,2024-03
A-c16b88,HealthTech,Basic,2024-12-20,,437,switched to competitor,0,16.8,3,9.7,2024-12
A-c16b88,HealthTech,Enterprise,2024-11-25,,4577,switched to competitor,0,17.6,3,7.0,2024-11
A-c16b88,HealthTech,Pro,2024-06-03,,1127,switched to competitor,0,23.4,3,9.5,2024-06
A-59f724,HealthTech,Basic,2024-03-14,,0,,0,26.1,4,12.0,2024-03
A-59f724,HealthTech,Enterprise,2024-07-23,,597,,0,21.7,4,10.8,2024-07
A-59f724,HealthTech,Basic,2024-12-08,,342,,0,17.2,4,9.2,2024-12
A-59f724,HealthTech,Enterprise,2024-01-29,,4378,,0,27.5,4,10.8,2024-01
A-59f724,HealthTech,Pro,2024-06-12,,0,,0,23.1,4,10.0,2024-06
A-59f724,HealthTech,Pro,2024-06-22,,1323,,0,22.8,4,11.0,2024-06
A-59f724,HealthTech,Pro,2024-05-08,,931,,0,24.2,4,10.5,2024-05
A-59f724,HealthTech,Pro,2024-05-29,,294,,0,23.6,4,10.0,2024-05
A-59f724,HealthTech,Basic,2024-06-27,,684,,0,22.6,4,8.8,2024-06
A-59f724,HealthTech,Basic,2024-07-15,,342,,0,22.0,4,12.1,2024-07
A-59f724,HealthTech,Basic,2024-08-24,,0,,0,20.7,4,8.0,2024-08
A-59f724,HealthTech,Pro,2024-01-01,,882,,0,28.5,4,8.3,2024-01
A-87aa7b,HealthTech,Pro,2024-12-23,,2499,,0,16.7,3,11.2,2024-12
A-87aa7b,HealthTech,Pro,2024-12-23,,2499,missing features,0,16.7,3,11.2,2024-12
A-87aa7b,HealthTech,Pro,2024-12-23,,2499,switched to competitor,0,16.7,3,11.2,2024-12
A-87aa7b,HealthTech,Basic,2024-11-23,,456,,0,17.7,3,9.0,2024-11
A-87aa7b,HealthTech,Basic,2024-11-23,,456,missing features,0,17.7,3,9.0,2024-11
A-87aa7b,HealthTech,Basic,2024-11-23,,456,switched to competitor,0,17.7,3,9.0,2024-11
A-87aa7b,HealthTech,Pro,2024-06-05,,1176,,0,23.3,3,11.5,2024-06
A-87aa7b,HealthTech,Pro,2024-06-05,,1176,missing features,0,23.3,3,11.5,2024-06
A-87aa7b,HealthTech,Pro,2024-06-05,,1176,switched to competitor,0,23.3,3,11.5,2024-06
A-87aa7b,HealthTech,Pro,2024-06-17,,1176,,0,22.9,3,11.0,2024-06
A-87aa7b,HealthTech,Pro,2024-06-17,,1176,missing features,0,22.9,3,11.0,2024-06
A-87aa7b,HealthTech,Pro,2024-06-17,,1176,switched to competitor,0,22.9,3,11.0,2024-06
A-87aa7b,HealthTech,Enterprise,2024-10-15,,4776,,0,19.0,3,6.0,2024-10
A-87aa7b,HealthTech,Enterprise,2024-10-15,,4776,missing features,0,19.0,3,6.0,2024-10
A-87aa7b,HealthTech,Enterprise,2024-10-15,,4776,switched to competitor,0,19.0,3,6.0,2024-10
A-87aa7b,HealthTech,Pro,2024-05-25,,1323,,0,23.7,3,9.8,2024-05
A-87aa7b,HealthTech,Pro,2024-05-25,,1323,missing features,0,23.7,3,9.8,2024-05
A-87aa7b,HealthTech,Pro,2024-05-25,,1323,switched to competitor,0,23.7,3,9.8,2024-05
A-87aa7b,HealthTech,Enterprise,2024-07-22,,0,,0,21.8,3,5.5,2024-07
A-87aa7b,HealthTech,Enterprise,2024-07-22,,0,missing features,0,21.8,3,5.5,2024-07
A-87aa7b,HealthTech,Enterprise,2024-07-22,,0,switched to competitor,0,21.8,3,5.5,2024-07
A-87aa7b,HealthTech,Pro,2024-08-29,,0,,0,20.5,3,8.0,2024-08
A-87aa7b,HealthTech,Pro,2024-08-29,,0,missing features,0,20.5,3,8.0,2024-08
A-87aa7b,HealthTech,Pro,2024-08-29,,0,switched to competitor,0,20.5,3,8.0,2024-08
A-87aa7b,HealthTech,Pro,2024-05-22,,1176,,0,23.8,3,12.3,2024-05
A-87aa7b,HealthTech,Pro,2024-05-22,,1176,missing features,0,23.8,3,12.3,2024-05
A-87aa7b,HealthTech,Pro,2024-05-22,,1176,switched to competitor,0,23.8,3,12.3,2024-05
A-87aa7b,HealthTech,Pro,2024-11-19,,1176,,0,17.8,3,11.2,2024-11
A-87aa7b,HealthTech,Pro,2024-11-19,,1176,missing features,0,17.8,3,11.2,2024-11
A-87aa7b,HealthTech,Pro,2024-11-19,,1176,switched to competitor,0,17.8,3,11.2,2024-11
A-87aa7b,HealthTech,Basic,2024-07-18,,1064,,0,21.9,3,10.8,2024-07
A-87aa7b,HealthTech,Basic,2024-07-18,,1064,missing features,0,21.9,3,10.8,2024-07
A-87aa7b,HealthTech,Basic,2024-07-18,,1064,switched to competitor,0,21.9,3,10.8,2024-07
A-87aa7b,HealthTech,Enterprise,2024-09-24,,4776,,0,19.7,3,10.2,2024-09
A-87aa7b,HealthTech,Enterprise,2024-09-24,,4776,missing features,0,19.7,3,10.2,2024-09
A-87aa7b,HealthTech,Enterprise,2024-09-24,,4776,switched to competitor,0,19.7,3,10.2,2024-09
A-87aa7b,HealthTech,Pro,2024-06-02,,1176,,0,23.4,3,8.2,2024-06
A-87aa7b,HealthTech,Pro,2024-06-02,,1176,missing features,0,23.4,3,8.2,2024-06
A-87aa7b,HealthTech,Pro,2024-06-02,,1176,switched to competitor,0,23.4,3,8.2,2024-06
A-87aa7b,HealthTech,Basic,2024-08-10,,475,,0,21.2,3,9.8,2024-08
A-87aa7b,HealthTech,Basic,2024-08-10,,475,missing features,0,21.2,3,9.8,2024-08
A-87aa7b,HealthTech,Basic,2024-08-10,,475,switched to competitor,0,21.2,3,9.8,2024-08
A-87aa7b,HealthTech,Basic,2024-11-19,,456,,0,17.8,3,12.0,2024-11
A-87aa7b,HealthTech,Basic,2024-11-19,,456,missing features,0,17.8,3,12.0,2024-11
A-87aa7b,HealthTech,Basic,2024-11-19,,456,switched to competitor,0,17.8,3,12.0,2024-11
A-87aa7b,HealthTech,Pro,2024-08-23,,1176,,0,20.7,3,9.4,2024-08
A-87aa7b,HealthTech,Pro,2024-08-23,,1176,missing features,0,20.7,3,9.4,2024-08
A-87aa7b,HealthTech,Pro,2024-08-23,,1176,switched to competitor,0,20.7,3,9.4,2024-08
A-1e6fc3,EdTech,Pro,2024-04-01,,245,switched to competitor,0,25.5,5,10.0,2024-04
A-1e6fc3,EdTech,Basic,2024-08-28,,0,switched to competitor,0,20.6,5,11.2,2024-08
A-1e6fc3,EdTech,Enterprise,2024-12-17,,199,switched to competitor,0,16.9,5,7.1,2024-12
A-1e6fc3,EdTech,Basic,2024-01-11,2024-04-02,0,switched to competitor,1,2.7,5,9.6,2024-01
A-39ddf4,EdTech,Pro,2024-12-20,2024-12-29,1960,,1,0.3,5,10.8,2024-12
A-39ddf4,EdTech,Pro,2024-12-10,,2156,,0,17.2,5,11.2,2024-12
A-39ddf4,EdTech,Pro,2024-12-26,,1960,,0,16.6,5,9.0,2024-12
A-39ddf4,EdTech,Enterprise,2024-12-07,,7960,,0,17.2,5,9.5,2024-12
A-39ddf4,EdTech,Enterprise,2024-12-29,,7960,,0,16.5,5,9.0,2024-12
A-39ddf4,EdTech,Pro,2024-12-24,,1960,,0,16.7,5,10.3,2024-12
A-39ddf4,EdTech,Enterprise,2024-12-30,,7960,,0,16.5,5,10.5,2024-12
A-39ddf4,EdTech,Pro,2024-12-27,,1960,,0,16.6,5,9.4,2024-12
A-39ddf4,EdTech,Pro,2024-12-21,,1960,,0,16.8,5,9.3,2024-12
A-34ea2f,HealthTech,Enterprise,2024-09-24,,0,,0,19.7,8,10.5,2024-09
A-34ea2f,HealthTech,Enterprise,2024-09-24,,0,too expensive,0,19.7,8,10.5,2024-09
A-34ea2f,HealthTech,Enterprise,2024-10-03,2024-12-20,0,,1,2.6,8,9.4,2024-10
A-34ea2f,HealthTech,Enterprise,2024-10-03,2024-12-20,0,too expensive,1,2.6,8,9.4,2024-10
A-34ea2f,HealthTech,Basic,2024-09-05,,152,,0,20.3,8,8.2,2024-09
A-34ea2f,HealthTech,Basic,2024-09-05,,152,too expensive,0,20.3,8,8.2,2024-09
A-34ea2f,HealthTech,Pro,2024-09-10,,392,,0,20.1,8,9.3,2024-09
A-34ea2f,HealthTech,Pro,2024-09-10,,392,too expensive,0,20.1,8,9.3,2024-09
A-34ea2f,HealthTech,Basic,2024-10-28,,152,,0,18.6,8,9.0,2024-10
A-34ea2f,HealthTech,Basic,2024-10-28,,152,too expensive,0,18.6,8,9.0,2024-10
A-34ea2f,HealthTech,Pro,2024-09-07,,1127,,0,20.2,8,10.7,2024-09
A-34ea2f,HealthTech,Pro,2024-09-07,,1127,too expensive,0,20.2,8,10.7,2024-09
A-34ea2f,HealthTech,Basic,2024-11-30,,779,,0,17.5,8,11.5,2024-11
A-34ea2f,HealthTech,Basic,2024-11-30,,779,too expensive,0,17.5,8,11.5,2024-11
A-34ea2f,HealthTech,Pro,2024-11-19,,0,,0,17.8,8,10.4,2024-11
A-34ea2f,HealthTech,Pro,2024-11-19,,0,too expensive,0,17.8,8,10.4,2024-11
A-34ea2f,HealthTech,Enterprise,2024-12-25,,3184,,0,16.7,8,10.2,2024-12
A-34ea2f,HealthTech,Enterprise,2024-12-25,,3184,too expensive,0,16.7,8,10.2,2024-12
A-34ea2f,HealthTech,Enterprise,2024-11-09,2024-11-19,4179,,1,0.3,8,9.3,2024-11
A-34ea2f,HealthTech,Enterprise,2024-11-09,2024-11-19,4179,too expensive,1,0.3,8,9.3,2024-11
A-34ea2f,HealthTech,Pro,2024-10-10,,4067,,0,19.2,8,7.3,2024-10
A-34ea2f,HealthTech,Pro,2024-10-10,,4067,too expensive,0,19.2,8,7.3,2024-10
A-34ea2f,HealthTech,Basic,2024-10-21,,551,,0,18.8,8,10.6,2024-10
A-34ea2f,HealthTech,Basic,2024-10-21,,551,too expensive,0,18.8,8,10.6,2024-10
A-716841,FinTech,Basic,2024-10-15,,855,too expensive,0,19.0,5,10.0,2024-10
A-716841,FinTech,Pro,2024-05-27,,2205,too expensive,0,23.6,5,9.0,2024-05
A-716841,FinTech,Enterprise,2024-11-14,,8955,too expensive,0,18.0,5,8.0,2024-11
A-716841,FinTech,Enterprise,2024-12-13,,8955,too expensive,0,17.1,5,5.0,2024-12
A-716841,FinTech,Pro,2024-09-20,,2205,too expensive,0,19.8,5,11.3,2024-09
A-716841,FinTech,Pro,2024-09-20,,0,too expensive,0,19.8,5,12.2,2024-09
A-716841,FinTech,Basic,2024-05-13,,3059,too expensive,0,24.1,5,12.0,2024-05
A-716841,FinTech,Enterprise,2024-05-14,,0,too expensive,0,24.0,5,6.5,2024-05
A-558c72,FinTech,Basic,2024-06-25,,1463,switched to competitor,0,22.7,4,10.0,2024-06
A-558c72,FinTech,Pro,2023-06-12,,784,switched to competitor,0,35.1,4,9.7,2023-06
A-558c72,FinTech,Pro,2023-12-17,,588,switched to competitor,0,28.9,4,7.7,2023-12
A-558c72,FinTech,Enterprise,2024-03-09,,2985,switched to competitor,0,26.2,4,10.8,2024-03
A-558c72,FinTech,Enterprise,2024-01-16,2024-02-03,2388,switched to competitor,1,0.6,4,11.2,2024-01
A-558c72,FinTech,Basic,2024-03-07,,228,switched to competitor,0,26.3,4,11.0,2024-03
A-558c72,FinTech,Pro,2024-10-10,,735,switched to competitor,0,19.2,4,9.2,2024-10
A-b11cd0,DevTools,Pro,2024-02-17,,1764,,0,26.9,4,10.4,2024-02
A-b11cd0,DevTools,Basic,2023-04-01,,0,,0,37.5,4,8.8,2023-04
A-b11cd0,DevTools,Basic,2023-02-16,2024-06-22,494,,1,16.2,4,10.4,2023-02
A-b11cd0,DevTools,Basic,2023-10-10,2024-10-23,0,,1,12.5,4,7.5,2023-10
A-b11cd0,DevTools,Pro,2024-07-20,,1274,,0,21.8,4,10.1,2024-07
A-b11cd0,DevTools,Pro,2023-12-30,,1274,,0,28.5,4,11.5,2023-12
A-cc1d8d,FinTech,Enterprise,2024-12-08,,995,too expensive,0,17.2,5,10.0,2024-12
A-cc1d8d,FinTech,Enterprise,2024-12-08,,995,too expensive,0,17.2,5,10.0,2024-12
A-cc1d8d,FinTech,Basic,2024-12-16,,1596,too expensive,0,17.0,5,10.8,2024-12
A-cc1d8d,FinTech,Basic,2024-12-16,,1596,too expensive,0,17.0,5,10.8,2024-12
A-cc1d8d,FinTech,Basic,2024-12-23,,741,too expensive,0,16.7,5,10.0,2024-12
A-cc1d8d,FinTech,Basic,2024-12-23,,741,too expensive,0,16.7,5,10.0,2024-12
A-cc1d8d,FinTech,Pro,2024-12-26,,784,too expensive,0,16.6,5,9.3,2024-12
A-cc1d8d,FinTech,Pro,2024-12-26,,784,too expensive,0,16.6,5,9.3,2024-12
A-cc1d8d,FinTech,Enterprise,2024-12-30,,1194,too expensive,0,16.5,5,9.5,2024-12
A-cc1d8d,FinTech,Enterprise,2024-12-30,,1194,too expensive,0,16.5,5,9.5,2024-12
A-cc1d8d,FinTech,Pro,2024-12-13,,0,too expensive,0,17.1,5,10.6,2024-12
A-cc1d8d,FinTech,Pro,2024-12-13,,0,too expensive,0,17.1,5,10.6,2024-12
A-cc1d8d,FinTech,Enterprise,2024-12-20,,995,too expensive,0,16.8,5,9.0,2024-12
A-cc1d8d,FinTech,Enterprise,2024-12-20,,995,too expensive,0,16.8,5,9.0,2024-12
A-cc1d8d,FinTech,Pro,2024-12-10,,784,too expensive,0,17.2,5,10.4,2024-12
A-cc1d8d,FinTech,Pro,2024-12-10,,784,too expensive,0,17.2,5,10.4,2024-12
A-cc1d8d,FinTech,Basic,2024-12-17,,95,too expensive,0,16.9,5,9.6,2024-12
A-cc1d8d,FinTech,Basic,2024-12-17,,95,too expensive,0,16.9,5,9.6,2024-12
A-cc1d8d,FinTech,Enterprise,2024-12-22,,0,too expensive,0,16.8,5,8.8,2024-12
A-cc1d8d,FinTech,Enterprise,2024-12-22,,0,too expensive,0,16.8,5,8.8,2024-12
A-cc1d8d,FinTech,Basic,2024-12-14,,0,too expensive,0,17.0,5,10.8,2024-12
A-cc1d8d,FinTech,Basic,2024-12-14,,0,too expensive,0,17.0,5,10.8,2024-12
A-cc1d8d,FinTech,Enterprise,2024-12-10,,1592,too expensive,0,17.2,5,10.3,2024-12
A-cc1d8d,FinTech,Enterprise,2024-12-10,,1592,too expensive,0,17.2,5,10.3,2024-12
A-cc1d8d,FinTech,Basic,2024-12-29,,171,too expensive,0,16.5,5,8.2,2024-12
A-cc1d8d,FinTech,Basic,2024-12-29,,171,too expensive,0,16.5,5,8.2,2024-12
A-7f4db3,FinTech,Enterprise,2023-03-11,,1592,missing features,0,38.2,5,10.6,2023-03
A-7f4db3,FinTech,Basic,2023-04-05,,0,missing features,0,37.4,5,9.9,2023-04
A-7f4db3,FinTech,Enterprise,2024-09-07,,0,missing features,0,20.2,5,10.0,2024-09
A-7f4db3,FinTech,Pro,2023-07-16,,490,missing features,0,34.0,5,9.4,2023-07
A-7f4db3,FinTech,Pro,2023-03-28,2024-06-17,196,missing features,1,14.7,5,11.7,2023-03
A-7f4db3,FinTech,Pro,2024-08-14,,3871,missing features,0,21.0,5,10.3,2024-08
A-7f4db3,FinTech,Pro,2024-03-30,,784,missing features,0,25.5,5,8.3,2024-03
A-7f4db3,FinTech,Basic,2024-10-29,,0,missing features,0,18.5,5,11.3,2024-10
A-7f4db3,FinTech,Enterprise,2023-10-12,,1393,missing features,0,31.1,5,9.1,2023-10
A-7f4db3,FinTech,Enterprise,2024-11-07,2024-11-18,0,missing features,1,0.4,5,6.8,2024-11
A-7f4db3,FinTech,Pro,2023-10-31,,294,missing features,0,30.5,5,8.6,2023-10
A-7f4db3,FinTech,Enterprise,2024-12-08,2024-12-14,4776,missing features,1,0.2,5,8.5,2024-12
A-7f4db3,FinTech,Enterprise,2024-11-06,,3582,missing features,0,18.3,5,11.0,2024-11
A-7f4db3,FinTech,Pro,2023-07-24,,343,missing features,0,33.7,5,8.5,2023-07
A-7f4db3,FinTech,Enterprise,2024-06-29,,8955,missing features,0,22.5,5,5.7,2024-06
A-db5e9e,DevTools,Pro,2024-12-28,,588,missing features,0,16.6,2,10.8,2024-12
A-db5e9e,DevTools,Enterprise,2024-12-16,,3184,missing features,0,17.0,2,10.0,2024-12
A-db5e9e,DevTools,Enterprise,2024-12-28,2024-12-28,3383,missing features,1,0.0,2,9.9,2024-12
A-db5e9e,DevTools,Basic,2024-11-15,,798,missing features,0,18.0,2,9.4,2024-11
A-db5e9e,DevTools,Pro,2024-12-05,,1127,missing features,0,17.3,2,9.0,2024-12
A-db5e9e,DevTools,Basic,2024-11-12,,171,missing features,0,18.1,2,13.2,2024-11
A-db5e9e,DevTools,Pro,2024-12-09,,0,missing features,0,17.2,2,10.3,2024-12
A-db5e9e,DevTools,Pro,2024-12-22,,0,missing features,0,16.8,2,9.9,2024-12
A-cc102e,HealthTech,Basic,2024-12-23,,247,switched to competitor,0,16.7,4,8.4,2024-12
A-cc102e,HealthTech,Basic,2024-12-23,,247,switched to competitor,0,16.7,4,8.4,2024-12
A-cc102e,HealthTech,Basic,2024-12-23,,247,too expensive,0,16.7,4,8.4,2024-12
A-cc102e,HealthTech,Basic,2024-05-06,,247,switched to competitor,0,24.3,4,9.3,2024-05
A-cc102e,HealthTech,Basic,2024-05-06,,247,switched to competitor,0,24.3,4,9.3,2024-05
A-cc102e,HealthTech,Basic,2024-05-06,,247,too expensive,0,24.3,4,9.3,2024-05
A-cc102e,HealthTech,Pro,2024-12-11,,0,switched to competitor,0,17.1,4,13.5,2024-12
A-cc102e,HealthTech,Pro,2024-12-11,,0,switched to competitor,0,17.1,4,13.5,2024-12
A-cc102e,HealthTech,Pro,2024-12-11,,0,too expensive,0,17.1,4,13.5,2024-12
A-cc102e,HealthTech,Basic,2024-11-04,,418,switched to competitor,0,18.3,4,12.0,2024-11
A-cc102e,HealthTech,Basic,2024-11-04,,418,switched to competitor,0,18.3,4,12.0,2024-11
A-cc102e,HealthTech,Basic,2024-11-04,,418,too expensive,0,18.3,4,12.0,2024-11
A-cc102e,HealthTech,Basic,2024-05-30,,247,switched to competitor,0,23.5,4,8.0,2024-05
A-cc102e,HealthTech,Basic,2024-05-30,,247,switched to competitor,0,23.5,4,8.0,2024-05
A-cc102e,HealthTech,Basic,2024-05-30,,247,too expensive,0,23.5,4,8.0,2024-05
A-cc102e,HealthTech,Pro,2024-09-06,,637,switched to competitor,0,20.3,4,7.0,2024-09
A-cc102e,HealthTech,Pro,2024-09-06,,637,switched to competitor,0,20.3,4,7.0,2024-09
A-cc102e,HealthTech,Pro,2024-09-06,,637,too expensive,0,20.3,4,7.0,2024-09
A-cc102e,HealthTech,Enterprise,2024-09-23,,2587,switched to competitor,0,19.7,4,7.5,2024-09
A-cc102e,HealthTech,Enterprise,2024-09-23,,2587,switched to competitor,0,19.7,4,7.5,2024-09
A-cc102e,HealthTech,Enterprise,2024-09-23,,2587,too expensive,0,19.7,4,7.5,2024-09
A-cc102e,HealthTech,Pro,2024-11-06,,637,switched to competitor,0,18.3,4,8.6,2024-11
A-cc102e,HealthTech,Pro,2024-11-06,,637,switched to competitor,0,18.3,4,8.6,2024-11
A-cc102e,HealthTech,Pro,2024-11-06,,637,too expensive,0,18.3,4,8.6,2024-11
A-cc102e,HealthTech,Enterprise,2024-11-19,,2985,switched to competitor,0,17.8,4,10.5,2024-11
A-cc102e,HealthTech,Enterprise,2024-11-19,,2985,switched to competitor,0,17.8,4,10.5,2024-11
A-cc102e,HealthTech,Enterprise,2024-11-19,,2985,too expensive,0,17.8,4,10.5,2024-11
A-cc102e,HealthTech,Pro,2024-05-09,2024-09-27,2058,switched to competitor,1,4.6,4,7.8,2024-05
A-cc102e,HealthTech,Pro,2024-05-09,2024-09-27,2058,switched to competitor,1,4.6,4,7.8,2024-05
A-cc102e,HealthTech,Pro,2024-05-09,2024-09-27,2058,too expensive,1,4.6,4,7.8,2024-05
A-82d8a6,Cybersecurity,Enterprise,2024-12-14,2024-12-29,0,switched to competitor,1,0.5,5,11.0,2024-12
A-82d8a6,Cybersecurity,Pro,2024-12-11,,784,switched to competitor,0,17.1,5,10.6,2024-12
A-82d8a6,Cybersecurity,Enterprise,2024-12-13,,5373,switched to competitor,0,17.1,5,9.5,2024-12
A-82d8a6,Cybersecurity,Pro,2024-12-29,,245,switched to competitor,0,16.5,5,9.1,2024-12
A-82d8a6,Cybersecurity,Enterprise,2024-12-22,,0,switched to competitor,0,16.8,5,8.0,2024-12
A-82d8a6,Cybersecurity,Basic,2024-12-28,,570,switched to competitor,0,16.6,5,10.0,2024-12
A-82d8a6,Cybersecurity,Basic,2024-12-16,,684,switched to competitor,0,17.0,5,8.5,2024-12
A-82d8a6,Cybersecurity,Pro,2024-12-12,,1813,switched to competitor,0,17.1,5,9.2,2024-12
A-82d8a6,Cybersecurity,Enterprise,2024-12-22,2024-12-24,0,switched to competitor,1,0.1,5,7.7,2024-12
A-82d8a6,Cybersecurity,Pro,2024-12-31,2024-12-31,245,switched to competitor,1,0.0,5,8.7,2024-12
A-82d8a6,Cybersecurity,Basic,2024-12-18,,342,switched to competitor,0,16.9,5,10.3,2024-12
A-82d8a6,Cybersecurity,Pro,2024-12-27,,1617,switched to competitor,0,16.6,5,10.0,2024-12
A-82d8a6,Cybersecurity,Pro,2024-12-29,,0,switched to competitor,0,16.5,5,11.7,2024-12
A-82d8a6,Cybersecurity,Enterprise,2024-12-03,,13532,switched to competitor,0,17.4,5,10.0,2024-12
A-82d8a6,Cybersecurity,Pro,2024-12-13,,2058,switched to competitor,0,17.1,5,8.0,2024-12
A-82d8a6,Cybersecurity,Basic,2024-12-22,,608,switched to competitor,0,16.8,5,10.0,2024-12
A-82d8a6,Cybersecurity,Basic,2024-12-17,2024-12-22,95,switched to competitor,1,0.2,5,11.0,2024-12
A-dec005,HealthTech,Basic,2024-11-10,,399,missing features,0,18.1,2,11.4,2024-11
A-dec005,HealthTech,Enterprise,2024-11-15,2024-12-03,10746,missing features,1,0.6,2,7.5,2024-11
A-dec005,HealthTech,Enterprise,2024-03-03,,4179,missing features,0,26.4,2,8.5,2024-03
A-dec005,HealthTech,Basic,2023-10-17,,0,missing features,0,30.9,2,9.7,2023-10
A-dec005,HealthTech,Pro,2024-03-31,,0,missing features,0,25.5,2,11.0,2024-03
A-dec005,HealthTech,Enterprise,2024-09-17,,4179,missing features,0,19.9,2,11.4,2024-09
A-dec005,HealthTech,Basic,2024-08-24,,494,missing features,0,20.7,2,7.7,2024-08
A-dec005,HealthTech,Enterprise,2024-08-28,,4179,missing features,0,20.6,2,9.3,2024-08
A-dec005,HealthTech,Basic,2024-09-22,,399,missing features,0,19.7,2,7.0,2024-09
A-dec005,HealthTech,Enterprise,2023-12-22,,6169,missing features,0,28.8,2,11.5,2023-12
A-5790f4,FinTech,Pro,2024-12-23,,588,switched to competitor,0,16.7,4,7.6,2024-12
A-5790f4,FinTech,Pro,2024-12-23,,588,too expensive,0,16.7,4,7.6,2024-12
A-5790f4,FinTech,Pro,2024-12-23,,588,too expensive,0,16.7,4,7.6,2024-12
A-5790f4,FinTech,Enterprise,2024-12-26,2024-12-29,1592,switched to competitor,1,0.1,4,10.0,2024-12
A-5790f4,FinTech,Enterprise,2024-12-26,2024-12-29,1592,too expensive,1,0.1,4,10.0,2024-12
A-5790f4,FinTech,Enterprise,2024-12-26,2024-12-29,1592,too expensive,1,0.1,4,10.0,2024-12
A-5790f4,FinTech,Enterprise,2024-12-24,,3582,switched to competitor,0,16.7,4,10.1,2024-12
A-5790f4,FinTech,Enterprise,2024-12-24,,3582,too expensive,0,16.7,4,10.1,2024-12
A-5790f4,FinTech,Enterprise,2024-12-24,,3582,too expensive,0,16.7,4,10.1,2024-12
A-5790f4,FinTech,Enterprise,2024-12-25,,12537,switched to competitor,0,16.7,4,7.3,2024-12
A-5790f4,FinTech,Enterprise,2024-12-25,,12537,too expensive,0,16.7,4,7.3,2024-12
A-5790f4,FinTech,Enterprise,2024-12-25,,12537,too expensive,0,16.7,4,7.3,2024-12
A-5790f4,FinTech,Pro,2024-12-22,,0,switched to competitor,0,16.8,4,10.3,2024-12
A-5790f4,FinTech,Pro,2024-12-22,,0,too expensive,0,16.8,4,10.3,2024-12
A-5790f4,FinTech,Pro,2024-12-22,,0,too expensive,0,16.8,4,10.3,2024-12
A-5790f4,FinTech,Basic,2024-12-26,,627,switched to competitor,0,16.6,4,9.3,2024-12
A-5790f4,FinTech,Basic,2024-12-26,,627,too expensive,0,16.6,4,9.3,2024-12
A-5790f4,FinTech,Basic,2024-12-26,,627,too expensive,0,16.6,4,9.3,2024-12
A-7c83a1,Cybersecurity,Enterprise,2024-05-24,,2388,,0,23.7,4,10.1,2024-05
A-7c83a1,Cybersecurity,Basic,2024-11-24,,228,,0,17.7,4,11.3,2024-11
A-7c83a1,Cybersecurity,Pro,2024-05-16,2024-07-29,588,,1,2.4,4,7.5,2024-05
A-7c83a1,Cybersecurity,Pro,2024-09-27,,588,,0,19.6,4,9.6,2024-09
A-7c83a1,Cybersecurity,Pro,2024-12-30,,1176,,0,16.5,4,9.5,2024-12
A-7c83a1,Cybersecurity,Enterprise,2024-07-18,,3781,,0,21.9,4,10.2,2024-07
A-7c83a1,Cybersecurity,Enterprise,2024-06-27,2024-12-04,5174,,1,5.3,4,9.5,2024-06
A-7c83a1,Cybersecurity,Enterprise,2024-09-20,,0,,0,19.8,4,11.0,2024-09
A-7c83a1,Cybersecurity,Pro,2024-05-14,,2352,,0,24.0,4,16.5,2024-05
A-7c83a1,Cybersecurity,Basic,2024-07-29,,228,,0,21.6,4,10.0,2024-07
A-7c83a1,Cybersecurity,Basic,2024-11-10,2024-11-26,228,,1,0.5,4,9.0,2024-11
A-7c83a1,Cybersecurity,Pro,2024-11-02,,0,,0,18.4,4,9.4,2024-11
A-297a2d,HealthTech,Basic,2023-08-15,,0,,0,33.0,2,9.8,2023-08
A-297a2d,HealthTech,Enterprise,2024-11-05,,5373,,0,18.3,2,10.5,2024-11
A-297a2d,HealthTech,Pro,2024-03-04,,1323,,0,26.4,2,8.0,2024-03
A-297a2d,HealthTech,Enterprise,2023-08-30,,7164,,0,32.5,2,10.0,2023-08
A-297a2d,HealthTech,Basic,2024-08-29,,513,,0,20.5,2,11.3,2024-08
A-4c56c9,FinTech,Basic,2024-07-28,,0,missing features,0,21.6,5,9.0,2024-07
A-4c56c9,FinTech,Basic,2024-12-29,,342,missing features,0,16.5,5,8.3,2024-12
A-4c56c9,FinTech,Enterprise,2024-08-27,2024-11-03,9751,missing features,1,2.2,5,11.5,2024-08
A-4c56c9,FinTech,Enterprise,2024-11-29,2024-12-03,3582,missing features,1,0.1,5,11.2,2024-11
A-4c56c9,FinTech,Enterprise,2024-09-03,,5373,missing features,0,20.4,5,8.8,2024-09
A-4c56c9,FinTech,Basic,2024-05-21,,171,missing features,0,23.8,5,9.4,2024-05
A-4c56c9,FinTech,Enterprise,2024-12-22,,4776,missing features,0,16.8,5,10.0,2024-12
A-4c56c9,FinTech,Basic,2024-12-24,,988,missing features,0,16.7,5,8.6,2024-12
A-4c56c9,FinTech,Basic,2024-11-14,,0,missing features,0,18.0,5,9.7,2024-11
A-4c56c9,FinTech,Enterprise,2024-09-17,,1791,missing features,0,19.9,5,8.4,2024-09
A-4c56c9,FinTech,Enterprise,2024-05-13,,2587,missing features,0,24.1,5,9.3,2024-05
A-4c56c9,FinTech,Basic,2024-07-23,,228,missing features,0,21.7,5,10.6,2024-07
A-4c56c9,FinTech,Pro,2024-07-17,2024-10-23,882,missing features,1,3.2,5,11.2,2024-07
A-cbbe12,Cybersecurity,Pro,2023-07-21,2024-10-23,0,,1,15.1,6,8.2,2023-07
A-cbbe12,Cybersecurity,Pro,2023-12-05,,0,,0,29.3,6,9.0,2023-12
A-cbbe12,Cybersecurity,Pro,2024-06-08,,2401,,0,23.2,6,6.0,2024-06
A-cbbe12,Cybersecurity,Enterprise,2024-12-16,,7960,,0,17.0,6,12.3,2024-12
A-cbbe12,Cybersecurity,Basic,2024-05-11,2024-07-20,760,,1,2.3,6,6.0,2024-05
A-cbbe12,Cybersecurity,Pro,2023-08-09,,1960,,0,33.2,6,5.7,2023-08
A-4a267b,FinTech,Pro,2024-09-22,,1225,missing features,0,19.7,4,10.0,2024-09
A-4a267b,FinTech,Enterprise,2024-05-09,,5771,missing features,0,24.2,4,9.8,2024-05
A-4a267b,FinTech,Pro,2024-10-18,,1225,missing features,0,18.9,4,9.5,2024-10
A-4a267b,FinTech,Enterprise,2024-09-15,2024-12-24,4975,missing features,1,3.3,4,10.8,2024-09
A-4a267b,FinTech,Pro,2024-08-09,,1225,missing features,0,21.2,4,11.0,2024-08
A-4a267b,FinTech,Pro,2024-11-06,,0,missing features,0,18.3,4,9.0,2024-11
A-4a267b,FinTech,Basic,2024-06-17,,475,missing features,0,22.9,4,10.3,2024-06
A-4a267b,FinTech,Basic,2024-08-29,,0,missing features,0,20.5,4,9.3,2024-08
A-4a267b,FinTech,Enterprise,2024-10-12,,12537,missing features,0,19.1,4,8.2,2024-10
A-4a267b,FinTech,Pro,2024-09-22,2024-09-29,2254,missing features,1,0.2,4,11.2,2024-09
A-bcbe98,Cybersecurity,Pro,2024-11-18,,2254,missing features,0,17.9,7,12.0,2024-11
A-bcbe98,Cybersecurity,Basic,2024-07-29,,874,missing features,0,21.6,7,8.5,2024-07
A-bcbe98,Cybersecurity,Basic,2024-12-06,,874,missing features,0,17.3,7,7.2,2024-12
A-bcbe98,Cybersecurity,Enterprise,2024-10-24,,9154,missing features,0,18.7,7,9.5,2024-10
A-bcbe98,Cybersecurity,Pro,2024-11-20,,2254,missing features,0,17.8,7,7.8,2024-11
A-bcbe98,Cybersecurity,Pro,2024-08-09,,2254,missing features,0,21.2,7,11.3,2024-08
A-bcbe98,Cybersecurity,Basic,2024-09-18,,0,missing features,0,19.9,7,12.3,2024-09
A-bcbe98,Cybersecurity,Basic,2024-08-09,,874,missing features,0,21.2,7,10.3,2024-08
A-bcbe98,Cybersecurity,Enterprise,2024-09-22,,0,missing features,0,19.7,7,10.2,2024-09
A-bcbe98,Cybersecurity,Pro,2024-09-09,,2254,missing features,0,20.2,7,8.7,2024-09
A-bcbe98,Cybersecurity,Basic,2024-12-30,,874,missing features,0,16.5,7,10.6,2024-12
A-427b69,FinTech,Pro,2024-11-30,,833,,0,17.5,2,11.5,2024-11
A-427b69,FinTech,Pro,2024-09-07,,882,,0,20.2,2,11.0,2024-09
A-427b69,FinTech,Pro,2024-09-27,,0,,0,19.6,2,10.7,2024-09
A-427b69,FinTech,Enterprise,2024-12-08,,3383,,0,17.2,2,8.5,2024-12
A-427b69,FinTech,Basic,2024-12-16,,323,,0,17.0,2,9.4,2024-12
A-427b69,FinTech,Enterprise,2024-11-06,,6766,,0,18.3,2,8.0,2024-11
A-427b69,FinTech,Enterprise,2024-09-15,,5174,,0,20.0,2,8.7,2024-09
A-427b69,FinTech,Pro,2024-10-24,,833,,0,18.7,2,10.4,2024-10
A-427b69,FinTech,Pro,2024-11-28,2024-12-09,1764,,1,0.4,2,9.2,2024-11
A-427b69,FinTech,Pro,2024-12-09,,0,,0,17.2,2,9.2,2024-12
A-0be015,FinTech,Basic,2024-10-21,,361,too expensive,0,18.8,7,10.5,2024-10
A-0be015,FinTech,Pro,2024-12-24,,0,too expensive,0,16.7,7,10.6,2024-12
A-0be015,FinTech,Basic,2024-12-31,,0,too expensive,0,16.5,7,14.7,2024-12
A-0be015,FinTech,Basic,2024-11-03,2024-11-12,361,too expensive,1,0.3,7,8.7,2024-11
A-0be015,FinTech,Basic,2024-11-19,,456,too expensive,0,17.8,7,9.9,2024-11
A-054577,EdTech,Enterprise,2024-09-05,,14925,,0,20.3,1,11.3,2024-09
A-054577,EdTech,Basic,2024-11-22,,475,,0,17.7,1,9.4,2024-11
A-054577,EdTech,Pro,2024-05-03,,980,,0,24.4,1,15.0,2024-05
A-054577,EdTech,Basic,2024-06-15,,646,,0,23.0,1,9.4,2024-06
A-054577,EdTech,Basic,2024-08-26,,1710,,0,20.6,1,11.0,2024-08
A-054577,EdTech,Basic,2024-10-22,2024-12-05,456,,1,1.4,1,9.0,2024-10
A-054577,EdTech,Enterprise,2024-12-01,,2786,,0,17.4,1,11.0,2024-12
A-054577,EdTech,Enterprise,2024-12-09,,16915,,0,17.2,1,9.0,2024-12
A-054577,EdTech,Basic,2024-08-27,,456,,0,20.6,1,8.7,2024-08
A-054577,EdTech,Pro,2024-12-09,,392,,0,17.2,1,11.1,2024-12
A-054577,EdTech,Pro,2024-05-08,,1421,,0,24.2,1,9.0,2024-05
A-054577,EdTech,Pro,2024-05-18,,343,,0,23.9,1,8.0,2024-05
A-054577,EdTech,Pro,2024-08-06,,784,,0,21.3,1,8.8,2024-08
A-054577,EdTech,Pro,2024-12-01,,0,,0,17.4,1,9.5,2024-12
A-054577,EdTech,Pro,2024-06-29,,1715,,0,22.5,1,8.3,2024-06
A-054577,EdTech,Enterprise,2024-07-17,,597,,0,21.9,1,11.3,2024-07
A-bc87bc,FinTech,Pro,2024-12-01,2024-12-15,0,,1,0.5,7,10.8,2024-12
A-bc87bc,FinTech,Enterprise,2024-11-26,,6169,,0,17.6,7,9.5,2024-11
A-bc87bc,FinTech,Pro,2024-12-07,,147,,0,17.2,7,11.7,2024-12
A-bc87bc,FinTech,Basic,2024-12-09,,247,,0,17.2,7,9.4,2024-12
A-bc87bc,FinTech,Enterprise,2024-11-07,,597,,0,18.2,7,11.9,2024-11
A-bc87bc,FinTech,Basic,2024-12-15,,152,,0,17.0,7,11.5,2024-12
A-bc87bc,FinTech,Enterprise,2024-11-06,,4378,,0,18.3,7,9.7,2024-11
A-bc87bc,FinTech,Basic,2024-09-11,2024-11-10,342,,1,2.0,7,11.0,2024-09
A-0f7d77,FinTech,Basic,2024-12-01,2024-12-31,0,missing features,1,1.0,5,9.2,2024-12
A-0f7d77,FinTech,Enterprise,2024-12-21,,1393,missing features,0,16.8,5,10.0,2024-12
A-0f7d77,FinTech,Basic,2024-12-31,,133,missing features,0,16.5,5,10.0,2024-12
A-0f7d77,FinTech,Pro,2024-12-08,,147,missing features,0,17.2,5,10.4,2024-12
A-0f7d77,FinTech,Basic,2024-11-11,,114,missing features,0,18.1,5,8.6,2024-11
A-0f7d77,FinTech,Pro,2024-11-30,,539,missing features,0,17.5,5,11.4,2024-11
A-e7beab,EdTech,Enterprise,2024-03-16,2024-05-30,995,missing features,1,2.5,6,9.0,2024-03
A-e7beab,EdTech,Enterprise,2023-10-23,2024-08-21,4179,missing features,1,10.0,6,11.2,2023-10
A-e7beab,EdTech,Pro,2024-12-08,,931,missing features,0,17.2,6,11.0,2024-12
A-e7beab,EdTech,Enterprise,2023-12-15,,2189,missing features,0,29.0,6,10.3,2023-12
A-e7beab,EdTech,Pro,2024-12-23,2024-12-29,245,missing features,1,0.2,6,11.8,2024-12
A-e7beab,EdTech,Pro,2024-07-24,,2793,missing features,0,21.7,6,10.5,2024-07
A-e7beab,EdTech,Enterprise,2024-01-05,,0,missing features,0,28.3,6,8.6,2024-01
A-a09355,FinTech,Enterprise,2024-12-05,,2786,,0,17.3,5,11.0,2024-12
A-a09355,FinTech,Enterprise,2024-12-05,,2786,,0,17.3,5,11.0,2024-12
A-a09355,FinTech,Enterprise,2024-11-11,,3383,,0,18.1,5,9.5,2024-11
A-a09355,FinTech,Enterprise,2024-11-11,,3383,,0,18.1,5,9.5,2024-11
A-a09355,FinTech,Enterprise,2024-10-17,,2786,,0,18.9,5,9.0,2024-10
A-a09355,FinTech,Enterprise,2024-10-17,,2786,,0,18.9,5,9.0,2024-10
A-a09355,FinTech,Pro,2024-10-19,,686,,0,18.9,5,11.0,2024-10
A-a09355,FinTech,Pro,2024-10-19,,686,,0,18.9,5,11.0,2024-10
A-a09355,FinTech,Pro,2024-12-29,,686,,0,16.5,5,11.8,2024-12
A-a09355,FinTech,Pro,2024-12-29,,686,,0,16.5,5,11.8,2024-12
A-a09355,FinTech,Basic,2024-11-14,,266,,0,18.0,5,9.8,2024-11
A-a09355,FinTech,Basic,2024-11-14,,266,,0,18.0,5,9.8,2024-11
A-a09355,FinTech,Pro,2024-11-05,,686,,0,18.3,5,10.3,2024-11
A-a09355,FinTech,Pro,2024-11-05,,686,,0,18.3,5,10.3,2024-11
A-a09355,FinTech,Enterprise,2024-09-02,,5970,,0,20.4,5,10.5,2024-09
A-a09355,FinTech,Enterprise,2024-09-02,,5970,,0,20.4,5,10.5,2024-09
A-a09355,FinTech,Pro,2024-09-24,,735,,0,19.7,5,11.3,2024-09
A-a09355,FinTech,Pro,2024-09-24,,735,,0,19.7,5,11.3,2024-09
A-a09355,FinTech,Basic,2024-08-22,,266,,0,20.8,5,9.0,2024-08
A-a09355,FinTech,Basic,2024-08-22,,266,,0,20.8,5,9.0,2024-08
A-a09355,FinTech,Enterprise,2024-10-27,,0,,0,18.6,5,10.6,2024-10
A-a09355,FinTech,Enterprise,2024-10-27,,0,,0,18.6,5,10.6,2024-10
A-a09355,FinTech,Pro,2024-11-18,2024-11-24,686,,1,0.2,5,8.7,2024-11
A-a09355,FinTech,Pro,2024-11-18,2024-11-24,686,,1,0.2,5,8.7,2024-11
A-a09355,FinTech,Enterprise,2024-10-21,,2786,,0,18.8,5,11.4,2024-10
A-a09355,FinTech,Enterprise,2024-10-21,,2786,,0,18.8,5,11.4,2024-10
A-a09355,FinTech,Enterprise,2024-11-28,,4577,,0,17.5,5,9.1,2024-11
A-a09355,FinTech,Enterprise,2024-11-28,,4577,,0,17.5,5,9.1,2024-11
A-a09355,FinTech,Enterprise,2024-11-04,,6567,,0,18.3,5,8.0,2024-11
A-a09355,FinTech,Enterprise,2024-11-04,,6567,,0,18.3,5,8.0,2024-11
A-a09355,FinTech,Pro,2024-12-09,,1274,,0,17.2,5,11.6,2024-12
A-a09355,FinTech,Pro,2024-12-09,,1274,,0,17.2,5,11.6,2024-12
A-31ab9a,FinTech,Enterprise,2024-10-26,,2786,switched to competitor,0,18.6,7,9.0,2024-10
A-31ab9a,FinTech,Enterprise,2024-10-26,,2786,too expensive,0,18.6,7,9.0,2024-10
A-31ab9a,FinTech,Enterprise,2024-12-10,,2786,switched to competitor,0,17.2,7,10.6,2024-12
A-31ab9a,FinTech,Enterprise,2024-12-10,,2786,too expensive,0,17.2,7,10.6,2024-12
A-31ab9a,FinTech,Enterprise,2024-12-06,,5771,switched to competitor,0,17.3,7,12.0,2024-12
A-31ab9a,FinTech,Enterprise,2024-12-06,,5771,too expensive,0,17.3,7,12.0,2024-12
A-31ab9a,FinTech,Basic,2024-03-23,,285,switched to competitor,0,25.8,7,9.0,2024-03
A-31ab9a,FinTech,Basic,2024-03-23,,285,too expensive,0,25.8,7,9.0,2024-03
A-31ab9a,FinTech,Pro,2024-04-23,,3577,switched to competitor,0,24.7,7,9.0,2024-04
A-31ab9a,FinTech,Pro,2024-04-23,,3577,too expensive,0,24.7,7,9.0,2024-04
A-31ab9a,FinTech,Pro,2024-08-29,,0,switched to competitor,0,20.5,7,9.9,2024-08
A-31ab9a,FinTech,Pro,2024-08-29,,0,too expensive,0,20.5,7,9.9,2024-08
A-31ab9a,FinTech,Enterprise,2024-04-01,,597,switched to competitor,0,25.5,7,9.7,2024-04
A-31ab9a,FinTech,Enterprise,2024-04-01,,597,too expensive,0,25.5,7,9.7,2024-04
A-0158bb,FinTech,Enterprise,2024-10-23,,0,,0,18.7,1,11.0,2024-10
A-0158bb,FinTech,Basic,2024-06-28,,665,,0,22.6,1,9.9,2024-06
A-0158bb,FinTech,Basic,2024-06-29,,171,,0,22.5,1,10.2,2024-06
A-0158bb,FinTech,Basic,2024-05-30,,0,,0,23.5,1,9.5,2024-05
A-0158bb,FinTech,Pro,2024-12-10,,1029,,0,17.2,1,6.5,2024-12
A-0158bb,FinTech,Pro,2024-12-31,,2205,,0,16.5,1,10.8,2024-12
A-f19b24,Cybersecurity,Basic,2024-12-01,,551,,0,17.4,2,10.5,2024-12
A-f19b24,Cybersecurity,Basic,2024-08-20,,551,,0,20.8,2,10.5,2024-08
A-f19b24,Cybersecurity,Pro,2024-03-17,,1421,,0,26.0,2,8.8,2024-03
A-798a3f,DevTools,Enterprise,2024-02-24,2024-11-10,0,,1,8.5,5,12.2,2024-02
A-798a3f,DevTools,Basic,2024-03-24,,798,,0,25.7,5,9.5,2024-03
A-798a3f,DevTools,Enterprise,2024-10-11,,2587,,0,19.1,5,9.7,2024-10
A-798a3f,DevTools,Enterprise,2024-08-14,,5174,,0,21.0,5,8.8,2024-08
A-798a3f,DevTools,Enterprise,2023-12-25,,2388,,0,28.7,5,7.5,2023-12
A-798a3f,DevTools,Basic,2023-12-26,2024-04-24,589,,1,3.9,5,9.5,2023-12
A-798a3f,DevTools,Enterprise,2024-05-06,,2388,,0,24.3,5,10.0,2024-05
A-798a3f,DevTools,Enterprise,2024-09-11,,0,,0,20.1,5,8.7,2024-09
A-798a3f,DevTools,Basic,2024-07-01,,228,,0,22.5,5,9.6,2024-07
A-42b791,FinTech,Basic,2024-12-30,,380,,0,16.5,3,8.5,2024-12
A-42b791,FinTech,Basic,2024-10-25,2024-11-25,513,,1,1.0,3,8.3,2024-10
A-42b791,FinTech,Pro,2024-11-07,,1078,,0,18.2,3,9.0,2024-11
A-42b791,FinTech,Enterprise,2024-10-08,,14925,,0,19.2,3,9.1,2024-10
A-42b791,FinTech,Pro,2024-12-11,,686,,0,17.1,3,11.3,2024-12
A-42b791,FinTech,Basic,2024-11-06,,57,,0,18.3,3,14.0,2024-11
A-42b791,FinTech,Pro,2024-06-11,,1421,,0,23.1,3,10.2,2024-06
A-068fc6,EdTech,Enterprise,2024-07-13,,6965,,0,22.1,5,9.0,2024-07
A-068fc6,EdTech,Pro,2024-01-02,,0,,0,28.4,5,10.3,2024-01
A-068fc6,EdTech,Pro,2024-12-03,,1715,,0,17.4,5,9.8,2024-12
A-068fc6,EdTech,Pro,2024-07-20,,1715,,0,21.8,5,9.0,2024-07
A-068fc6,EdTech,Enterprise,2024-12-16,2024-12-25,6965,,1,0.3,5,12.3,2024-12
A-068fc6,EdTech,Enterprise,2024-04-13,,6965,,0,25.1,5,11.5,2024-04
A-068fc6,EdTech,Basic,2024-10-14,,665,,0,19.0,5,11.2,2024-10
A-068fc6,EdTech,Pro,2023-10-28,,1715,,0,30.6,5,10.8,2023-10
A-068fc6,EdTech,Pro,2024-07-06,,1715,,0,22.3,5,9.5,2024-07
A-068fc6,EdTech,Basic,2024-03-17,,665,,0,26.0,5,7.0,2024-03
A-6f50ae,FinTech,Basic,2024-01-08,,361,,0,28.2,5,10.8,2024-01
A-6f50ae,FinTech,Basic,2024-01-08,,361,missing features,0,28.2,5,10.8,2024-01
A-6f50ae,FinTech,Enterprise,2024-11-19,,3781,,0,17.8,5,9.0,2024-11
A-6f50ae,FinTech,Enterprise,2024-11-19,,3781,missing features,0,17.8,5,9.0,2024-11
A-6f50ae,FinTech,Basic,2023-11-11,,361,,0,30.1,5,11.3,2023-11
A-6f50ae,FinTech,Basic,2023-11-11,,361,missing features,0,30.1,5,11.3,2023-11
A-6f50ae,FinTech,Pro,2024-09-02,,931,,0,20.4,5,8.9,2024-09
A-6f50ae,FinTech,Pro,2024-09-02,,931,missing features,0,20.4,5,8.9,2024-09
A-6f50ae,FinTech,Pro,2024-05-14,,931,,0,24.0,5,9.1,2024-05
A-6f50ae,FinTech,Pro,2024-05-14,,931,missing features,0,24.0,5,9.1,2024-05
A-6f50ae,FinTech,Basic,2024-03-24,,361,,0,25.7,5,11.4,2024-03
A-6f50ae,FinTech,Basic,2024-03-24,,361,missing features,0,25.7,5,11.4,2024-03
A-6f50ae,FinTech,Enterprise,2024-12-31,,3781,,0,16.5,5,9.0,2024-12
A-6f50ae,FinTech,Enterprise,2024-12-31,,3781,missing features,0,16.5,5,9.0,2024-12
A-6f50ae,FinTech,Basic,2024-05-01,,361,,0,24.5,5,6.5,2024-05
A-6f50ae,FinTech,Basic,2024-05-01,,361,missing features,0,24.5,5,6.5,2024-05
A-6f50ae,FinTech,Pro,2024-07-19,,1078,,0,21.9,5,8.8,2024-07
A-6f50ae,FinTech,Pro,2024-07-19,,1078,missing features,0,21.9,5,8.8,2024-07
A-6f50ae,FinTech,Enterprise,2024-01-05,,3781,,0,28.3,5,9.0,2024-01
A-6f50ae,FinTech,Enterprise,2024-01-05,,3781,missing features,0,28.3,5,9.0,2024-01
A-6f50ae,FinTech,Pro,2024-04-05,,0,,0,25.3,5,9.4,2024-04
A-6f50ae,FinTech,Pro,2024-04-05,,0,missing features,0,25.3,5,9.4,2024-04
A-6f50ae,FinTech,Enterprise,2023-11-27,,0,,0,29.6,5,10.8,2023-11
A-6f50ae,FinTech,Enterprise,2023-11-27,,0,missing features,0,29.6,5,10.8,2023-11
A-6f50ae,FinTech,Pro,2024-07-13,,931,,0,22.1,5,10.0,2024-07
A-6f50ae,FinTech,Pro,2024-07-13,,931,missing features,0,22.1,5,10.0,2024-07
A-6f50ae,FinTech,Enterprise,2024-06-16,,9950,,0,23.0,5,11.8,2024-06
A-6f50ae,FinTech,Enterprise,2024-06-16,,9950,missing features,0,23.0,5,11.8,2024-06
A-a2485e,FinTech,Enterprise,2024-08-11,,597,,0,21.1,0,12.0,2024-08
A-a2485e,FinTech,Pro,2024-08-08,,441,,0,21.2,0,13.0,2024-08
A-a2485e,FinTech,Enterprise,2024-12-05,,3383,,0,17.3,0,10.0,2024-12
A-a2485e,FinTech,Pro,2024-11-05,,490,,0,18.3,0,9.5,2024-11
A-a2485e,FinTech,Pro,2024-08-17,,3332,,0,20.9,0,10.3,2024-08
A-a2485e,FinTech,Basic,2024-11-16,,532,,0,17.9,0,12.0,2024-11
A-bb1eaa,Cybersecurity,Pro,2024-12-12,,1225,too expensive,0,17.1,6,8.2,2024-12
A-bb1eaa,Cybersecurity,Enterprise,2024-09-11,,4179,too expensive,0,20.1,6,7.5,2024-09
A-bb1eaa,Cybersecurity,Enterprise,2024-06-30,,4179,too expensive,0,22.5,6,9.0,2024-06
A-bb1eaa,Cybersecurity,Basic,2024-07-14,,399,too expensive,0,22.0,6,13.0,2024-07
A-bb1eaa,Cybersecurity,Basic,2024-07-28,,399,too expensive,0,21.6,6,11.0,2024-07
A-cc98bc,DevTools,Pro,2023-06-27,,2793,,0,34.6,3,12.3,2023-06
A-cc98bc,DevTools,Pro,2024-05-26,,2646,,0,23.7,3,11.5,2024-05
A-cc98bc,DevTools,Enterprise,2023-05-27,,6368,,0,35.6,3,11.2,2023-05
A-cc98bc,DevTools,Basic,2024-09-20,,0,,0,19.8,3,10.0,2024-09
A-cc98bc,DevTools,Pro,2024-07-03,2024-08-23,1568,,1,1.7,3,10.0,2024-07
A-cc98bc,DevTools,Basic,2023-12-31,,608,,0,28.5,3,7.0,2023-12
A-cc98bc,DevTools,Enterprise,2023-07-09,,6368,,0,34.2,3,12.7,2023-07
A-cc98bc,DevTools,Basic,2023-12-25,,608,,0,28.7,3,9.5,2023-12
A-cc98bc,DevTools,Basic,2023-10-24,,608,,0,30.7,3,10.3,2023-10
A-cc98bc,DevTools,Enterprise,2023-06-05,,0,,0,35.4,3,10.0,2023-06
A-d77f4c,DevTools,Basic,2023-11-10,,0,,0,30.2,2,9.0,2023-11
A-d77f4c,DevTools,Basic,2023-11-10,,0,too expensive,0,30.2,2,9.0,2023-11
A-d77f4c,DevTools,Basic,2023-11-10,,0,too expensive,0,30.2,2,9.0,2023-11
A-d77f4c,DevTools,Pro,2024-03-31,,294,,0,25.5,2,12.0,2024-03
A-d77f4c,DevTools,Pro,2024-03-31,,294,too expensive,0,25.5,2,12.0,2024-03
A-d77f4c,DevTools,Pro,2024-03-31,,294,too expensive,0,25.5,2,12.0,2024-03
A-d77f4c,DevTools,Basic,2024-10-10,,152,,0,19.2,2,9.3,2024-10
A-d77f4c,DevTools,Basic,2024-10-10,,152,too expensive,0,19.2,2,9.3,2024-10
A-d77f4c,DevTools,Basic,2024-10-10,,152,too expensive,0,19.2,2,9.3,2024-10
A-d77f4c,DevTools,Pro,2024-07-21,,343,,0,21.8,2,11.3,2024-07
A-d77f4c,DevTools,Pro,2024-07-21,,343,too expensive,0,21.8,2,11.3,2024-07
A-d77f4c,DevTools,Pro,2024-07-21,,343,too expensive,0,21.8,2,11.3,2024-07
A-d77f4c,DevTools,Basic,2023-10-24,2024-02-19,152,,1,3.9,2,9.8,2023-10
A-d77f4c,DevTools,Basic,2023-10-24,2024-02-19,152,too expensive,1,3.9,2,9.8,2023-10
A-d77f4c,DevTools,Basic,2023-10-24,2024-02-19,152,too expensive,1,3.9,2,9.8,2023-10
A-d77f4c,DevTools,Enterprise,2024-03-27,,2189,,0,25.6,2,9.0,2024-03
A-d77f4c,DevTools,Enterprise,2024-03-27,,2189,too expensive,0,25.6,2,9.0,2024-03
A-d77f4c,DevTools,Enterprise,2024-03-27,,2189,too expensive,0,25.6,2,9.0,2024-03
A-d77f4c,DevTools,Enterprise,2024-04-22,,18706,,0,24.8,2,10.7,2024-04
A-d77f4c,DevTools,Enterprise,2024-04-22,,18706,too expensive,0,24.8,2,10.7,2024-04
A-d77f4c,DevTools,Enterprise,2024-04-22,,18706,too expensive,0,24.8,2,10.7,2024-04
A-d77f4c,DevTools,Enterprise,2024-04-13,,1592,,0,25.1,2,8.5,2024-04
A-d77f4c,DevTools,Enterprise,2024-04-13,,1592,too expensive,0,25.1,2,8.5,2024-04
A-d77f4c,DevTools,Enterprise,2024-04-13,,1592,too expensive,0,25.1,2,8.5,2024-04
A-d77f4c,DevTools,Enterprise,2024-05-04,,2587,,0,24.4,2,11.0,2024-05
A-d77f4c,DevTools,Enterprise,2024-05-04,,2587,too expensive,0,24.4,2,11.0,2024-05
A-d77f4c,DevTools,Enterprise,2024-05-04,,2587,too expensive,0,24.4,2,11.0,2024-05
A-d77f4c,DevTools,Enterprise,2024-08-04,,4378,,0,21.4,2,14.3,2024-08
A-d77f4c,DevTools,Enterprise,2024-08-04,,4378,too expensive,0,21.4,2,14.3,2024-08
A-d77f4c,DevTools,Enterprise,2024-08-04,,4378,too expensive,0,21.4,2,14.3,2024-08
A-d77f4c,DevTools,Pro,2024-12-17,2024-12-18,196,,1,0.0,2,8.3,2024-12
A-d77f4c,DevTools,Pro,2024-12-17,2024-12-18,196,too expensive,1,0.0,2,8.3,2024-12
A-d77f4c,DevTools,Pro,2024-12-17,2024-12-18,196,too expensive,1,0.0,2,8.3,2024-12
A-d77f4c,DevTools,Enterprise,2024-07-04,,10945,,0,22.4,2,10.0,2024-07
A-d77f4c,DevTools,Enterprise,2024-07-04,,10945,too expensive,0,22.4,2,10.0,2024-07
A-d77f4c,DevTools,Enterprise,2024-07-04,,10945,too expensive,0,22.4,2,10.0,2024-07
A-d77f4c,DevTools,Enterprise,2024-11-20,,5771,,0,17.8,2,10.0,2024-11
A-d77f4c,DevTools,Enterprise,2024-11-20,,5771,too expensive,0,17.8,2,10.0,2024-11
A-d77f4c,DevTools,Enterprise,2024-11-20,,5771,too expensive,0,17.8,2,10.0,2024-11
A-d77f4c,DevTools,Pro,2024-02-29,,1421,,0,26.5,2,9.3,2024-02
A-d77f4c,DevTools,Pro,2024-02-29,,1421,too expensive,0,26.5,2,9.3,2024-02
A-d77f4c,DevTools,Pro,2024-02-29,,1421,too expensive,0,26.5,2,9.3,2024-02
A-ccabf0,HealthTech,Enterprise,2024-03-03,,2189,too expensive,0,26.4,4,8.0,2024-03
A-ccabf0,HealthTech,Enterprise,2024-03-03,,2189,too expensive,0,26.4,4,8.0,2024-03
A-ccabf0,HealthTech,Enterprise,2023-11-29,,11741,too expensive,0,29.5,4,10.0,2023-11
A-ccabf0,HealthTech,Enterprise,2023-11-29,,11741,too expensive,0,29.5,4,10.0,2023-11
A-ccabf0,HealthTech,Basic,2024-05-21,,323,too expensive,0,23.8,4,10.3,2024-05
A-ccabf0,HealthTech,Basic,2024-05-21,,323,too expensive,0,23.8,4,10.3,2024-05
A-ccabf0,HealthTech,Pro,2023-12-29,,1029,too expensive,0,28.6,4,8.3,2023-12
A-ccabf0,HealthTech,Pro,2023-12-29,,1029,too expensive,0,28.6,4,8.3,2023-12
A-ccabf0,HealthTech,Enterprise,2024-01-05,,2587,too expensive,0,28.3,4,10.8,2024-01
A-ccabf0,HealthTech,Enterprise,2024-01-05,,2587,too expensive,0,28.3,4,10.8,2024-01
A-ccabf0,HealthTech,Pro,2024-07-14,2024-12-04,98,too expensive,1,4.7,4,8.0,2024-07
A-ccabf0,HealthTech,Pro,2024-07-14,2024-12-04,98,too expensive,1,4.7,4,8.0,2024-07
A-ccabf0,HealthTech,Enterprise,2023-11-07,,3184,too expensive,0,30.3,4,10.3,2023-11
A-ccabf0,HealthTech,Enterprise,2023-11-07,,3184,too expensive,0,30.3,4,10.3,2023-11
A-ccabf0,HealthTech,Basic,2024-10-15,2024-11-06,0,too expensive,1,0.7,4,10.5,2024-10
A-ccabf0,HealthTech,Basic,2024-10-15,2024-11-06,0,too expensive,1,0.7,4,10.5,2024-10
A-ccabf0,HealthTech,Pro,2023-11-18,,1029,too expensive,0,29.9,4,13.3,2023-11
A-ccabf0,HealthTech,Pro,2023-11-18,,1029,too expensive,0,29.9,4,13.3,2023-11
A-ccabf0,HealthTech,Enterprise,2024-09-09,,199,too expensive,0,20.2,4,12.0,2024-09
A-ccabf0,HealthTech,Enterprise,2024-09-09,,199,too expensive,0,20.2,4,12.0,2024-09
A-700ade,Cybersecurity,Pro,2024-11-11,,588,,0,18.1,4,8.0,2024-11
A-700ade,Cybersecurity,Pro,2024-12-23,,49,,0,16.7,4,10.7,2024-12
A-700ade,Cybersecurity,Basic,2024-12-29,,950,,0,16.5,4,9.5,2024-12
A-700ade,Cybersecurity,Pro,2024-11-17,2024-12-31,1225,,1,1.4,4,11.2,2024-11
A-700ade,Cybersecurity,Basic,2024-11-25,,133,,0,17.6,4,13.0,2024-11
A-700ade,Cybersecurity,Enterprise,2024-11-07,,2587,,0,18.2,4,9.8,2024-11
A-700ade,Cybersecurity,Enterprise,2024-11-20,2024-12-04,1791,,1,0.5,4,8.3,2024-11
A-700ade,Cybersecurity,Enterprise,2024-11-19,,9552,,0,17.8,4,9.8,2024-11
A-4a4c2d,DevTools,Basic,2023-07-14,,1026,,0,34.1,5,11.7,2023-07
A-4a4c2d,DevTools,Pro,2024-04-16,,0,,0,25.0,5,9.5,2024-04
A-4a4c2d,DevTools,Basic,2023-08-11,,1026,,0,33.2,5,10.5,2023-08
A-4a4c2d,DevTools,Basic,2024-02-23,,0,,0,26.7,5,8.0,2024-02
A-4a4c2d,DevTools,Basic,2024-10-03,,1026,,0,19.4,5,9.0,2024-10
A-4a4c2d,DevTools,Pro,2024-12-11,,2646,,0,17.1,5,10.0,2024-12
A-4a4c2d,DevTools,Basic,2024-09-18,,1026,,0,19.9,5,9.5,2024-09
A-4a4c2d,DevTools,Basic,2023-07-04,,1026,,0,34.4,5,8.8,2023-07
A-4a4c2d,DevTools,Basic,2023-07-03,2024-01-25,1026,,1,6.8,5,11.0,2023-07
A-4a4c2d,DevTools,Enterprise,2023-12-25,,10746,,0,28.7,5,11.0,2023-12
A-4a4c2d,DevTools,Enterprise,2023-09-20,,10746,,0,31.8,5,12.0,2023-09
A-4a4c2d,DevTools,Basic,2024-07-08,,1026,,0,22.2,5,8.3,2024-07
A-4a4c2d,DevTools,Pro,2024-02-02,,2646,,0,27.4,5,10.3,2024-02
A-b7ef83,Cybersecurity,Basic,2024-11-20,,152,missing features,0,17.8,2,11.2,2024-11
A-b7ef83,Cybersecurity,Basic,2024-11-20,,152,too expensive,0,17.8,2,11.2,2024-11
A-b7ef83,Cybersecurity,Pro,2024-06-29,,1274,missing features,0,22.5,2,7.3,2024-06
A-b7ef83,Cybersecurity,Pro,2024-06-29,,1274,too expensive,0,22.5,2,7.3,2024-06
A-b7ef83,Cybersecurity,Basic,2024-06-12,,437,missing features,0,23.1,2,10.6,2024-06
A-b7ef83,Cybersecurity,Basic,2024-06-12,,437,too expensive,0,23.1,2,10.6,2024-06
A-b7ef83,Cybersecurity,Pro,2024-09-16,,1519,missing features,0,19.9,2,11.8,2024-09
A-b7ef83,Cybersecurity,Pro,2024-09-16,,1519,too expensive,0,19.9,2,11.8,2024-09
A-b7ef83,Cybersecurity,Enterprise,2024-10-20,,398,missing features,0,18.8,2,11.0,2024-10
A-b7ef83,Cybersecurity,Enterprise,2024-10-20,,398,too expensive,0,18.8,2,11.0,2024-10
A-b7ef83,Cybersecurity,Enterprise,2024-06-20,,2587,missing features,0,22.8,2,11.3,2024-06
A-b7ef83,Cybersecurity,Enterprise,2024-06-20,,2587,too expensive,0,22.8,2,11.3,2024-06
A-b7ef83,Cybersecurity,Enterprise,2024-07-01,,5174,missing features,0,22.5,2,11.0,2024-07
A-b7ef83,Cybersecurity,Enterprise,2024-07-01,,5174,too expensive,0,22.5,2,11.0,2024-07
A-b7ef83,Cybersecurity,Enterprise,2024-09-14,,1791,missing features,0,20.0,2,7.5,2024-09
A-b7ef83,Cybersecurity,Enterprise,2024-09-14,,1791,too expensive,0,20.0,2,7.5,2024-09
A-b7ef83,Cybersecurity,Basic,2024-06-29,,817,missing features,0,22.5,2,11.5,2024-06
A-b7ef83,Cybersecurity,Basic,2024-06-29,,817,too expensive,0,22.5,2,11.5,2024-06
A-b7ef83,Cybersecurity,Pro,2024-12-30,,588,missing features,0,16.5,2,7.6,2024-12
A-b7ef83,Cybersecurity,Pro,2024-12-30,,588,too expensive,0,16.5,2,7.6,2024-12
A-b7ef83,Cybersecurity,Pro,2024-10-29,,833,missing features,0,18.5,2,9.7,2024-10
A-b7ef83,Cybersecurity,Pro,2024-10-29,,833,too expensive,0,18.5,2,9.7,2024-10
A-b7ef83,Cybersecurity,Enterprise,2024-06-21,,1592,missing features,0,22.8,2,8.0,2024-06
A-b7ef83,Cybersecurity,Enterprise,2024-06-21,,1592,too expensive,0,22.8,2,8.0,2024-06
A-b7ef83,Cybersecurity,Enterprise,2024-11-08,,8756,missing features,0,18.2,2,10.0,2024-11
A-b7ef83,Cybersecurity,Enterprise,2024-11-08,,8756,too expensive,0,18.2,2,10.0,2024-11
A-b7ef83,Cybersecurity,Enterprise,2024-12-06,2024-12-10,8955,missing features,1,0.1,2,10.8,2024-12
A-b7ef83,Cybersecurity,Enterprise,2024-12-06,2024-12-10,8955,too expensive,1,0.1,2,10.8,2024-12
A-b7ef83,Cybersecurity,Enterprise,2024-09-18,,995,missing features,0,19.9,2,12.7,2024-09
A-b7ef83,Cybersecurity,Enterprise,2024-09-18,,995,too expensive,0,19.9,2,12.7,2024-09
A-e08cd3,FinTech,Pro,2024-10-01,2024-12-21,3283,switched to competitor,1,2.7,8,11.1,2024-10
A-e08cd3,FinTech,Pro,2024-10-01,2024-12-21,3283,too expensive,1,2.7,8,11.1,2024-10
A-e08cd3,FinTech,Pro,2024-11-23,,3283,switched to competitor,0,17.7,8,10.2,2024-11
A-e08cd3,FinTech,Pro,2024-11-23,,3283,too expensive,0,17.7,8,10.2,2024-11
A-e08cd3,FinTech,Enterprise,2024-11-10,,13333,switched to competitor,0,18.1,8,8.0,2024-11
A-e08cd3,FinTech,Enterprise,2024-11-10,,13333,too expensive,0,18.1,8,8.0,2024-11
A-e08cd3,FinTech,Pro,2024-12-08,,3283,switched to competitor,0,17.2,8,10.0,2024-12
A-e08cd3,FinTech,Pro,2024-12-08,,3283,too expensive,0,17.2,8,10.0,2024-12
A-e08cd3,FinTech,Basic,2024-12-25,,1273,switched to competitor,0,16.7,8,10.0,2024-12
A-e08cd3,FinTech,Basic,2024-12-25,,1273,too expensive,0,16.7,8,10.0,2024-12
A-e08cd3,FinTech,Enterprise,2024-12-14,,0,switched to competitor,0,17.0,8,0.0,2024-12
A-e08cd3,FinTech,Enterprise,2024-12-14,,0,too expensive,0,17.0,8,0.0,2024-12
A-e08cd3,FinTech,Enterprise,2024-10-16,,13333,switched to competitor,0,19.0,8,9.3,2024-10
A-e08cd3,FinTech,Enterprise,2024-10-16,,13333,too expensive,0,19.0,8,9.3,2024-10
A-e08cd3,FinTech,Pro,2024-10-11,,3283,switched to competitor,0,19.1,8,7.0,2024-10
A-e08cd3,FinTech,Pro,2024-10-11,,3283,too expensive,0,19.1,8,7.0,2024-10
A-e08cd3,FinTech,Enterprise,2024-10-31,,13333,switched to competitor,0,18.5,8,10.4,2024-10
A-e08cd3,FinTech,Enterprise,2024-10-31,,13333,too expensive,0,18.5,8,10.4,2024-10
A-e08cd3,FinTech,Enterprise,2024-10-20,,13333,switched to competitor,0,18.8,8,11.3,2024-10
A-e08cd3,FinTech,Enterprise,2024-10-20,,13333,too expensive,0,18.8,8,11.3,2024-10
A-e08cd3,FinTech,Pro,2024-09-30,,3283,switched to competitor,0,19.5,8,8.3,2024-09
A-e08cd3,FinTech,Pro,2024-09-30,,3283,too expensive,0,19.5,8,8.3,2024-09
A-19b2c8,DevTools,Basic,2023-07-12,,380,missing features,0,34.1,3,9.6,2023-07
A-19b2c8,DevTools,Enterprise,2024-10-25,,3980,missing features,0,18.7,3,9.3,2024-10
A-19b2c8,DevTools,Enterprise,2024-01-05,,3980,missing features,0,28.3,3,10.2,2024-01
A-19b2c8,DevTools,Pro,2023-06-19,,1617,missing features,0,34.9,3,8.0,2023-06
A-19b2c8,DevTools,Enterprise,2024-02-10,,3980,missing features,0,27.1,3,12.0,2024-02
A-19b2c8,DevTools,Basic,2023-08-01,,418,missing features,0,33.5,3,6.5,2023-08
A-19b2c8,DevTools,Pro,2024-05-18,,980,missing features,0,23.9,3,9.2,2024-05
A-19b2c8,DevTools,Pro,2023-07-31,,980,missing features,0,33.5,3,10.0,2023-07
A-19b2c8,DevTools,Enterprise,2024-08-30,,0,missing features,0,20.5,3,7.8,2024-08
A-19b2c8,DevTools,Basic,2023-08-06,,380,missing features,0,33.3,3,15.0,2023-08
A-19b2c8,DevTools,Enterprise,2023-11-06,,3980,missing features,0,30.3,3,8.0,2023-11
A-19b2c8,DevTools,Basic,2024-07-12,,456,missing features,0,22.1,3,10.5,2024-07
A-19b2c8,DevTools,Enterprise,2024-07-20,,5572,missing features,0,21.8,3,9.2,2024-07
A-970c97,HealthTech,Enterprise,2024-03-23,,2786,,0,25.8,1,10.8,2024-03
A-970c97,HealthTech,Pro,2024-07-13,,686,,0,22.1,1,11.2,2024-07
A-970c97,HealthTech,Pro,2024-11-02,,1421,,0,18.4,1,8.3,2024-11
A-970c97,HealthTech,Enterprise,2024-03-06,,2786,,0,26.3,1,12.5,2024-03
A-970c97,HealthTech,Pro,2024-11-04,,686,,0,18.3,1,8.5,2024-11
A-970c97,HealthTech,Pro,2024-12-16,,931,,0,17.0,1,10.3,2024-12
A-970c97,HealthTech,Enterprise,2024-07-14,,5572,,0,22.0,1,10.0,2024-07
A-970c97,HealthTech,Basic,2024-12-15,2024-12-21,513,,1,0.2,1,9.8,2024-12
A-6dee43,FinTech,Basic,2024-01-21,,228,switched to competitor,0,27.8,5,8.0,2024-01
A-6dee43,FinTech,Enterprise,2023-10-31,,2388,switched to competitor,0,30.5,5,11.3,2023-10
A-6dee43,FinTech,Enterprise,2024-04-05,,15920,switched to competitor,0,25.3,5,11.8,2024-04
A-6dee43,FinTech,Pro,2024-04-27,,147,switched to competitor,0,24.6,5,11.5,2024-04
A-6dee43,FinTech,Pro,2024-10-16,,0,switched to competitor,0,19.0,5,6.3,2024-10
A-6dee43,FinTech,Basic,2024-03-15,,57,switched to competitor,0,26.0,5,9.5,2024-03
A-6dee43,FinTech,Basic,2023-10-22,,114,switched to competitor,0,30.8,5,8.5,2023-10
A-6dee43,FinTech,Pro,2024-08-11,2024-10-23,2695,switched to competitor,1,2.4,5,8.0,2024-08
A-6dee43,FinTech,Basic,2024-07-29,,437,switched to competitor,0,21.6,5,9.0,2024-07
A-6dee43,FinTech,Pro,2024-05-15,,784,switched to competitor,0,24.0,5,8.0,2024-05
A-6dee43,FinTech,Enterprise,2024-05-27,,0,switched to competitor,0,23.6,5,11.0,2024-05
A-5ed98d,DevTools,Enterprise,2024-06-28,,4776,missing features,0,22.6,5,10.5,2024-06
A-5ed98d,DevTools,Enterprise,2024-06-28,,4776,missing features,0,22.6,5,10.5,2024-06
A-5ed98d,DevTools,Basic,2024-12-21,,0,missing features,0,16.8,5,8.7,2024-12
A-5ed98d,DevTools,Basic,2024-12-21,,0,missing features,0,16.8,5,8.7,2024-12
A-5ed98d,DevTools,Basic,2024-12-20,,1026,missing features,0,16.8,5,7.4,2024-12
A-5ed98d,DevTools,Basic,2024-12-20,,1026,missing features,0,16.8,5,7.4,2024-12
A-5ed98d,DevTools,Enterprise,2024-07-18,,4776,missing features,0,21.9,5,10.7,2024-07
A-5ed98d,DevTools,Enterprise,2024-07-18,,4776,missing features,0,21.9,5,10.7,2024-07
A-5ed98d,DevTools,Pro,2024-11-01,,1176,missing features,0,18.4,5,8.0,2024-11
A-5ed98d,DevTools,Pro,2024-11-01,,1176,missing features,0,18.4,5,8.0,2024-11
A-5ed98d,DevTools,Pro,2024-09-08,,1176,missing features,0,20.2,5,11.0,2024-09
A-5ed98d,DevTools,Pro,2024-09-08,,1176,missing features,0,20.2,5,11.0,2024-09
A-5ed98d,DevTools,Pro,2024-11-25,,1372,missing features,0,17.6,5,11.0,2024-11
A-5ed98d,DevTools,Pro,2024-11-25,,1372,missing features,0,17.6,5,11.0,2024-11
A-5ed98d,DevTools,Pro,2024-08-14,,1176,missing features,0,21.0,5,11.6,2024-08
A-5ed98d,DevTools,Pro,2024-08-14,,1176,missing features,0,21.0,5,11.6,2024-08
A-c58f49,EdTech,Basic,2024-11-02,,0,switched to competitor,0,18.4,3,11.7,2024-11
A-c58f49,EdTech,Basic,2024-11-02,,0,too expensive,0,18.4,3,11.7,2024-11
A-c58f49,EdTech,Basic,2024-11-02,,0,too expensive,0,18.4,3,11.7,2024-11
A-c58f49,EdTech,Enterprise,2024-10-15,,13930,switched to competitor,0,19.0,3,10.6,2024-10
A-c58f49,EdTech,Enterprise,2024-10-15,,13930,too expensive,0,19.0,3,10.6,2024-10
A-c58f49,EdTech,Enterprise,2024-10-15,,13930,too expensive,0,19.0,3,10.6,2024-10
A-c58f49,EdTech,Enterprise,2024-11-24,,13930,switched to competitor,0,17.7,3,8.0,2024-11
A-c58f49,EdTech,Enterprise,2024-11-24,,13930,too expensive,0,17.7,3,8.0,2024-11
A-c58f49,EdTech,Enterprise,2024-11-24,,13930,too expensive,0,17.7,3,8.0,2024-11
A-c58f49,EdTech,Enterprise,2024-09-13,,13930,switched to competitor,0,20.0,3,6.5,2024-09
A-c58f49,EdTech,Enterprise,2024-09-13,,13930,too expensive,0,20.0,3,6.5,2024-09
A-c58f49,EdTech,Enterprise,2024-09-13,,13930,too expensive,0,20.0,3,6.5,2024-09
A-c58f49,EdTech,Basic,2024-08-10,,1330,switched to competitor,0,21.2,3,9.6,2024-08
A-c58f49,EdTech,Basic,2024-08-10,,1330,too expensive,0,21.2,3,9.6,2024-08
A-c58f49,EdTech,Basic,2024-08-10,,1330,too expensive,0,21.2,3,9.6,2024-08
A-c58f49,EdTech,Enterprise,2024-10-05,,13930,switched to competitor,0,19.3,3,9.7,2024-10
A-c58f49,EdTech,Enterprise,2024-10-05,,13930,too expensive,0,19.3,3,9.7,2024-10
A-c58f49,EdTech,Enterprise,2024-10-05,,13930,too expensive,0,19.3,3,9.7,2024-10
A-c58f49,EdTech,Enterprise,2024-11-07,,13930,switched to competitor,0,18.2,3,8.4,2024-11
A-c58f49,EdTech,Enterprise,2024-11-07,,13930,too expensive,0,18.2,3,8.4,2024-11
A-c58f49,EdTech,Enterprise,2024-11-07,,13930,too expensive,0,18.2,3,8.4,2024-11
A-9c18c4,HealthTech,Pro,2024-03-03,,539,,0,26.4,4,11.0,2024-03
A-9c18c4,HealthTech,Enterprise,2023-11-30,,2388,,0,29.5,4,9.5,2023-11
A-9c18c4,HealthTech,Enterprise,2024-10-13,,2189,,0,19.1,4,10.8,2024-10
A-9c18c4,HealthTech,Enterprise,2023-12-26,,2189,,0,28.6,4,7.0,2023-12
A-9c18c4,HealthTech,Basic,2023-08-09,2024-10-14,228,,1,14.2,4,9.5,2023-08
A-9c18c4,HealthTech,Enterprise,2023-08-29,2024-02-22,3781,,1,5.8,4,8.0,2023-08
A-9c18c4,HealthTech,Enterprise,2023-12-20,,3781,,0,28.8,4,10.8,2023-12
A-9c18c4,HealthTech,Enterprise,2024-07-30,,0,,0,21.5,4,11.0,2024-07
A-9c18c4,HealthTech,Enterprise,2024-09-07,,2189,,0,20.2,4,10.0,2024-09
A-9c18c4,HealthTech,Pro,2023-12-15,,539,,0,29.0,4,10.5,2023-12
A-cc8c8f,DevTools,Basic,2024-07-16,2024-09-05,0,missing features,1,1.7,2,9.0,2024-07
A-cc8c8f,DevTools,Enterprise,2024-06-21,,5572,missing features,0,22.8,2,8.8,2024-06
A-cc8c8f,DevTools,Enterprise,2024-11-27,,4577,missing features,0,17.6,2,10.2,2024-11
A-cc8c8f,DevTools,Basic,2024-10-07,,437,missing features,0,19.3,2,7.7,2024-10
A-cc8c8f,DevTools,Enterprise,2024-12-17,,4577,missing features,0,16.9,2,10.8,2024-12
A-cc8c8f,DevTools,Basic,2024-07-26,,437,missing features,0,21.7,2,13.3,2024-07
A-cc8c8f,DevTools,Basic,2024-12-19,,0,missing features,0,16.9,2,8.0,2024-12
A-5f7781,DevTools,Enterprise,2024-10-14,,4378,,0,19.0,2,11.5,2024-10
A-5f7781,DevTools,Enterprise,2024-09-07,,4378,,0,20.2,2,9.0,2024-09
A-5f7781,DevTools,Pro,2024-12-07,,1078,,0,17.2,2,10.0,2024-12
A-5f7781,DevTools,Basic,2024-09-13,,418,,0,20.0,2,7.0,2024-09
A-5f7781,DevTools,Pro,2024-08-27,,0,,0,20.6,2,10.7,2024-08
A-e1b9cd,DevTools,Basic,2024-01-03,,760,switched to competitor,0,28.4,1,10.7,2024-01
A-e1b9cd,DevTools,Pro,2023-11-05,,3822,switched to competitor,0,30.3,1,9.8,2023-11
A-e1b9cd,DevTools,Basic,2024-01-09,,760,switched to competitor,0,28.2,1,9.5,2024-01
A-e1b9cd,DevTools,Basic,2023-05-24,2024-08-25,760,switched to competitor,1,15.1,1,10.6,2023-05
A-e1b9cd,DevTools,Pro,2023-03-21,2024-12-04,1960,switched to competitor,1,20.5,1,9.0,2023-03
A-e1b9cd,DevTools,Basic,2024-09-28,,760,switched to competitor,0,19.5,1,9.6,2024-09
A-e1b9cd,DevTools,Pro,2024-12-24,,1960,switched to competitor,0,16.7,1,11.8,2024-12
A-e1b9cd,DevTools,Pro,2024-12-05,,1960,switched to competitor,0,17.3,1,10.3,2024-12
A-e1b9cd,DevTools,Pro,2023-11-25,,1960,switched to competitor,0,29.7,1,10.3,2023-11
A-e1b9cd,DevTools,Enterprise,2024-02-04,,7960,switched to competitor,0,27.3,1,9.1,2024-02
A-e1b9cd,DevTools,Pro,2024-09-28,,0,switched to competitor,0,19.5,1,10.1,2024-09
A-e1b9cd,DevTools,Basic,2024-05-22,,760,switched to competitor,0,23.8,1,10.7,2024-05
A-e1b9cd,DevTools,Enterprise,2023-11-24,2024-06-27,7960,switched to competitor,1,7.1,1,11.0,2023-11
A-e1b9cd,DevTools,Basic,2024-03-30,,760,switched to competitor,0,25.5,1,12.7,2024-03
A-e1b9cd,DevTools,Pro,2023-05-28,,4900,switched to competitor,0,35.6,1,10.8,2023-05
A-ac85cd,EdTech,Pro,2024-11-09,2024-12-18,2597,,1,1.3,3,9.9,2024-11
A-ac85cd,EdTech,Pro,2024-11-09,2024-12-18,2597,,1,1.3,3,9.9,2024-11
A-ac85cd,EdTech,Basic,2024-11-11,,1007,,0,18.1,3,10.5,2024-11
A-ac85cd,EdTech,Basic,2024-11-11,,1007,,0,18.1,3,10.5,2024-11
A-ac85cd,EdTech,Enterprise,2024-11-30,,12139,,0,17.5,3,12.5,2024-11
A-ac85cd,EdTech,Enterprise,2024-11-30,,12139,,0,17.5,3,12.5,2024-11
A-ac85cd,EdTech,Basic,2024-09-26,2024-12-13,1007,,1,2.6,3,10.3,2024-09
A-ac85cd,EdTech,Basic,2024-09-26,2024-12-13,1007,,1,2.6,3,10.3,2024-09
A-ac85cd,EdTech,Basic,2024-12-03,,1007,,0,17.4,3,7.3,2024-12
A-ac85cd,EdTech,Basic,2024-12-03,,1007,,0,17.4,3,7.3,2024-12
A-ac85cd,EdTech,Pro,2024-08-16,,2597,,0,21.0,3,10.3,2024-08
A-ac85cd,EdTech,Pro,2024-08-16,,2597,,0,21.0,3,10.3,2024-08
A-ac85cd,EdTech,Pro,2024-12-24,,2597,,0,16.7,3,11.3,2024-12
A-ac85cd,EdTech,Pro,2024-12-24,,2597,,0,16.7,3,11.3,2024-12
A-ac85cd,EdTech,Basic,2024-08-02,,1007,,0,21.4,3,10.9,2024-08
A-ac85cd,EdTech,Basic,2024-08-02,,1007,,0,21.4,3,10.9,2024-08
A-ac85cd,EdTech,Basic,2024-12-09,2024-12-18,0,,1,0.3,3,11.5,2024-12
A-ac85cd,EdTech,Basic,2024-12-09,2024-12-18,0,,1,0.3,3,11.5,2024-12
A-ac85cd,EdTech,Enterprise,2024-12-23,,10547,,0,16.7,3,10.0,2024-12
A-ac85cd,EdTech,Enterprise,2024-12-23,,10547,,0,16.7,3,10.0,2024-12
A-ac85cd,EdTech,Pro,2024-10-13,,2597,,0,19.1,3,8.5,2024-10
A-ac85cd,EdTech,Pro,2024-10-13,,2597,,0,19.1,3,8.5,2024-10
A-ac85cd,EdTech,Pro,2024-12-26,,4165,,0,16.6,3,9.8,2024-12
A-ac85cd,EdTech,Pro,2024-12-26,,4165,,0,16.6,3,9.8,2024-12
A-d792a6,DevTools,Basic,2024-01-01,,0,missing features,0,28.5,5,9.0,2024-01
A-d792a6,DevTools,Basic,2024-01-01,,0,too expensive,0,28.5,5,9.0,2024-01
A-d792a6,DevTools,Enterprise,2023-04-21,,2388,missing features,0,36.8,5,11.5,2023-04
A-d792a6,DevTools,Enterprise,2023-04-21,,2388,too expensive,0,36.8,5,11.5,2023-04
A-d792a6,DevTools,Pro,2024-01-26,,1764,missing features,0,27.6,5,5.5,2024-01
A-d792a6,DevTools,Pro,2024-01-26,,1764,too expensive,0,27.6,5,5.5,2024-01
A-d792a6,DevTools,Basic,2023-09-03,2024-03-04,95,missing features,1,6.0,5,11.3,2023-09
A-d792a6,DevTools,Basic,2023-09-03,2024-03-04,95,too expensive,1,6.0,5,11.3,2023-09
A-d792a6,DevTools,Enterprise,2024-09-27,,0,missing features,0,19.6,5,8.6,2024-09
A-d792a6,DevTools,Enterprise,2024-09-27,,0,too expensive,0,19.6,5,8.6,2024-09
A-d792a6,DevTools,Enterprise,2023-10-13,,796,missing features,0,31.1,5,12.0,2023-10
A-d792a6,DevTools,Enterprise,2023-10-13,,796,too expensive,0,31.1,5,12.0,2023-10
A-d792a6,DevTools,Basic,2023-08-01,,399,missing features,0,33.5,5,11.5,2023-08
A-d792a6,DevTools,Basic,2023-08-01,,399,too expensive,0,33.5,5,11.5,2023-08
A-d792a6,DevTools,Pro,2023-02-06,,1813,missing features,0,39.3,5,8.2,2023-02
A-d792a6,DevTools,Pro,2023-02-06,,1813,too expensive,0,39.3,5,8.2,2023-02
A-d792a6,DevTools,Pro,2023-03-18,,0,missing features,0,37.9,5,10.4,2023-03
A-d792a6,DevTools,Pro,2023-03-18,,0,too expensive,0,37.9,5,10.4,2023-03
A-d792a6,DevTools,Enterprise,2023-04-04,,0,missing features,0,37.4,5,11.3,2023-04
A-d792a6,DevTools,Enterprise,2023-04-04,,0,too expensive,0,37.4,5,11.3,2023-04
A-d792a6,DevTools,Enterprise,2024-10-17,,12935,missing features,0,18.9,5,11.3,2024-10
A-d792a6,DevTools,Enterprise,2024-10-17,,12935,too expensive,0,18.9,5,11.3,2024-10
A-d792a6,DevTools,Basic,2023-02-17,,76,missing features,0,38.9,5,8.5,2023-02
A-d792a6,DevTools,Basic,2023-02-17,,76,too expensive,0,38.9,5,8.5,2023-02
A-d792a6,DevTools,Pro,2024-04-26,,196,missing features,0,24.6,5,9.5,2024-04
A-d792a6,DevTools,Pro,2024-04-26,,196,too expensive,0,24.6,5,9.5,2024-04
A-d792a6,DevTools,Enterprise,2024-07-04,,796,missing features,0,22.4,5,13.0,2024-07
A-d792a6,DevTools,Enterprise,2024-07-04,,796,too expensive,0,22.4,5,13.0,2024-07
A-d792a6,DevTools,Enterprise,2023-05-31,,1791,missing features,0,35.5,5,9.7,2023-05
A-d792a6,DevTools,Enterprise,2023-05-31,,1791,too expensive,0,35.5,5,9.7,2023-05
A-ac9111,HealthTech,Basic,2023-10-09,2024-06-20,399,missing features,1,8.4,3,10.4,2023-10
A-ac9111,HealthTech,Pro,2024-03-06,,1029,missing features,0,26.3,3,10.6,2024-03
A-ac9111,HealthTech,Basic,2024-10-18,,399,missing features,0,18.9,3,10.2,2024-10
A-ac9111,HealthTech,Basic,2024-12-21,,399,missing features,0,16.8,3,8.5,2024-12
A-ac9111,HealthTech,Pro,2024-07-07,,1127,missing features,0,22.3,3,10.4,2024-07
A-ac9111,HealthTech,Enterprise,2024-02-18,,0,missing features,0,26.9,3,8.0,2024-02
A-ac9111,HealthTech,Enterprise,2024-06-16,,4179,missing features,0,23.0,3,10.0,2024-06
A-ac9111,HealthTech,Basic,2023-10-04,,399,missing features,0,31.4,3,9.3,2023-10
A-ac9111,HealthTech,Pro,2023-09-06,,2009,missing features,0,32.3,3,11.1,2023-09
A-ac9111,HealthTech,Enterprise,2024-10-30,,0,missing features,0,18.5,3,10.0,2024-10
A-ac9111,HealthTech,Pro,2024-08-18,,1029,missing features,0,20.9,3,9.3,2024-08
A-ac9111,HealthTech,Enterprise,2024-11-13,,6368,missing features,0,18.0,3,5.0,2024-11
A-ac9111,HealthTech,Enterprise,2024-12-21,,4179,missing features,0,16.8,3,8.7,2024-12
A-ac9111,HealthTech,Basic,2023-10-04,2024-01-01,399,missing features,1,2.9,3,10.7,2023-10
A-ac9111,HealthTech,Enterprise,2024-08-26,,4179,missing features,0,20.6,3,8.7,2024-08
A-ac9111,HealthTech,Basic,2024-09-06,,532,missing features,0,20.3,3,7.8,2024-09
A-18793f,EdTech,Enterprise,2024-12-19,,29452,,0,16.9,5,8.0,2024-12
A-18793f,EdTech,Pro,2024-12-19,,7252,,0,16.9,5,11.2,2024-12
A-18793f,EdTech,Pro,2024-12-29,,7252,,0,16.5,5,12.0,2024-12
A-18793f,EdTech,Pro,2024-12-29,,7252,,0,16.5,5,8.0,2024-12
A-18793f,EdTech,Basic,2024-12-20,2024-12-29,2812,,1,0.3,5,11.2,2024-12
A-18793f,EdTech,Enterprise,2024-12-24,,0,,0,16.7,5,8.0,2024-12
A-18793f,EdTech,Pro,2024-12-23,,7252,,0,16.7,5,7.0,2024-12
A-18793f,EdTech,Basic,2024-12-24,,2812,,0,16.7,5,10.3,2024-12
A-18793f,EdTech,Pro,2024-12-19,,7252,,0,16.9,5,13.5,2024-12
A-18793f,EdTech,Basic,2024-12-30,,0,,0,16.5,5,10.6,2024-12
A-18793f,EdTech,Pro,2024-12-25,,7252,,0,16.7,5,11.0,2024-12
A-9f0b68,EdTech,Enterprise,2024-07-20,,6567,,0,21.8,3,11.0,2024-07
A-9f0b68,EdTech,Enterprise,2024-07-20,,6567,too expensive,0,21.8,3,11.0,2024-07
A-9f0b68,EdTech,Enterprise,2024-09-02,,2587,,0,20.4,3,9.5,2024-09
A-9f0b68,EdTech,Enterprise,2024-09-02,,2587,too expensive,0,20.4,3,9.5,2024-09
A-9f0b68,EdTech,Enterprise,2024-10-02,,2985,,0,19.4,3,9.3,2024-10
A-9f0b68,EdTech,Enterprise,2024-10-02,,2985,too expensive,0,19.4,3,9.3,2024-10
A-9f0b68,EdTech,Pro,2024-11-30,,0,,0,17.5,3,9.6,2024-11
A-9f0b68,EdTech,Pro,2024-11-30,,0,too expensive,0,17.5,3,9.6,2024-11
A-9f0b68,EdTech,Enterprise,2024-10-19,,6766,,0,18.9,3,9.9,2024-10
A-9f0b68,EdTech,Enterprise,2024-10-19,,6766,too expensive,0,18.9,3,9.9,2024-10
A-9f0b68,EdTech,Basic,2024-05-17,,418,,0,24.0,3,10.1,2024-05
A-9f0b68,EdTech,Basic,2024-05-17,,418,too expensive,0,24.0,3,10.1,2024-05
A-9f0b68,EdTech,Enterprise,2024-10-08,,1990,,0,19.2,3,8.0,2024-10
A-9f0b68,EdTech,Enterprise,2024-10-08,,1990,too expensive,0,19.2,3,8.0,2024-10
A-9f0b68,EdTech,Enterprise,2024-06-14,,1990,,0,23.0,3,11.2,2024-06
A-9f0b68,EdTech,Enterprise,2024-06-14,,1990,too expensive,0,23.0,3,11.2,2024-06
A-9f0b68,EdTech,Basic,2024-08-09,,684,,0,21.2,3,9.0,2024-08
A-9f0b68,EdTech,Basic,2024-08-09,,684,too expensive,0,21.2,3,9.0,2024-08
A-9f0b68,EdTech,Basic,2024-11-28,,266,,0,17.5,3,12.0,2024-11
A-9f0b68,EdTech,Basic,2024-11-28,,266,too expensive,0,17.5,3,12.0,2024-11
A-9f0b68,EdTech,Pro,2024-10-16,,882,,0,19.0,3,10.6,2024-10
A-9f0b68,EdTech,Pro,2024-10-16,,882,too expensive,0,19.0,3,10.6,2024-10
A-9f0b68,EdTech,Enterprise,2024-08-04,,3383,,0,21.4,3,11.6,2024-08
A-9f0b68,EdTech,Enterprise,2024-08-04,,3383,too expensive,0,21.4,3,11.6,2024-08
A-d3c88e,DevTools,Pro,2024-10-27,,784,too expensive,0,18.6,3,10.7,2024-10
A-d3c88e,DevTools,Enterprise,2024-11-19,,3184,too expensive,0,17.8,3,7.8,2024-11
A-d3c88e,DevTools,Enterprise,2024-12-13,,3184,too expensive,0,17.1,3,11.2,2024-12
A-d3c88e,DevTools,Pro,2024-11-02,,784,too expensive,0,18.4,3,10.2,2024-11
A-d3c88e,DevTools,Basic,2024-12-24,,399,too expensive,0,16.7,3,17.0,2024-12
A-d3c88e,DevTools,Basic,2024-12-16,,304,too expensive,0,17.0,3,9.7,2024-12
A-d3c88e,DevTools,Enterprise,2024-10-23,,3184,too expensive,0,18.7,3,10.0,2024-10
A-d3c88e,DevTools,Basic,2024-12-10,,304,too expensive,0,17.2,3,10.3,2024-12
A-d3c88e,DevTools,Enterprise,2024-12-28,,9353,too expensive,0,16.6,3,9.5,2024-12
A-d3c88e,DevTools,Basic,2024-10-27,,0,too expensive,0,18.6,3,9.0,2024-10
A-d3c88e,DevTools,Basic,2024-11-01,,0,too expensive,0,18.4,3,10.4,2024-11
A-d3c88e,DevTools,Enterprise,2024-12-29,,3184,too expensive,0,16.5,3,8.6,2024-12
A-d3c88e,DevTools,Pro,2024-12-03,,1519,too expensive,0,17.4,3,11.7,2024-12
A-ccb686,DevTools,Enterprise,2024-03-23,,0,,0,25.8,1,10.8,2024-03
A-ccb686,DevTools,Enterprise,2024-03-23,,0,,0,25.8,1,10.8,2024-03
A-ccb686,DevTools,Enterprise,2024-03-23,,0,switched to competitor,0,25.8,1,10.8,2024-03
A-ccb686,DevTools,Pro,2024-08-16,,1029,,0,21.0,1,11.3,2024-08
A-ccb686,DevTools,Pro,2024-08-16,,1029,,0,21.0,1,11.3,2024-08
A-ccb686,DevTools,Pro,2024-08-16,,1029,switched to competitor,0,21.0,1,11.3,2024-08
A-ccb686,DevTools,Pro,2024-10-06,,1421,,0,19.3,1,8.6,2024-10
A-ccb686,DevTools,Pro,2024-10-06,,1421,,0,19.3,1,8.6,2024-10
A-ccb686,DevTools,Pro,2024-10-06,,1421,switched to competitor,0,19.3,1,8.6,2024-10
A-ccb686,DevTools,Enterprise,2024-12-06,,1990,,0,17.3,1,11.6,2024-12
A-ccb686,DevTools,Enterprise,2024-12-06,,1990,,0,17.3,1,11.6,2024-12
A-ccb686,DevTools,Enterprise,2024-12-06,,1990,switched to competitor,0,17.3,1,11.6,2024-12
A-ccb686,DevTools,Basic,2024-12-11,,209,,0,17.1,1,11.6,2024-12
A-ccb686,DevTools,Basic,2024-12-11,,209,,0,17.1,1,11.6,2024-12
A-ccb686,DevTools,Basic,2024-12-11,,209,switched to competitor,0,17.1,1,11.6,2024-12
A-ccb686,DevTools,Pro,2024-06-20,,931,,0,22.8,1,10.8,2024-06
A-ccb686,DevTools,Pro,2024-06-20,,931,,0,22.8,1,10.8,2024-06
A-ccb686,DevTools,Pro,2024-06-20,,931,switched to competitor,0,22.8,1,10.8,2024-06
A-ccb686,DevTools,Basic,2024-05-04,2024-10-10,190,,1,5.2,1,9.9,2024-05
A-ccb686,DevTools,Basic,2024-05-04,2024-10-10,190,,1,5.2,1,9.9,2024-05
A-ccb686,DevTools,Basic,2024-05-04,2024-10-10,190,switched to competitor,1,5.2,1,9.9,2024-05
A-ccb686,DevTools,Enterprise,2024-08-22,,10547,,0,20.8,1,11.3,2024-08
A-ccb686,DevTools,Enterprise,2024-08-22,,10547,,0,20.8,1,11.3,2024-08
A-ccb686,DevTools,Enterprise,2024-08-22,,10547,switched to competitor,0,20.8,1,11.3,2024-08
A-ccb686,DevTools,Pro,2024-04-17,,0,,0,24.9,1,9.5,2024-04
A-ccb686,DevTools,Pro,2024-04-17,,0,,0,24.9,1,9.5,2024-04
A-ccb686,DevTools,Pro,2024-04-17,,0,switched to competitor,0,24.9,1,9.5,2024-04
A-ccb686,DevTools,Enterprise,2024-08-17,,1990,,0,20.9,1,10.3,2024-08
A-ccb686,DevTools,Enterprise,2024-08-17,,1990,,0,20.9,1,10.3,2024-08
A-ccb686,DevTools,Enterprise,2024-08-17,,1990,switched to competitor,0,20.9,1,10.3,2024-08
A-ccb686,DevTools,Pro,2024-02-28,,2548,,0,26.5,1,9.1,2024-02
A-ccb686,DevTools,Pro,2024-02-28,,2548,,0,26.5,1,9.1,2024-02
A-ccb686,DevTools,Pro,2024-02-28,,2548,switched to competitor,0,26.5,1,9.1,2024-02
A-ccb686,DevTools,Pro,2024-02-02,,686,,0,27.4,1,8.5,2024-02
A-ccb686,DevTools,Pro,2024-02-02,,686,,0,27.4,1,8.5,2024-02
A-ccb686,DevTools,Pro,2024-02-02,,686,switched to competitor,0,27.4,1,8.5,2024-02
A-118f1c,Cybersecurity,Basic,2024-12-23,,608,,0,16.7,1,11.2,2024-12
A-118f1c,Cybersecurity,Enterprise,2024-11-11,,6368,,0,18.1,1,11.0,2024-11
A-118f1c,Cybersecurity,Enterprise,2024-12-28,,6368,,0,16.6,1,9.2,2024-12
A-118f1c,Cybersecurity,Enterprise,2024-12-11,,6368,,0,17.1,1,11.8,2024-12
A-118f1c,Cybersecurity,Basic,2024-12-21,2024-12-31,608,,1,0.3,1,8.2,2024-12
A-118f1c,Cybersecurity,Enterprise,2024-12-24,2024-12-26,25472,,1,0.1,1,8.8,2024-12
A-118f1c,Cybersecurity,Pro,2024-12-10,,0,,0,17.2,1,9.3,2024-12
A-118f1c,Cybersecurity,Enterprise,2024-10-31,,6368,,0,18.5,1,8.5,2024-10
A-0e966d,FinTech,Basic,2024-10-30,,418,,0,18.5,3,11.3,2024-10
A-0e966d,FinTech,Basic,2024-11-11,,665,,0,18.1,3,9.1,2024-11
A-0e966d,FinTech,Pro,2024-10-27,,2793,,0,18.6,3,10.5,2024-10
A-0e966d,FinTech,Basic,2024-11-26,2024-11-30,209,,1,0.1,3,12.3,2024-11
A-0e966d,FinTech,Basic,2024-09-03,,209,,0,20.4,3,9.0,2024-09
A-0e966d,FinTech,Basic,2024-09-05,,209,,0,20.3,3,10.0,2024-09
A-0e966d,FinTech,Enterprise,2024-11-15,,2189,,0,18.0,3,9.5,2024-11
A-0e966d,FinTech,Enterprise,2024-06-30,,4577,,0,22.5,3,9.9,2024-06
A-0e966d,FinTech,Pro,2024-09-06,,637,,0,20.3,3,9.8,2024-09
A-0e966d,FinTech,Pro,2024-10-02,,539,,0,19.4,3,9.2,2024-10
A-0e966d,FinTech,Pro,2024-08-17,,0,,0,20.9,3,11.3,2024-08
A-b9f5b1,Cybersecurity,Basic,2024-06-23,,285,switched to competitor,0,22.7,6,8.3,2024-06
A-b9f5b1,Cybersecurity,Enterprise,2023-03-12,,0,switched to competitor,0,38.1,6,12.0,2023-03
A-b9f5b1,Cybersecurity,Enterprise,2024-07-25,,2985,switched to competitor,0,21.7,6,10.6,2024-07
A-b9f5b1,Cybersecurity,Basic,2024-08-11,,817,switched to competitor,0,21.1,6,9.3,2024-08
A-b9f5b1,Cybersecurity,Enterprise,2023-10-31,,0,switched to competitor,0,30.5,6,11.4,2023-10
A-b9f5b1,Cybersecurity,Enterprise,2024-05-04,2024-09-29,0,switched to competitor,1,4.9,6,11.0,2024-05
A-b9f5b1,Cybersecurity,Enterprise,2024-10-15,,2985,switched to competitor,0,19.0,6,12.0,2024-10
A-8ae3fc,DevTools,Basic,2024-11-22,,171,,0,17.7,4,13.0,2024-11
A-8ae3fc,DevTools,Enterprise,2024-10-12,,0,,0,19.1,4,9.3,2024-10
A-8ae3fc,DevTools,Basic,2024-09-09,,171,,0,20.2,4,10.7,2024-09
A-8ae3fc,DevTools,Pro,2024-09-20,,441,,0,19.8,4,9.2,2024-09
A-8ae3fc,DevTools,Basic,2024-07-17,,589,,0,21.9,4,10.2,2024-07
A-8ae3fc,DevTools,Pro,2024-08-06,,1029,,0,21.3,4,9.3,2024-08
A-8ae3fc,DevTools,Pro,2024-09-17,,1666,,0,19.9,4,11.7,2024-09
A-8ae3fc,DevTools,Basic,2024-12-16,,380,,0,17.0,4,10.3,2024-12
A-55f257,FinTech,Pro,2024-02-16,,637,,0,26.9,6,9.2,2024-02
A-55f257,FinTech,Enterprise,2024-01-12,,0,,0,28.1,6,8.4,2024-01
A-55f257,FinTech,Enterprise,2024-08-19,,4179,,0,20.9,6,9.2,2024-08
A-55f257,FinTech,Basic,2024-07-31,,0,,0,21.5,6,8.8,2024-07
A-55f257,FinTech,Pro,2024-01-18,,441,,0,27.9,6,9.0,2024-01
A-55f257,FinTech,Pro,2024-06-29,,1176,,0,22.5,6,9.5,2024-06
A-55f257,FinTech,Pro,2024-03-15,,441,,0,26.0,6,8.2,2024-03
A-55f257,FinTech,Enterprise,2024-01-24,,4577,,0,27.7,6,7.7,2024-01
A-55f257,FinTech,Pro,2024-03-06,,686,,0,26.3,6,10.0,2024-03
A-55f257,FinTech,Basic,2024-06-05,,0,,0,23.3,6,9.8,2024-06
A-d26ab4,DevTools,Enterprise,2024-11-08,,0,too expensive,0,18.2,2,10.0,2024-11
A-d26ab4,DevTools,Enterprise,2024-12-20,,3582,too expensive,0,16.8,2,9.8,2024-12
A-d26ab4,DevTools,Enterprise,2024-11-21,,5373,too expensive,0,17.8,2,9.0,2024-11
A-d26ab4,DevTools,Basic,2024-11-20,,209,too expensive,0,17.8,2,9.3,2024-11
A-d26ab4,DevTools,Enterprise,2024-12-27,,6567,too expensive,0,16.6,2,7.0,2024-12
A-d26ab4,DevTools,Pro,2024-12-09,,0,too expensive,0,17.2,2,9.0,2024-12
A-d26ab4,DevTools,Basic,2024-11-21,,0,too expensive,0,17.8,2,12.3,2024-11
A-d26ab4,DevTools,Pro,2024-11-13,2024-11-30,882,too expensive,1,0.6,2,12.3,2024-11
A-d26ab4,DevTools,Pro,2024-11-18,,0,too expensive,0,17.9,2,10.0,2024-11
A-712533,EdTech,Basic,2023-11-23,,684,missing features,0,29.7,5,8.6,2023-11
A-712533,EdTech,Pro,2024-01-19,,1078,missing features,0,27.9,5,11.8,2024-01
A-712533,EdTech,Enterprise,2023-08-13,,0,missing features,0,33.1,5,8.6,2023-08
A-712533,EdTech,Basic,2024-11-27,,456,missing features,0,17.6,5,9.0,2024-11
A-712533,EdTech,Enterprise,2024-01-06,,3582,missing features,0,28.3,5,9.5,2024-01
A-712533,EdTech,Pro,2024-12-05,,882,missing features,0,17.3,5,12.0,2024-12
A-712533,EdTech,Basic,2024-04-26,,0,missing features,0,24.6,5,8.8,2024-04
A-712533,EdTech,Basic,2023-11-09,,342,missing features,0,30.2,5,7.3,2023-11
A-712533,EdTech,Enterprise,2024-07-15,,3582,missing features,0,22.0,5,12.4,2024-07
A-712533,EdTech,Enterprise,2024-11-18,,3582,missing features,0,17.9,5,13.0,2024-11
A-712533,EdTech,Pro,2024-10-26,,3430,missing features,0,18.6,5,11.3,2024-10
A-712533,EdTech,Pro,2024-10-01,,1764,missing features,0,19.5,5,11.3,2024-10
A-781cc0,EdTech,Basic,2024-12-08,,228,,0,17.2,4,9.3,2024-12
A-781cc0,EdTech,Basic,2024-12-08,,228,too expensive,0,17.2,4,9.3,2024-12
A-781cc0,EdTech,Enterprise,2024-09-18,,2388,,0,19.9,4,10.0,2024-09
A-781cc0,EdTech,Enterprise,2024-09-18,,2388,too expensive,0,19.9,4,10.0,2024-09
A-781cc0,EdTech,Basic,2024-09-24,,646,,0,19.7,4,10.7,2024-09
A-781cc0,EdTech,Basic,2024-09-24,,646,too expensive,0,19.7,4,10.7,2024-09
A-781cc0,EdTech,Basic,2024-10-08,,304,,0,19.2,4,10.0,2024-10
A-781cc0,EdTech,Basic,2024-10-08,,304,too expensive,0,19.2,4,10.0,2024-10
A-781cc0,EdTech,Pro,2024-11-10,,980,,0,18.1,4,7.5,2024-11
A-781cc0,EdTech,Pro,2024-11-10,,980,too expensive,0,18.1,4,7.5,2024-11
A-781cc0,EdTech,Enterprise,2024-10-17,,4378,,0,18.9,4,10.5,2024-10
A-781cc0,EdTech,Enterprise,2024-10-17,,4378,too expensive,0,18.9,4,10.5,2024-10
A-781cc0,EdTech,Basic,2024-09-07,,228,,0,20.2,4,10.8,2024-09
A-781cc0,EdTech,Basic,2024-09-07,,228,too expensive,0,20.2,4,10.8,2024-09
A-781cc0,EdTech,Basic,2024-10-18,,399,,0,18.9,4,8.8,2024-10
A-781cc0,EdTech,Basic,2024-10-18,,399,too expensive,0,18.9,4,8.8,2024-10
A-781cc0,EdTech,Pro,2024-10-09,,0,,0,19.2,4,9.2,2024-10
A-781cc0,EdTech,Pro,2024-10-09,,0,too expensive,0,19.2,4,9.2,2024-10
A-781cc0,EdTech,Basic,2024-10-30,,228,,0,18.5,4,9.0,2024-10
A-781cc0,EdTech,Basic,2024-10-30,,228,too expensive,0,18.5,4,9.0,2024-10
A-781cc0,EdTech,Pro,2024-11-01,2024-11-02,1372,,1,0.0,4,9.0,2024-11
A-781cc0,EdTech,Pro,2024-11-01,2024-11-02,1372,too expensive,1,0.0,4,9.0,2024-11
A-781cc0,EdTech,Pro,2024-11-01,,0,,0,18.4,4,9.8,2024-11
A-781cc0,EdTech,Pro,2024-11-01,,0,too expensive,0,18.4,4,9.8,2024-11
A-781cc0,EdTech,Enterprise,2024-09-18,,2388,,0,19.9,4,13.0,2024-09
A-781cc0,EdTech,Enterprise,2024-09-18,,2388,too expensive,0,19.9,4,13.0,2024-09
A-781cc0,EdTech,Enterprise,2024-11-30,,0,,0,17.5,4,12.0,2024-11
A-781cc0,EdTech,Enterprise,2024-11-30,,0,too expensive,0,17.5,4,12.0,2024-11
A-781cc0,EdTech,Enterprise,2024-09-19,2024-11-24,2388,,1,2.2,4,9.5,2024-09
A-781cc0,EdTech,Enterprise,2024-09-19,2024-11-24,2388,too expensive,1,2.2,4,9.5,2024-09
A-781cc0,EdTech,Enterprise,2024-09-04,,2388,,0,20.3,4,10.0,2024-09
A-781cc0,EdTech,Enterprise,2024-09-04,,2388,too expensive,0,20.3,4,10.0,2024-09
